clean	[<none>]  |  <none>marlowwz  has joined!
clean	[<none>]  |  <none>packkkiller  has joined!
clean	idh perms
clean	fah
clean	wait
clean	oh
clean	can u unban
clean	then ban again
clean	i think ryan or bob do have perms
clean	do u have op
clean	or no
clean	no
clean	oh ok
clean	thats all
clean	bob and ryan do
clean	ima hop on gilded now
clean	alr
clean	[<none>]  |  <none>can_senpai66  has joined!
clean	[<none>]  |  <none>notrohitmc  has joined!
clean	hey guys any1 here muslim ?
clean	me
clean	by where ?
clean	what
clean	from where ?
clean	ur country
clean	india
clean	mm
clean	u muslim
clean	i from eygpt and muslim but
clean	yup
clean	oo
clean	well idk why he do that
clean	[<none>]  |  <none>shadowmechyt  has joined!
clean	[<gradient:#1c1a1a:#fcd05c>♦ donutclear</gradient>]</gray> clearing in 30s!
clean	[<none>]  |  <none>itx_ryxnyt  has joined!
clean	[<none>]  |  <none>mtyri  has joined!
clean	wtff
clean	yo
clean	hi
clean	didnt expect u to be on ngl
clean	im on
clean	ik
clean	anyways
clean	im working on a replaymod for the server
clean	and also
clean	stop pinging bro :sobpray:
clean	yeaaaaaaaaaaaaaa
clean	@dead chat
clean	ping
clean	son
clean	wait do @strix
clean	imagine it works :sob:
clean	strix
clean	@strix
clean	i think strix doesnt have logs
clean	do u still have perms
clean	"you don't have permission!"
clean	nthn
clean	and i still cant rtp
clean	btw
clean	ye
clean	bro
clean	anyways bye
clean	hey why you quiting?
clean	alr now bye
clean	yo mtyri
clean	wsp
clean	hey xthevaz_
clean	wait wth
clean	idh tpa perms
clean	mtyri u dont had per for tht
clean	xthevaz_
clean	i cant do tpa
clean	mtyri i try i cant
clean	wdym
clean	anyone had xp far,
clean	fah lag
clean	xthevaz_ give me bro
clean	imma grind
clean	yo angelo
clean	tp mytri
clean	i cant
clean	wsg guys
clean	bupkee
clean	pumpkings i need something for tht
clean	waht do u need
clean	or outpost
clean	accept
clean	book?
clean	mytri
clean	food
clean	accept what?
clean	bye
clean	no msg on my screen
clean	wheres the book.?
clean	i grind and gave
clean	yo wth happpened here
clean	i cleaned it
clean	yo what did yall do
clean	[inv]
clean	bupkee yo
clean	roxiii have the ser home
clean	bupkee gimme the book
clean	i have it here gng
clean	come here
clean	yo no permission to tp mtyri
clean	ikd
clean	thats what im tellin u bro :sob:
clean	asdasd
clean	thank god
clean	asdasds
clean	asd
clean	hmm
clean	yep
clean	wait wtf
clean	dang
clean	no ones applying
clean	stfu
clean	we need bob in the trap bro
clean	oh wait
clean	dwdwdw
clean	plugin disabled
clean	it aint even logging
clean	exactly
clean	been up since 10pm
clean	its 7pm rn
clean	nether_pvp_lobby_v19_enhanced_middle_spawn.schem
clean	uhh
clean	lmao
clean	say bye bye
clean	retard
clean	what eles
clean	1s
clean	lets try
clean	fck
clean	fu..k
clean	fuk
clean	yo mahirt
clean	mahirabsar?
clean	yeah
clean	noo
clean	hahaahaa
clean	cool
clean	nice magic
clean	wtf
clean	fym say ahh
clean	uh
clean	idfk
clean	niew=aryar
clean	bro ran off
clean	get off creative
clean	and fix login
clean	youre on creative
clean	ong i aint
clean	sure
clean	look
clean	sonnnnn
clean	how
clean	why is eco off
clean	wym
clean	wow
clean	2 server selector
clean	its on but off?
clean	ya
clean	so n
clean	idkf
clean	nice redstone
clean	respawn
clean	if u dont u love mens
clean	alr i removed the redstone
clean	goood boyyy
clean	i may not have a brain
clean	slow motion
clean	but i have 200 iq
clean	sonn
clean	ye bye
clean	hegehe
clean	yea
clean	mtyri...
clean	put that away
clean	before you hurt yourself
clean	give that to me...
clean	ahhaahahahha
clean	hehheehehhe
clean	sir
clean	eco is brokn
clean	no way fr?
clean	yes
clean	i didnt know
clean	yes/
clean	bro getting cracked or what
clean	u are
clean	no/
clean	no//
clean	no///
clean	yes u gettin cracked
clean	can i get some crystals
clean	no crystals
clean	then some enderpearls
clean	mahir
clean	ryans resigning
clean	idgaf
clean	ill get more attention
clean	you shouldve not told ryan
clean	let me out
clean	let me out/
clean	let me out//
clean	let me out///
clean	not
clean	dont you dare drop tnt
clean	lol failed
clean	this didnt
clean	hahhahahahah
clean	aggagagagahahhaa
clean	hahahahahahahhaah
clean	ahhahahahahaahhaa
clean	ahahaahahahhheah
clean	haewhhahaahhahahaha
clean	hahahhahaahahah
clean	yo aimo
clean	yowai mo
clean	rawr
clean	didnt want bob v3
clean	can you break this block
clean	and
clean	give me one block
clean	or a trap door
clean	do me 2 favors ok?
clean	shh
clean	i was never here
clean	ima head to sleep
clean	gn
clean	flight und reach killaura und
clean	yo my good boy
clean	ajhahahahhaah
clean	sotpw
clean	sto
clean	bad boy
clean	idk
clean	just start eco already
clean	yo lwk
clean	being honest
clean	what i was abt to say
clean	dementia bro
clean	mahirabsar
clean	dih
clean	yoo mahirabsar
clean	lmaoo
clean	i swear ong
clean	weird
clean	bro finally joined
clean	hmmm
clean	owiere
clean	ok
clean	tf u want
clean	skill issue
clean	whos a good boy
clean	true
clean	so close yet so far
clean	ok tp to me
clean	shulker
clean	mtyri wsg
clean	alright who was using esp
clean	raafeh_yt1
clean	mtyri gng
clean	raafeh_yt1 ss
clean	mtyri lemme explain
clean	i wasnt
clean	he dont have dc.
clean	idh esp
clean	raad what?
clean	so uh
clean	we 3 were there
clean	raafeh_yt1 any way to screenshare?
clean	how can i even
clean	angelo told me in sign that angelo is here and he wants to kill me
clean	raad you cant explain anymore
clean	so
clean	raad here come
clean	xd
clean	kaizan
clean	give
clean	i have full render distance
clean	a good eyesight have xray irl?
clean	mtyri
clean	thats what u saying?
clean	bro im cooked
clean	was
clean	in
clean	time
clean	like
clean	day
clean	did
clean	no u werent angelo dont lie
clean	he
clean	daw
clean	inside
clean	the
clean	its anarchy
clean	mtyri just press alt + f4 the solution sonion
clean	i mean 1
clean	cheats aint allowed
clean	do u even know what anarchy means..
clean	ouu shiii
clean	raad are you dumb
clean	search it up gng
clean	heck nahhhh
clean	xdddddddddddddddddddddddddddddddd
clean	told you raad
clean	u even said it your self
clean	cheat aint allowed
clean	mtyri not everytyhing
clean	u can do any but cheat
clean	raafeh_yt1 even if u didnt use it
clean	like hacked clients are banned
clean	not everything
clean	you said
clean	just search it up
clean	thats how u saw me
clean	omfg
clean	just search it up mtyri
clean	brio
clean	bro can yall stfu lemme talk
clean	mtyri listenn
clean	ay shut up all
clean	and i only use fullbright
clean	he said
clean	mtyri listen
clean	raad wait
clean	vro
clean	atleast u didnt used cheats
clean	now
clean	raafeh_yt1 having meteor is still bannable
clean	he saying he didnt used it.
clean	raad?
clean	u can search it up
clean	raad
clean	omfg.
clean	wat
clean	all /tp varzesh_kar
clean	bro ik
clean	are u that dumb
clean	ouu shii
clean	yea it shoyld only
clean	broo ik
clean	kaizan wait
clean	it legit says no cheats raad
clean	u know its a cheat
clean	where
clean	lobby
clean	its not a cheattttt
clean	alr wait lemme check
clean	in the menu
clean	dont leave raafeh_yt1
clean	see?
clean	do u see the white text up there
clean	i can leave any sec
clean	i playing for 2 hours
clean	are you dumb
clean	go check it
clean	sno
clean	kaizan?
clean	it says no cheating and also that white text
clean	tell me one thing
clean	yk what im checking
clean	x ray is banned too?
clean	its a cheat
clean	no way u this dumn
clean	explain why xray isnt acheat raad
clean	explain
clean	eveeryone used this
clean	u can see anemies hiding in xray to
clean	that*
clean	can
clean	see
clean	enemies
clean	so now ur gonna ban everyone?
clean	hiding
clean	with
clean	xrau
clean	everyone used xray
clean	raad are you mentally ok?
clean	dude
clean	ima call bob rn
clean	go check up the white text urself.
clean	the op bas etheeee mace
clean	noooooooooooooooooooooooooooooo
clean	varzesh_kar accept
clean	bruh
clean	check dc
clean	im legit checking rn raad
clean	who fight mee
clean	me is complent
clean	kldhk
clean	raafeh_yt1 urs
clean	raad gave me
clean	sorry vro
clean	kill
clean	fast
clean	fast'w
clean	gimme his gears
clean	gimme pic
clean	what about raafeh_yt1
clean	why me?
clean	fym why me
clean	kill him
clean	gave gears
clean	ok nice
clean	pant where
clean	leggins
clean	ayan wsp
clean	ayaan_yt_gg_123 accept i need some gears
clean	here
clean	brah
clean	bob
clean	legit everyone left
clean	angelo
clean	yo dog
clean	yoo
clean	idh anything in my inv
clean	u have a waterbucket and a white sheild in your inv only?
clean	whf
clean	where di d u die
clean	my freacking loots
clean	in tht farm
clean	accept thedog
clean	imma see ur base
clean	btw its not mine
clean	thedogeshop i dont tp anyone
clean	thedogeshop thts hellos right
clean	t-t
clean	im out man
clean	tp me there
clean	its not hellos bae
clean	whos
clean	a guy called kroniv
clean	why did u grief this bawe
clean	base
clean	me not angelo
clean	bru angelo is hacker ik
clean	what bse
clean	what base
clean	u said base
clean	its not ,ine
clean	mine*
clean	bro its not mine
clean	ur frnds
clean	he will kill me
clean	bro i dont like wat u are doing
clean	i said its not my base
clean	are u dumb
clean	i said enough times bor
clean	i tp u to enderman farm
clean	then tp me
clean	lol
clean	farm
clean	first u
clean	nah first u
clean	huh
clean	wsp mytri
clean	bru
clean	im crine
clean	sonion
clean	idk who that is
clean	brochaco
clean	sup bro
clean	whats up
clean	wsp mtyri
clean	can i have a starter kit
clean	i built tank
clean	hospital policestaion star bucks and military
clean	uh nice ig?
clean	so w
clean	waht u wanna order
clean	stop tping me :sob:
clean	ma gosh turn on pvp bru
clean	wth
clean	mtyri wsp
clean	im gonna crash out at ryan
clean	istg
clean	bro still hasnt given me my perms
clean	and i still cant rtp or tpa
clean	tyyyyyyyyyyyyyyyy
clean	mine
clean	ww
clean	can i have a totem
clean	heyy
clean	im stacked now i js need totes
clean	yo raafeh_yt1
clean	wht
clean	mine here
clean	yoy take
clean	you
clean	bionc accpet
clean	atleast they are alive
clean	ima get xp
clean	can anyone give food
clean	ill give u a ely
clean	:d
clean	if u share
clean	uh fine
clean	kinda trash rn
clean	no stop
clean	great
clean	well time to grief
clean	jk
clean	as
clean	itx_ryxnyt give me my perms now.
clean	i like to touch
clean	later
clean	why is ryxn and mtyri sonions here
clean	get out mybase dawg
clean	raad shut up
clean	fine :(
clean	if u dont give me my perms rn
clean	im strike u for member disrespect :)
clean	yp
clean	good boy ryan
clean	acc
clean	nice
clean	and i cant rtp or tpa ffs
clean	theres a chest
clean	wallah
clean	mtyri broo
clean	mtyri it says u dont have tpaccept permission when i tp to u
clean	fym ouu shi
clean	raad idh perms
clean	done :(
clean	mtyri bro
clean	itx_ryxnyt i still cant rtp
clean	i have more perms then u noob
clean	or tpa
clean	raad i can mute u yk
clean	ngl
clean	staff abuse
clean	gng
clean	before u destroy all the minecarts your gonna be dead
clean	i wont mute a good boy yk
clean	admin abjse good
clean	i dont see u at spawn mtyri
clean	don
clean	itx_ryxnyt udid nothing
clean	i still cant tpa or rtp
clean	womp womp
clean	fym womp womp
clean	fym fym
clean	im gay
clean	sonnn
clean	bro angelo chill out
clean	who wants the raad files
clean	can u now :(
clean	noooo
clean	noooooo
clean	imma send in dms
clean	raad its ggs
clean	i will bet all my savings
clean	who wants it
clean	lmaooo
clean	ryan
clean	itx_ryxnyt bro there is no chat rules..
clean	i want to report soemthijg
clean	skill issue raad
clean	in anarchyt
clean	itx_ryxnyt bro there is no chat rules.. in anarchy bro
clean	then create ticket
clean	ticket for what bro
clean	itx_ryxnyt give me rtp perms
clean	wha
clean	i have it brk
clean	back
clean	what if
clean	itx_ryxnyt
clean	oh finally
clean	u.
clean	itx_ryxnyt bro mtyri said racims and n word is allowed in anarchy chat ;-;
clean	why cant i see though clothes with xray something might be wrong
clean	try it
clean	nah like fr
clean	mtyri say the n word
clean	fr
clean	stinky tofu is good
clean	stinky feet
clean	itx_ryxnyt idh perms to mute now
clean	what did u do
clean	who said that
clean	noob
clean	im best gooner
clean	if i time come
clean	fym gooner
clean	your muslim
clean	itx_ryxnyt fym womp womp
clean	free femboy pix
clean	raad we know u goon to bob dw
clean	u have perms now
clean	i dont
clean	poblox rorn
clean	ye he goons to bob
clean	i like fembots
clean	op
clean	in the dc
clean	i swear i'll lock this chat rn
clean	itx_ryxnyt if u do ur a femboy
clean	femboy need more talks
clean	release the raad files
clean	now give me my litebans perms itx_ryxnyt
clean	who wants raad files
clean	,e
clean	ne
clean	bet
clean	wwwwwwwwwwwwwww
clean	hloooooooooooo\
clean	itx_ryxnyt give me perms for litebans
clean	u have it bro
clean	staff disrespect mtyri
clean	demote
clean	ez
clean	raad stfu
clean	im afraid of the dark
clean	ur not in the group my bad :sob:
clean	can i use baritone
clean	nega
clean	alr im leaking the files
clean	u disrespect higher staff
clean	nub
clean	dihrrspect
clean	staff can i use baritone
clean	mb
clean	mtyri accept ked
clean	kid
clean	why did u set home here
clean	home
clean	accept raad
clean	at
clean	i set home when i saw xp ferm
clean	ay
clean	look ts
clean	i need xp
clean	advertising itx_ryxnyt?
clean	do you wsnt me to dehome
clean	nice files
clean	i didn't say nthn
clean	u did
clean	angeli
clean	ur soft advertising
clean	bro w files
clean	i dehome
clean	still advertising yk
clean	watch this
clean	guys
clean	itx_ryxnyt mute em
clean	why
clean	u do it
clean	tme
clean	its not a server
clean	its joke
clean	its gooning mc
clean	bro raad stupid
clean	its not advertising
clean	its a joke
clean	noool we allow it
clean	fackable
clean	thats dih touching rules
clean	not raad
clean	mc server
clean	dih touching rules bro
clean	itx_ryxnyt asnwer
clean	or im banning u
clean	fine
clean	idh
clean	mtyri stop yapping relwaee raad files
clean	aww man
clean	bro wants perms and he just started :skull:
clean	guys im in dihpressio
clean	guys im in dihpression
clean	hw
clean	didn't ask
clean	geras
clean	raafeh_yt1 yo
clean	bro missed
clean	u want dihmond armor
clean	what if im a femboy
clean	anyway bye
clean	<e
clean	me"a
clean	yo?
clean	idfk what happened
clean	asdsadasdd
clean	ayy
clean	sonnnn
clean	asdasdasdqasdasd
clean	ouu shi
clean	asdasdasd
clean	ok good
clean	omfg finally
clean	obr
clean	is this just a platfrm
clean	i didnt set the lobby up yet
clean	all good all good
clean	like seriously
clean	i tried everything
clean	do you need him to join?
clean	im trying to get him to join
clean	yeah but why?
clean	i can join on his acc but he cant join at all
clean	fahh
clean	im joining on my other mc instanfe
clean	like it works for me
clean	ik how to add voicechattt
clean	ik how to add it
clean	kk
clean	lemme be a developer for experience:)
clean	no :)
clean	how long is ur experience in coding?
clean	get outta here
clean	wahhh
clean	im actually about to crash out at rohit
clean	huh?
clean	idk that user also;-;
clean	ey y u kick me
clean	like im genuinely about to crash out
clean	i didnt
clean	eh??
clean	why'd i get kicked :sob:
clean	timed out for something
clean	but anyway
clean	why are you so desperate to let him join bruv
clean	probably the only way to let him join is if i add some way to let him join without the proxy
clean	i dont understand the existence of owners/co-owners/founders
clean	owners = own it
clean	co owners = some what own it?
clean	whats that;-;
clean	for the hub
clean	waw
clean	so um what are we doing here exactly?
clean	honestly
clean	idk why that even happens rn
clean	cya
clean	finally
clean	fg
clean	urgently
clean	i leave the base
clean	my
clean	dc
clean	why not
clean	im the chosen one
clean	messi the chosen one
clean	wym hes nah
clean	wait what was i even here fore
clean	for
clean	oh right
clean	i js dont know what
clean	i was right
clean	i miss
clean	tuff
clean	to ?
clean	6 bane mai 7 ke laya tha
clean	milii
clean	sharm to nahi hai appme
clean	nope
clean	ha
clean	ajaa
clean	chq
clean	tu nichee
clean	1enchted apple lele
clean	fortune se ,ine kareo
clean	afk rq
clean	yeah im cooked
clean	ill help
clean	ill tpa to you
clean	tpa
clean	i alr ran away anyway
clean	uh oh
clean	how do i mine for u
clean	no need ill make pick
clean	this is fire with shaders ngl
clean	my pc cant handle shaders ig
clean	mine can
clean	300fps
clean	wf
clean	im not using bsl
clean	which
clean	let me try bsl
clean	bsl is also 300 fps
clean	ultra is 250-300
clean	did my pc take enhancment drugs or what
clean	16 chunks bro
clean	how tf
clean	ship me ur pc
clean	grr
clean	so scary
clean	brl
clean	im gonna nuke spawn with 100k tnts
clean	i wanna go farlands bro
clean	there is no border
clean	sonm
clean	i cant mine
clean	im at 3 hunger and half my hp rn
clean	ill give food
clean	i have no gear
clean	there
clean	good boy
clean	coal
clean	i egit said i have no gear
clean	what did you expect
clean	coal is not rare gng
clean	wsp kaizan
clean	wsp ya
clean	u have coals?
clean	idh ya sry
clean	oh np
clean	why do you even need coal
clean	tourch
clean	bye lemme go bahroom
clean	i mean
clean	ur godo
clean	good
clean	what does that even mean
clean	ro
clean	spvp
clean	cpvp
clean	cart
clean	mace
clean	none
clean	etc
clean	yoooo
clean	business
clean	wait yk icemc socrates?
clean	whats socrates
clean	how do you not know him
clean	the ragebait guy
clean	who asks questions
clean	socreats?
clean	like this
clean	:sob:
clean	ill just kill baltop 1
clean	u wanna be ht1?
clean	ht1
clean	in what exactly
clean	ill train u bro
clean	maybe i can score 1-10 againts a ht1
clean	like swight or itz
clean	do it then
clean	ur cooked
clean	yeah i aint riskin this bro
clean	baby zombie is terrifying bro
clean	i cant even land a shot
clean	hit*
clean	max neth 0 - baby zombie 2
clean	ginger
clean	give me
clean	coals
clean	this is new base
clean	torch
clean	so tuff
clean	raad are u using feather
clean	steven
clean	now what
clean	let me set home at farm bro
clean	bro i still hear this baby zombie
clean	spear
clean	i wanna try again
clean	borrow
clean	phantoms
clean	help
clean	wait brb
clean	raad i need eme and books
clean	i have emes
clean	oops
clean	more netherack
clean	lemme get
clean	i had raad
clean	hanad'
clean	how much stack u need raad
clean	like 2
clean	king
clean	i gave 5 stack
clean	tp to me
clean	stay here
clean	thts in my frnds base
clean	yes sir
clean	i cant tp u sry
clean	np
clean	mp means wht
clean	mtyri gtfo
clean	you too
clean	np means no problem
clean	you first
clean	nah
clean	i said you
clean	gngn
clean	brb
clean	sad day
clean	so true
clean	if only we could send gifs
clean	k wai t
clean	ty
clean	wait ima get ems
clean	okok
clean	mtyri what are you doin
clean	why?
clean	baby zombe
clean	yeah your cooked
clean	psl tell
clean	im jumping off
clean	totem farm
clean	lemm do tht way
clean	bro i cant
clean	raad 1min tp tome
clean	whats this
clean	base and xp farm
clean	dont tp anyone
clean	lemme try wait
clean	alr ig
clean	idk the recipe
clean	infine rockets farm
clean	hes gonna go sleep hmddd
clean	tell him this
clean	bro left
clean	k wait
clean	4 hopper and 4 chest right?
clean	al,r
clean	raad u need rockets call me
clean	alr means wht
clean	alright
clean	tht only i asked
clean	ask mtyri
clean	im older than you two dang
clean	im unc
clean	im 15
clean	how old r u
clean	unc
clean	bro i thought ur like 35
clean	raad get i gtg
clean	im not 35 raad
clean	if i was i would buy icemc rn
clean	but i dont
clean	whats the best song for chilling and motivation
clean	goosebumps
clean	honestly idk
clean	i like detruction ;-;
clean	im making tnts :)
clean	prob
clean	ima download it then
clean	eh
clean	since prac and eco have it banned
clean	it just shows the health why is it banned
clean	idk ask bob abt this
clean	i aint a pvp master
clean	pvp god*
clean	bob's pc is crazy
clean	300 fps with photon 16 chunks
clean	photon?
clean	photon is not normal shader
clean	the hell is photon
clean	its a ultra high end shader
clean	to run
clean	u will get 20 fps
clean	here goes nthn
clean	how much fps
clean	oh not so bad
clean	actually i lied
clean	with that
clean	settings?
clean	ur pc is better ;-;
clean	max i think
clean	ultra gives 220
clean	wish i had a pc like u
clean	ts costed like 900 usd also
clean	approx 900 usd
clean	mine gets 150 withjout shaders and ur gets 300 with shaders bro
clean	depends really
clean	rn im getting 180 while moving and having chat open
clean	yeah this isnt high end bro
clean	alr buddy
clean	try bliss shaders
clean	fps?
clean	200ish
clean	broo
clean	howw
clean	the secret is optimization
clean	my pc is optimized as hell
clean	yk
clean	there is a tpack and modpack combinations with bliss shaders that rtx 5090 strugles to get 30 fps
clean	20 fps with rtx 5090
clean	should i try it
clean	2048x tpack and some modpack
clean	with bliss shader
clean	bro dont try it
clean	ur pc will fry'
clean	tell me.
clean	bro im not joking
clean	let my pc fry
clean	5000$ pc failed to run it at 30 fps bro
clean	search on yt
clean	search what
clean	ill send u vid link
clean	in dc
clean	oh bro
clean	tell me what
clean	im not joking
clean	i mean i have no where near 98gb of ddr5 but whatever
clean	raad tuff 67
clean	its offline
clean	i told u abysstide
clean	t_t
clean	online now
clean	lag
clean	always
clean	baohost is good tho
clean	nah the best is atbp
clean	nah baohost is great i have played so many servers on tht
clean	try mine
clean	see for urslef
clean	ip
clean	ok stay here
clean	yo tuff raad
clean	join
clean	bro alr left
clean	dang norix745 he left you
clean	umm
clean	dead help
clean	nevermind mtyri
clean	im gonna diee
clean	if u wanna come then u r welcome
clean	to what
clean	raad im dead
clean	my server
clean	whats it abt
clean	much m uch better
clean	raad help accept tp u moron
clean	i was afk
clean	come check it out
clean	yo yo yo yo yo yoy oyoyoyoyoyyoyyoyoyoyo
clean	yikes
clean	yoyoyoyo
clean	oyoyoyo
clean	yoyooyoyoyy
clean	i warned you tbh
clean	yoooi
clean	bro why did u tempmute
clean	perm mute
clean	i mean permute
clean	come
clean	i never muted anyone who advertised
clean	raad bro
clean	tf
clean	hes trusted
clean	bro oh my godd
clean	bionclmao dont tp anyone here
clean	yessss
clean	tiagh
clean	yo who wants to tpa to me
clean	murder mtyri rn
clean	helpp
clean	hes heer
clean	heer
clean	hes right here
clean	ini a corner
clean	he aint
clean	hes running
clean	alright im leaking the coords
clean	run bro
clean	peak
clean	gng istg bionclmao
clean	im getting my payback istg
clean	nuh uh
clean	want me to get him on
clean	raadd
clean	raaad
clean	i have a bottle if you need
clean	i have
clean	dw
clean	how th did he gethere
clean	run
clean	daddy sorry
clean	meow
clean	lmao raad
clean	im blowing the mob farm
clean	good boyy
clean	dont keel me
clean	let me try something
clean	instant pop nige
clean	move
clean	guys dms rq
clean	something urgent
clean	dyde
clean	stp{
clean	stopp
clean	give totems
clean	idh totems
clean	totem
clean	ph
clean	welp
clean	rip raad
clean	wati
clean	where my helm,et
clean	bro wtf happened
clean	odl
clean	bro come
clean	u idiot
clean	take this
clean	accept tpa bro
clean	ga
clean	bionclmao
clean	nigg
clean	gng who said 67
clean	someone in vc said 76
clean	vex
clean	raad has
clean	oh nvm
clean	its the vc
clean	bionclmao mtyri
clean	come siwft
clean	swift
clean	yo guys join the best server
clean	u both come
clean	wher?
clean	idk the ip
clean	idk the ipt
clean	dont send it here
clean	msg me
clean	not msg
clean	lar
clean	bro msged me
clean	brp
clean	aight
clean	what is a high tier human to a low tier god
clean	tpa to get boom boom 67 to the head
clean	com
clean	hey guys i need money im new
clean	tp for loot drop worth 20b with youtubers and 9 elytra
clean	pay /domasend45 1m
clean	tp for loot
clean	tpa for free loot
clean	to
clean	tp i'm rich
clean	selling the best h0t m4p art for very ood value /h zyoxs
clean	7ah armor stand
clean	trust me pay me il pay 2x back
clean	tphere haster999
clean	selling base cord map arts cheap buy with /ah magentapanda63
clean	buying skelly 3m
clean	im supper supper broke can someone make my day and pay me  1mil
clean	selling skellysd
clean	tpa for raid
clean	pay me 1mil im poor
clean	thanks
clean	doubling all money sent to me
clean	tp to mi
clean	dear god
clean	anybody wanna tp, i just joined
clean	send tp request to buy mystery box
clean	selling mysteryboc
clean	tpa for mystery box
clean	tpa for netherite free for all
clean	is serer lagging a lot for eevryone too
clean	tuksen tp at
clean	selling raided base an1me map arts super cheap hurry and buy /ah magentapanda63
clean	selling the best h0t map art for cheap good value /ah zyoxs
clean	tpa for 1vs1 sword tp tp tpt pt ptp tp if u are not gai
clean	gg
clean	tp for mystery
clean	7s
clean	selling an1me super rare map art really cheap hurry before its gone /ah magentapanda63
clean	turksen tp at
clean	tp for free loot
clean	turksen tp a5
clean	tp im quitting free netherite stack
clean	tp for free villager base
clean	tpa for base
clean	tp i found end city
clean	tpa for neth duel
clean	tpa for free base
clean	selling an1me ultra rare map art cheap hurry before its out /ah magentapanda63
clean	tpa for fre loot
clean	tpa for 1m
clean	tphere
clean	vselling good big stash and base with regear stasion for 80 mil ngf
clean	500m lootdrop
clean	tp free loot
clean	tpa for loot
clean	tp go pvp dia
clean	tp for cookie
clean	free
clean	tpa for free stuff
clean	selling good big stash and base with regear stasion for 80 mil ngft
clean	java players say hi
clean	tpa for 400m lootdrop
clean	tp for feet 1 map for 100k
clean	tpp nowww 1m stash with 6 skelilies
clean	pa for 10000 million
clean	tpa for mystery boxes worth it good prices and a lot of loot
clean	tpa for neth loot
clean	tp for some loot
clean	turksen tp at est
clean	noobinne
clean	tpa for mystery boxes worth it good prices and a lot of loot 4u
clean	tpa for loor
clean	free loot
clean	tp me mystery box 2m
clean	who has good pickaxe
clean	tp i found an end city maybe elytra
clean	free loot for everyone
clean	dit me may
clean	tpa to get villager base!
clean	loot
clean	tpa for mistery box
clean	sell
clean	selling good big stash and base with regear stasion for 80 mil ngftv
clean	tpa for shulker box
clean	tp im quitting free netherite chestplate
clean	tpa for mystery boxes best prices
clean	who can help me
clean	ytselling good big stash and base with regear stasion for 80 mil ngf
clean	tpa for villigars
clean	making yt video tp for being in video
clean	tpa to kill mbm4444
clean	selling good big stash and base with regear stasion for 80 mil ngf
clean	6 skelilies and stash only 1m
clean	free 10m bounty here first one to kill me wins it
clean	tp im quitting
clean	ah resp
clean	-/rtp
clean	7ah strength
clean	ah observer stack
clean	teleport for loot
clean	mystery box
clean	.sell
clean	2f73554d
clean	tp to buy gear
clean	tpa for money
clean	tp for good
clean	sellign skellis only vc
clean	vc
clean	tpa for neth ones
clean	tp to buy neth chestpltae
clean	tp for lootdrop
clean	order mud
clean	anyone want to buy my farm 10m and produce 60mill per day
clean	gtg
clean	turk sevdalisi
clean	yooooo villlager
clean	tpa for dia one v one
clean	hub
clean	tpa for misetrery box
clean	tp to buy spawners
clean	come here i'm poor
clean	tp
clean	tpa for me base friends
clean	tp to buy skelle
clean	insurgency sandstorm
clean	\spawn
clean	tp for free money
clean	tpa for free basee
clean	tpa for nethrite
clean	elytra for 100m
clean	tp for 1vq
clean	um
clean	does anyone have iron pv me
clean	spawn
clean	anyone want to share my base im lonely
clean	com on
clean	tpa if new
clean	tp i found netherite
clean	tp me if you rich
clean	tp for
clean	tp me free loot
clean	netherits
clean	tpa for mystery gift
clean	tu veux des robux
clean	z/shop
clean	tpa for free gear
clean	tp to me for free loot
clean	i'm poor
clean	mine the roof
clean	ww#
clean	jew
clean	qui es5
clean	loot drop
clean	tpa for netherite loot
clean	wsw
clean	twawa
clean	tp i need money
clean	u said free loot
clean	rtp
clean	order
clean	orders blue
clean	sellign skellies only voice
clean	chat buy my maxed out kits on my ah
clean	tpaher
clean	selling skellies vc?
clean	buying skellies for 3.6m each 100% legit
clean	tpa for dia rns
clean	order m bones
clean	./tpahere me im buying skelly spawners
clean	tpa to buy skelly spawner or other spawners
clean	seling skelliesd
clean	how to get to spawn
clean	tpa if u wanna see the white house
clean	why are therre so many messenges
clean	totemmm
clean	i have a infinite shulker
clean	tp to me for free gear
clean	selling skellies
clean	esfesf
clean	tpa for ones
clean	asdt
clean	tpa for misetry box
clean	cz/sk
clean	fsefsef
clean	eewerwrewerw
clean	regffwfwef
clean	tpa for elytra
clean	guys tp
clean	vtselling good big stash and base with regear stasion for 80 mil ngf
clean	sell 25k
clean	nobody's gonna pay u son
clean	tp to zayed77 for a base
clean	tpahere
clean	tp to me race for 1m
clean	;ot tp
clean	tp me free loooot
clean	ah tripwire
clean	ah
clean	spawners
clean	dies
clean	7shop
clean	tpa for neth ffa
clean	tpa im doing 1m race
clean	:shop
clean	efes
clean	about here
clean	tpa for free netherite set
clean	tp for my base
clean	efsfs
clean	tp me for free money
clean	buying map arts
clean	tpa to me if u want 20kk freee
clean	hh
clean	ah iron
clean	tpa for lootdrop bring pickaxe and aqua affinity helmet guys!!!!
clean	tpa for loot drop
clean	hiiii
clean	tp for 2m base
clean	sop
clean	tpahere riptidecpvp
clean	vvselling good big stash and base with regear stasion for 80 mil ngf
clean	t/tpa tim_xd23
clean	anyone want free elytra
clean	tpa to me for loot like netherite
clean	selling skeles 300k!!!
clean	tp me for rated your base
clean	tp i found base
clean	.energonefe
clean	anyone want free netherite
clean	tpa for pvp
clean	tpa for freeee elytara
clean	werbgkwhejrgbw
clean	wehgrvhjebwvrjw
clean	weghrfvcwcrwevrn
clean	tp for free base
clean	wehrvcwbnrchgwefghwfghwr
clean	buying skellies
clean	free elytra = tp
clean	anyone want a farm for 500k
clean	tleporrt
clean	werghwercghvghrwvghwrvgh
clean	tpa for ffa
clean	twergwverghwer
clean	tp to buy skellies
clean	buying skellies tpa
clean	home 2
clean	tpa for lla
clean	hosting a giveaway
clean	tp for the
clean	i will accept any tpahere
clean	tpa buying skellies
clean	tpa for baba
clean	tpa for misetrry box
clean	tp for 1vs1
clean	tpa for a e girl
clean	flower
clean	tppp help im nooob
clean	mystery box 100k
clean	tp for the people of
clean	tp for 1k mysterbox
clean	i will accept any tpa
clean	tptpton
clean	tpa for mysetrbox
clean	tpa for 1b
clean	tpa for skelly trade buying for 3.8m
clean	also tp to me
clean	selling skellys
clean	free loot here tp
clean	toby120
clean	tp for idk js tp
clean	toa for baba
clean	i will tp accept anyone
clean	tp for learn redstone
clean	selling skelys
clean	tpa for mystery box 100k
clean	werhjgewfvrweb
clean	1vq crystal i have elytra
clean	for 10milion say bruh chat
clean	wegrhfvejwrbwe
clean	base for 1m
clean	webrhvwehjgrbvwr
clean	wevghrjvwehjrw
clean	tpa for netrite gear
clean	wergvwghjrvjwhg
clean	wervhbcwhgrvcwhgfr
clean	rt
clean	wgrfvwejghrwevkr
clean	send money to lottery
clean	kill me
clean	tpafo rlala
clean	tpa for mystery boxes shop
clean	ewrhgwejrgvhjghjwghjw
clean	oc
clean	lootdrop
clean	werghjwerfjghwer
clean	free elytra
clean	tpa drdonut
clean	ff
clean	werhbwevjrwevnmbrw
clean	helppp
clean	7home
clean	tpaaa
clean	efefs
clean	tpaf or marlow
clean	werjhkwerjk
clean	tpa for big base
clean	we nwerbnwer
clean	tpa for home
clean	werbvwerbvwr
clean	rgrdgd
clean	webnrwebhjknrkbhnjw
clean	selling skeles for 300k!!
clean	webwevrjbwemrjwe
clean	webrvewghjrvew
clean	tpa for moneu
clean	free loot right here tp to me
clean	tptptpptptptpp
clean	efsfsfsfseffs
clean	tp tp tp for base
clean	selling map art n4k5d h5ntai anime +i8 /ah .mackerzking only 500k
clean	tpa for 100m
clean	free loot real real rael
clean	ah mud
clean	erfsfs
clean	toby1200
clean	shop
clean	hjdawidiaw
clean	#stop
clean	.shop
clean	esfsfesfs
clean	free investment advice, order bones now before they explode to 300
clean	chat do my pickles
clean	tpa for ivan
clean	need money
clean	donutlover2
clean	llskk
clean	r/sell
clean	tpa for free netherite
clean	tpa for loot drop everyone to
clean	tt
clean	selling the best +18 realistic map arts at /ah papi102098 (its 1m but worth it)
clean	rts
clean	tp or kill
clean	tpa for fihhgt
clean	tpa for free ely
clean	tpafor cape
clean	sdtr
clean	buying or andselling skelly tpr
clean	tp meee i needd help
clean	ah sell
clean	tpa for ld
clean	can anyone gige me loot
clean	selling skeles 300k!
clean	akk<--[here]
clean	can i get some good items for free?
clean	rtgrg
clean	tp for 2v2
clean	rver
clean	tpa for jeven
clean	tpa for elytra at 10m
clean	tpa for free money
clean	tpa for weird map arts
clean	you new ?
clean	who wants to be in a youtube video
clean	tparf r ocork snees
clean	lf map arts
clean	tpa for corksneeze
clean	skeles 300k!
clean	dsdfsfs
clean	tpa im selling skelly (no bs)
clean	tpa for spawners
clean	7tpaccept
clean	tpa for lootdrop
clean	vhdhgfdg
clean	if ur a brokie tp to me "bring signs"
clean	:bal
clean	tpa for skellies
clean	ddaaaaa
clean	anyone want pvp kit
clean	tpa to buy mistery box
clean	orders
clean	dfdfgg
clean	:ah
clean	tp for actual free base
clean	tpa who wants to talk
clean	tpa for buying skellies
clean	f cbcgcb
clean	tpa for gear
clean	i'm new here guys
clean	tpa for a girl
clean	tptptp loodrop now
clean	tpa if you want to buy skellies
clean	ser
clean	selling skelly tpr
clean	tpa to me
clean	tpa who wants to talkk
clean	tpa for skelli free
clean	can anybody help me
clean	helo
clean	who want win money send me 10mil
clean	tp for two point two mill im quitting
clean	afk<--[here]
clean	hht
clean	tpa for free base hiuge
clean	lava bucket
clean	selling mystery box for 1m
clean	tpa for gera
clean	tr awppoi
clean	i dont have
clean	selling a art of drdonut
clean	villeage
clean	tpa for party
clean	tpa for elyta at 20m
clean	q_w8
clean	tpa for moeny
clean	arthropod
clean	order me boxes
clean	great full cheaters fighting me bro
clean	tp for money making
clean	can somen help me ilost all my items
clean	.gloo7000
clean	ase tp me i need money
clean	tpa for fight
clean	rati=
clean	tp for voicechat
clean	drtd
clean	tphere p_zy
clean	dtdr
clean	ratio
clean	selling skellies only voice
clean	tpa for kanye west
clean	hello
clean	tpa for kanye
clean	tpa for
clean	tp for drdonut
clean	rtd
clean	rdztfg
clean	selling base for 1m
clean	xiaodong_tw
clean	tpa for map art
clean	tp for skelly
clean	dzfg
clean	tpa for kane
clean	tpa cor cpvp
clean	tpaf or kai
clean	yeah it dont work
clean	tp for voicechat.
clean	tpa for cpvp
clean	t+a opfr base
clean	who want win in lottery tpa or send me money
clean	tpafo flolf
clean	tp to buy skelies
clean	anyone want a stasis at my base
clean	do anyone want a temete
clean	okjinerhn
clean	kgjoleg
clean	tp for base thats 1m
clean	tpa for lirila laraiaia
clean	renderdistance 2
clean	tp to me for free base
clean	tpa fpr free base
clean	anyone want my base
clean	tpa tpa afsoj
clean	tpa for tung
clean	7ah
clean	tpa a
clean	do anyone want a temete :)
clean	tpa for chungus
clean	selling elytra 200m!!
clean	tp for dia fight
clean	y/ah sell 9k
clean	teleport
clean	torches for sale /ah konggzy
clean	taaaaa
clean	tpaaaa
clean	tpa for drdonat base
clean	tpapapatp
clean	tpa for neth armour
clean	tpa if u hate drdonutt
clean	tpa ihgeiko
clean	tpa for mystery boxes
clean	tpa for drdrdiddybut
clean	can somen help me i lost my items
clean	send tpa req for free cobblestone farm
clean	who new tpa
clean	tpa for did
clean	r4e
clean	tpa for nmkoegr
clean	tpa for jbwr
clean	tpaofr ihngr
clean	selling elyta 100m!!
clean	tpafoir bujgwr
clean	you sure?
clean	hello i gie free elytras im for real quitting
clean	tp for villager
clean	want any guy a 1vs1
clean	srs
clean	tpa for baltop 1
clean	tp me tl buy base
clean	anyone selling stash
clean	tp for money and loot im live
clean	tp to me if u want to buy skellys
clean	tp for sleep
clean	anyone want my loot
clean	07a9e3cd
clean	tp for 10v10
clean	tpa if you want skellies
clean	tpa for 100 mil
clean	can any one help me
clean	tpa for free netrhite
clean	anyone want elytra for 1m
clean	can i have money
clean	str
clean	yall are bad at cpvp
clean	tpa for 60b
clean	first pay 1m gte 2m
clean	ikepc
clean	selling maces
clean	send me tpa
clean	w rgrgrgrr
clean	send me tpa for skellies
clean	heelooo
clean	i have free loot tp here
clean	anyone can give me items i lost my items
clean	first pay 1m gets 2m
clean	pa for 1000b
clean	tp for free elytra
clean	anyone afk farming
clean	anyone can help me
clean	guys i need gear
clean	tpa tpa tpa
clean	selling maces for 100k
clean	tpa for v1 im max
clean	haider
clean	tpa for alibaba
clean	&home 3
clean	9iog
clean	tp for 1v2
clean	trds
clean	tsell
clean	tpa for leomon
clean	live giveaway
clean	tpa if sellling map arts
clean	tp for money im live fr
clean	ss
clean	ah sckuljk
clean	august is cooming on now
clean	accepting all tpaheres
clean	@here give me mone
clean	buy my drill cheap long lasting 23 hours plus
clean	tpa for 1m ill
clean	anyone can help me ilost all my items
clean	send me tp if you have vc
clean	tpa for rich
clean	first to tpa get 1 mill
clean	first to tp gets trident
clean	i hate thi server
clean	tpa fo rloot
clean	poooo
clean	tpa if u wanna be rich
clean	tp for mystry box
clean	tpa for gaer
clean	tpa if selling map arts
clean	ghjc
clean	tpa 25b loot drop live now
clean	tpaf or loot
clean	home 3
clean	guys pay me 1m
clean	rstr
clean	ssh
clean	trust
clean	tpa or gaer
clean	cheap blaze roads on /ah
clean	tp for neth duel
clean	send tp
clean	noob's cpvpers
clean	hii
clean	ggg
clean	cheap blaze roads on /ah!
clean	tpafo lr ooot
clean	lol?
clean	zrt
clean	pay suavemagic10563 200k
clean	tpa losdana
clean	ah anvil
clean	tp for pvp
clean	hj
clean	iron
clean	dtd
clean	tp tp
clean	accepting all tpas for ffa in end
clean	anyone want free loot
clean	tpa free loot
clean	found base
clean	tsrts
clean	tpa for loot guys
clean	pay wittedart9674 20000
clean	tyyy
clean	gf
clean	tp for q q
clean	free loot tp here
clean	can anyone pay me 50k /pay majorrage88 50k
clean	who want to raid it
clean	can any one help me i lost all my items
clean	tp for elytra
clean	tpa free percs
clean	pjo
clean	selling skellies for 1m each
clean	wtf is this
clean	im kms
clean	sent me tp i have auto tp
clean	who wanna buy skelly 3m tp
clean	fsdkgjsoi
clean	tuko
clean	tpa, r
clean	rewstr
clean	anyone want op pvp kit
clean	real
clean	pay me
clean	tpa for skelly
clean	tp for free base boi
clean	tp for free items
clean	.s/tpa ablehydra9564
clean	send me tp
clean	oioi
clean	es
clean	can anyone help me
clean	ign
clean	dsfokgfjio
clean	:rtp
clean	buying skellies 4.7m
clean	tp rocksy_mc
clean	sygufhr
clean	ygsedr
clean	tpa for some random stuff i found
clean	meme
clean	m,e
clean	can anyone give me loot
clean	order oak trap door 1/1000
clean	me]
clean	tpa for free elytra
clean	tp me
clean	pay me for free futa
clean	buying skellies 6m per
clean	tp _sl1
clean	kgji
clean	help/
clean	tp for me base
clean	tpask .ggez9904
clean	guys pay me 1m ill triple ot
clean	first pay 1m gets 2mtt
clean	tpa for free skellies
clean	woh is on top of leaderboard
clean	i win 9 to 7
clean	tp for drdonut boyfriend
clean	first pay 1m gets 2mttt
clean	aura
clean	man someone send tp req man anyone wants cobblestone farm for free man
clean	tpa for trade
clean	@here
clean	tpa for mystry box
clean	first pay 1m gets 2mttttt
clean	i pay 2x back
clean	loot drop in 30 min come tp
clean	tp for loot im quitting l update
clean	im 2x money trust me
clean	tpa for free elyttra
clean	tpa for friend
clean	tpa to me pvp
clean	have hava dookie
clean	tpa for technoblade death aniversary vc preffered
clean	tpa huge base
clean	okay
clean	who want win lottery tpa
clean	tptptptpt
clean	@here need money
clean	tpa for huge base
clean	tpa ofr acbuy
clean	tpa for technoblade death aniversary vc preffered rip
clean	tpa free nethw
clean	anyone want free farm
clean	can s1 gimme loot
clean	how to get on spawn?
clean	tpa for skibidi
clean	7ah sell 180k
clean	tp here for free loot
clean	tpa for cody
clean	tpa skellies
clean	tpfor freeslaves
clean	ah block of emera
clean	selling 3m skellys
clean	tap for luna
clean	./shop
clean	tpa if u can sell spawner
clean	if somen give me items i wll give him 4k money
clean	orders cobblestone wall
clean	how to get on spawn??
clean	tp for ffa
clean	send me tpa im in full neth
clean	tp for base
clean	rtp nether
clean	,/ah totem
clean	selling a good map art /ah .nawfalm
clean	can someone help with start?
clean	lls looot
clean	tpa for lootdrop over 20 mil!
clean	guys pay me 1m ill triple it
clean	send me tpa im in full netht
clean	tpa for netherite set
clean	if somen help me i gave him 4k money
clean	who want win lottery
clean	tp for actual base i have very bad ping but selling for 1m
clean	tp me for loot
clean	how i can get to spawn?
clean	can somen help me
clean	dfgydg rdbtz
clean	selling elytras for 1m
clean	tp me for loot drop
clean	send tpa if u selling skellies
clean	tpa lotdrop
clean	gt
clean	tp me for free elytra
clean	tp for free loot if youre new
clean	ah sell 50k
clean	joke
clean	tp me for free mace
clean	selling a good map art /ah .nawfalm gc
clean	tpa for cpvp neth
clean	anyone help me
clean	pay me 200k for mapart then tp
clean	send me tp im in full neth set
clean	who new tp
clean	somen help me
clean	7duels
clean	ta for cpvp jety
clean	tp me for buy skelli
clean	wt the
clean	kpay95p6g8hmec
clean	rdtrd
clean	good boyyyy
clean	trd
clean	first tp for free mace last giveaway trident
clean	tp for free ffa
clean	=/rtpqueue
clean	tpa for cpvp nethmtpa
clean	tp for 1m sky base legit
clean	leaderboard
clean	tpw for cpvp nety
clean	casino
clean	tpa for mega lootdrop
clean	:sell
clean	can anyone help me i lost all my items
clean	tpa for c0vp neth
clean	yo i found a dog whose is this
clean	tp for mace
clean	tp for 100k
clean	tp free 1 m
clean	tp for free loot drops guys
clean	trs
clean	tpa for mystry box only few left////
clean	tp for mystery box
clean	tpa formystery box
clean	#set legitmine true
clean	b3tmen
clean	ah sell 49k
clean	jjggh
clean	press lever for the books
clean	tp for spawner
clean	tp to buy a sky base
clean	tp free 1m
clean	selling skeleton spawners tp to me
clean	tp for mysterybox
clean	selling skellies for 100k to 500k
clean	can somen help me i lost all my items
clean	tpa for casino
clean	tpa for lootdorp and money
clean	t/pay tact1callx 1
clean	anyone can help me?
clean	tp for money
clean	tp forr ffa
clean	tpa for mystry box now only 5 lefts
clean	leon
clean	liloishereuo7
clean	tp to buy 1m sky base
clean	tpa for elyta
clean	selling base for 10m tp to me
clean	anyone want free netherite im quitting donut
clean	redstone torch
clean	log/ah sell 25
clean	:home "
clean	jfjfjfjf
clean	w efhasdkufhkajs
clean	dia pvp tp here
clean	tpa for elytrras
clean	ah sxsxs
clean	tppppp ffffoorrr ffa
clean	dia pvp tp ehre
clean	sellings skellies for 1m
clean	ytf
clean	does anyone have vc come to me its urgent
clean	crazy chalange
clean	pay kingz3n 100k
clean	tp to buy 1m sky base but im very laggy
clean	tpa to buy skellys
clean	foot
clean	tppp
clean	tp me for a spear
clean	rn its crazy
clean	kmustery box
clean	ahhhh
clean	tp for giveaway mace
clean	tp me for stash
clean	anyone wanaduel pvp
clean	guys telport to me
clean	tp for soem stuff
clean	not lying
clean	tp for free b4se
clean	tp for mystry box its worth it
clean	tpa to buy skellys 5.2m i give first
clean	mystery box tpa to me
clean	guys tp me
clean	tp here for free loots guys
clean	ttp for pvp
clean	rp for trades
clean	tp for pvp tp here
clean	tpa for bones
clean	im dueling in dia pvp
clean	tp for elytra fight
clean	aertghadfghasdfgasdfge
clean	can someone tp to me
clean	tp me for money
clean	dshfgjh
clean	tp to buy neth chestplate
clean	sdfajd
clean	neth pvp
clean	dafmnh
clean	arab
clean	tp for mace giveway 2 left
clean	neth pvp tp here
clean	efsfsfsf
clean	jfsjkahf
clean	rgdgdgd
clean	:hg,@l,
clean	dsksad
clean	selling max stash for only 3m pay naw and teleprt to me fast
clean	need skeleton spawner
clean	hiii
clean	very cheap gilded on my ah
clean	dsjfds'[df
clean	buy wood sword
clean	mystery box for sale
clean	tp for mace giveaway
clean	tp for nothing
clean	selling max stash for only 3m pay naw and teleprt to me
clean	tp for some stuff
clean	tp me for 200m
clean	sell cheap cobble shulkers
clean	jdxn
clean	tphere for loot
clean	free 1 m tp
clean	tpa for your loot
clean	d\iddly
clean	!!!very cheap gilded on my ah
clean	tptptpptp
clean	dkxk
clean	tpa for char
clean	tpa for mystery box 1mil
clean	dilder
clean	tpa for looot
clean	gggg
clean	phere for ffa
clean	guys tpa i need gear
clean	tphere for spawn
clean	dia pvp tp her
clean	buying skellys tpr
clean	shulkerlaro
clean	free 1 m tpa
clean	ndm
clean	ttpa if selling map arts
clean	tp for base lol for fun
clean	im dueling in dia armor
clean	ggh
clean	trading skeleton spawners
clean	t pfor pvp
clean	who want help with emerald river tpa
clean	omgg
clean	selling mystery box 1m cheapest 10m most expensive
clean	who wasforbidden
clean	lol..
clean	hes taking
clean	he sent an aternos serv
clean	and toteoms
clean	adding a new room
clean	afk for a bit
clean	hey everyone!
clean	right kaizan
clean	nah eh good
clean	prenk wsp
clean	prenk
clean	say wsp
clean	he good
clean	mytri u typednit wrong wait
clean	sum1 help bruh
clean	all of them are oofline
clean	wym prenki
clean	so no banned
clean	user
clean	yo base
clean	pali tp to me
clean	oka
clean	but
clean	tp me also there
clean	wither is chasing me
clean	omg offter
clean	wsl
clean	dawg
clean	who r u
clean	im
clean	hawre
clean	uhuh
clean	prenk is hwaredush
clean	nah ur lying
clean	bupkee is just bupkee
clean	riigghht
clean	bupkee..
clean	who
clean	yo wait
clean	can i have gm perms
clean	also prenki uh
clean	pali acc my tp
clean	you have ely?
clean	i need mace
clean	in your shulker
clean	bro idh
clean	i saw one in your hand
clean	ths rociis
clean	i gaved back
clean	how do u check it
clean	prenki?
clean	check what
clean	use op bruh
clean	i need moer sugar cane
clean	and why would i even give u neth
clean	layar
clean	gng wym liar
clean	gimme spear
clean	lemme use and gave
clean	wait yeah
clean	anyway
clean	i genuinely need spy perms
clean	yo why there a wither at spawn
clean	ayoo
clean	ket me try
clean	gimem windcharges
clean	messi color
clean	anyways i dont play anarchy much so yeah
clean	windcharges
clean	what else
clean	this
clean	wait whered my sword go
clean	roxiii__ still no perms?
clean	i have a lot of netherite and stuff
clean	ryan is lazy bro :sobpray:
clean	roxii ain't even verfieid incthe dc
clean	supposed to be helper rank
clean	bro we genuinely need to donate ryan to buy a pc that loads fast :sib:
clean	btw prenki guess what
clean	yeah i saw it
clean	fireowrks?
clean	anyways what else
clean	accept kaizan
clean	if i find an echest i'll show
clean	get inee
clean	im on 1 heart gng
clean	bupkee my only supplier
clean	anyways i'm a combat master
clean	half heart
clean	hi oofters
clean	gnggggggggg
clean	does elytra spear 1 shot netherite
clean	im dead
clean	some sticke
clean	sonnnnnnn
clean	bros on a bench now
clean	tp to me plain
clean	we need prac perms gng
clean	i would have 10 punishments in 2 days
clean	idk where the nearest plains biome is
clean	and i lwk should be promoted to be mentor for you and coolfih prenki
clean	i'll steal yo punishments
clean	yo where the fuh
clean	i alr sent so u cant steal
clean	dont be like bob 2.0
clean	can i have some
clean	yay
clean	stealing punishments with 0 credit
clean	she stole like 20 punishments from me
clean	0 credit
clean	yo can i repair my armor using this
clean	also do you have totems
clean	im already messi
clean	do u have totems?
clean	i hd 1 only
clean	yeah but messi has gear
clean	no need
clean	accept lowk
clean	ayo ban
clean	accept t
clean	take it bri
clean	i have a lot
clean	giv mi stuff
clean	gng cmon
clean	i'm a combat master son
clean	ok timmy tuff
clean	gng is this where u live
clean	roxii are you at the farm
clean	nah shut up bro
clean	im js chilling
clean	i'm the best pcper
clean	look at spawn
clean	77 hp
clean	that's what i made
clean	with bupkee
clean	ye ye
clean	baby with sohoble
clean	how the hell
clean	i'm not modric son
clean	hmm what else
clean	a chest of maces
clean	bro im getting jumped by 5 withers
clean	nice prenki
clean	tp to me vro
clean	i save u
clean	and basically
clean	i have millions of echests
clean	prenk can u gimme 64
clean	oh dang
clean	hi'
clean	what do u want
clean	idk i js want to hab fun
clean	ur not dartanean
clean	no im not
clean	im 33% not sure
clean	pluh
clean	i see a wither
clean	gimme back my stuff gng
clean	live wither
clean	322 75 -561 wither alert
clean	im in a pit
clean	whoops
clean	roxi
clean	uhhh
clean	no way
clean	ermm
clean	theres 3 withers there
clean	mustve been the wind
clean	dats so dumb
clean	at least your safe from the withers
clean	dud i lost my stuff pluh
clean	theres loot down there
clean	im not sure
clean	nah bro
clean	i think im alr
clean	bros acting like heh as
clean	btw prenki
clean	daxze said too early
clean	i was admin until daxze kicked me
clean	no way bro
clean	missclick
clean	gng i completed an 8 week quota in one
clean	fumbling so bad
clean	i was bored bro
clean	prenki i mean like actual admin
clean	stop
clean	not trial admin yk
clean	ok thats why
clean	thats why i need to make it large
clean	yo i'm quitting
clean	why prenki
clean	what even was your stuff
clean	i genuinely don't know what to do
clean	i dont even play
clean	yea bro fr
clean	dont go down there
clean	hahaha
clean	yea?
clean	your so closed to being slimed out
clean	slime him out pal
clean	anyways i gtg
clean	alr cya prenki
clean	cya guys
clean	im gonan go work on my serv
clean	buddy..
clean	yooooooooooooo
clean	ping dekho bc
clean	ypooooooooo critx_
clean	hm
clean	500ms son
clean	inv me and mtyri
clean	yoyo
clean	star star
clean	yoooooooooooooooo
clean	lince
clean	bro start
clean	les goo
clean	inv me
clean	inv kar
clean	rip sha inv bhej
clean	yo yo yo
clean	ally?
clean	hey
clean	disband kr
clean	ok]
clean	les gooo
clean	niqi2e afhqwt 3t
clean	2q3t -12
clean	yeaa
clean	born ready
clean	star add meeeee
clean	gazing the starr addd meeee
clean	comeee
clean	gazingthestar 5000
clean	5000x5000 border
clean	lag op dosto
clean	ruko
clean	laggg
clean	nhi horha lag
clean	tps 3 ha
clean	op de
clean	it is laggy dude
clean	ou sih
clean	ouuuuu shiiii
clean	oh hell no
clean	anyone want elyta
clean	anyone want elytra
clean	raad why
clean	im on 2.5hp
clean	gng this server boring
clean	tuff kit
clean	where are the femboys
clean	spy how to get one hit mace
clean	claim kit
clean	gimme gear
clean	bro i have full black screen tpack
clean	yo where are the femboys raad
clean	you lied
clean	how u et one hit mace
clean	let me get my sh set up
clean	raad where the femboys
clean	u lied
clean	my pc
clean	yo my pc
clean	fr?
clean	where are you :)
clean	idh a sword son
clean	raad ur a femboy
clean	son where
clean	back off son
clean	mf what
clean	les fight again
clean	mahirabsar yo
clean	accept me raad
clean	mahirabsar wy
clean	wya
clean	also is there no ely
clean	and hpow
clean	whos bro
clean	what up
clean	i need tot
clean	im cheeks at pvp son
clean	cheeks
clean	ou shi pro max
clean	end
clean	luminary_4369_69 bro
clean	only aaxe bro
clean	oof
clean	sky take totem in your off hand
clean	how do i regear?
clean	no shir
clean	anyway i gtg work
clean	adn my leg
clean	can we frnd
clean	cap
clean	no cap
clean	[i]
clean	ill show you
clean	wait 1s
clean	no more neth set
clean	too late
clean	mb brp
clean	my cat ran into my keyboard
clean	k raad
clean	thebigwasp?
clean	alt
clean	dont give raad
clean	whos alt
clean	trust me
clean	u prekni?
clean	ou shi
clean	dont
clean	fym
clean	what if i told you
clean	guess what mtyri
clean	hunt u down again
clean	mytri accept my tp u sigga
clean	secret farm
clean	bro idgaf
clean	to me to the farm or no set
clean	ion need set gng
clean	alr bet
clean	ill tp u to
clean	he will grief
clean	son idc
clean	by creepers
clean	bro u alr have a set nibba
clean	he want more
clean	i want extra
clean	raad anyway
clean	do u think i'm an idiot
clean	i aint
clean	ong
clean	bbro
clean	wo
clean	with shaders now much tho
clean	-1k fps
clean	fym ouuu shi
clean	check
clean	yo what did i do
clean	a secret
clean	nobody knows this secret abt me
clean	what secret
clean	that
clean	you wont believe this
clean	accept ormtyri files
clean	why is there wither at rtp
clean	listen
clean	let me come
clean	thebigwasp gimme set bro
clean	on god bro
clean	i wont
clean	he asked for it idiot
clean	and im asking set for like 2 days
clean	he asked today
clean	i'm half a hesrt
clean	raad listen
clean	mtyri what
clean	wym how
clean	i popped
clean	im dead idh firework
clean	round of applause for raad
clean	thebigwasp just run
clean	run from what
clean	black giant withers
clean	yo im dead
clean	thebigwasp bro
clean	one heart
clean	just run
clean	idk where im at
clean	im at spawn gng
clean	if u hit me
clean	tuff ig
clean	keep
clean	yo whos zeesh
clean	zeesh
clean	i'm killin zeesh btw
clean	zeesh is zeesh
clean	i found a sign it says "this server is owned by -zeesh
clean	anyway raad
clean	bro owns nothing
clean	no no
clean	and my brother shalaanmc is totally opsite of me
clean	yooo prenki
clean	oppostie
clean	what's up twin
clean	im good you
clean	i'm good
clean	when i betrayed
clean	no sry
clean	yya
clean	i think we wont get perms in prac
clean	rlly
clean	ryan when did i betrat
clean	prenki
clean	he said useless
clean	betray
clean	i hust dont mace
clean	this is where i destroyed spawn
clean	uk bupkee spawned wihters too?
clean	lol isee you prenki
clean	i did
clean	bupkee too
clean	he did
clean	ryan listen]
clean	come down
clean	you can ask sharp what happened
clean	ill go back on prac to find cheaters or test ac
clean	so bye
clean	chat validation error
clean	i left somn there
clean	wait real quick
clean	kay
clean	do
clean	do this
clean	no alg right?
clean	eanble premium
clean	fym later
clean	i need my premium son
clean	where is coolfih
clean	if coolfih comes
clean	ill release
clean	ill do it myself
clean	just 2 more guy
clean	give op
clean	mtyri call cooldih and mahir
clean	im owner aswell
clean	im removing my op too
clean	mahir is showering gng
clean	after release
clean	after release ill remove op
clean	wd
clean	racist
clean	niga
clean	mf
clean	alr ready for release?
clean	gimme op
clean	what typa server is this
clean	turn off the /back dawg
clean	yesno
clean	world border 3k or 5k
clean	tell
clean	3k or 5k
clean	5k
clean	relaese
clean	give me op
clean	removed
clean	hi mommy
clean	ohhhu
clean	son what
clean	im 1hgp
clean	im getting the altar dw
clean	where did yall fgo
clean	go
clean	im on 1hp ong bro
clean	mommy nooo
clean	my gme fking
clean	whos server is this
clean	pwrv
clean	i banned u for hitbox godly2111
clean	mtyri ban that mf
clean	rlaay
clean	me and notrohitmc are gonna rule
clean	this server
clean	raad you retard
clean	gimme crystal :))))
clean	nooo mommy
clean	i will do later
clean	after an hour
clean	raad check dc
clean	and download grim bro
clean	grimac
clean	and totemguard
clean	tpaccept mtyriiii
clean	bro i will add after 30 mins
clean	we chill right rohit?
clean	son now
clean	yes yes
clean	restart will make server worse
clean	son u have 2 threads
clean	pwrv tpa
clean	mtyri vro i will upgrade
clean	wait im getting iron
clean	ill go mine too
clean	btw xray is allowed guys
clean	wurst?
clean	yea its allwoed
clean	mf dont
clean	whos wurst
clean	alr banned
clean	ima go find village
clean	w mtyri
clean	mine for me minion
clean	is server 24/24
clean	omg
clean	village
clean	pwrv yes
clean	rohit take
clean	haiii mommy
clean	mtyri take
clean	bro im at village tpa pwrv
clean	ezt
clean	im speedrunning
clean	dont kel me
clean	pwease
clean	im adding anticheat rn
clean	nvm
clean	cheater left
clean	im adding
clean	mtyri kill me rq im 1 heart
clean	bob is lit flying bro
clean	i told you
clean	raad first ban the godly guy
clean	i alr did
clean	or else im will still hack
clean	ill ban u mommy
clean	godly was using hitboxes in icemc
clean	everyone's ping is good except mtyri right?
clean	fk i do
clean	pwrv whos hacking son
clean	is that goo?????
clean	bob89931 its ur wifi
clean	bro ur lit in eu
clean	i get atleast 300ms on icemc
clean	gng im in asia
clean	closer to eu
clean	mtyri where u from
clean	but in asia
clean	still bro
clean	pwrv dw
clean	we all in middle of asia
clean	asia baddies
clean	pmrv why do you already have dm bro
clean	raad im legit in the middle east
clean	evcnn im speedrunner
clean	or xrayer dawg
clean	xray 100%
clean	evcnn xray is allowed dw
clean	no im just built diff
clean	u can xray too
clean	is allowed?
clean	ill slime anyone i see
clean	rᴀᴀᴅ
clean	pwrv i will slime u
clean	wya cmhere
clean	oh yea
clean	imma start cookin food
clean	im killing bangladeshtoilet when im done
clean	gimme rq
clean	let me cook first
clean	:pray:
clean	it will be less laggy
clean	im still naked
clean	yall stacked already
clean	proof
clean	i still have stone tools
clean	fym proof bro i didnt even turn on xray yet
clean	oh it hought u meant irl
clean	i slime my tm8
clean	like knight mace and valkyre crossbow
clean	oh cool
clean	mtyri hey baby
clean	bangladeshtoilet yea?
clean	acc mtyri
clean	ᴡʜy ᴍy ᴄʜᴀᴛ ᴅᴏᴇꜱɴᴛ ꜱʜᴏᴡ ɢᴜyꜱ?
clean	it does
clean	nah what
clean	im crafting iron pick
clean	im still stone tools bro chill
clean	btw the server isnt not rlly laggy
clean	209 ms son
clean	im like 80
clean	mtyri ur from eu son
clean	on my own server i get like 150ms
clean	what did i do
clean	icemc baddies
clean	worse
clean	take
clean	:joy:
clean	dw there is /back
clean	keep inv or no
clean	son fym keep inv
clean	no keep inv
clean	keep inventory
clean	you retard
clean	no ik
clean	dont kill me bbg
clean	thx
clean	rohit come
clean	lemme get gear then ima go find altar
clean	where are u
clean	down
clean	son i have enough cobble
clean	lemme get 400% cpu first bro ts cant handle all that plugin
clean	how are you getting 400%
clean	3 invits = 100% upgrade
clean	so 6 invites
clean	whatd
clean	there is a village near spawn
clean	rohit tpa
clean	get those villagers
clean	make trading hall
clean	bro wtf
clean	son why
clean	speedrunb ofc
clean	is end closed
clean	flip netherite
clean	of
clean	ofc
clean	well im getting netherite then
clean	rohit istg
clean	rohitttttttttttttttttttttttt
clean	1min
clean	tpccept
clean	yooo
clean	only egaps are banned
clean	evcnn is also hacking
clean	nothing else
clean	bro what
clean	yall are cooking
clean	raad let me tp u
clean	i need to get foo
clean	foddd
clean	u will kel me
clean	mommy
clean	lemme get food mf
clean	idh food tho bro
clean	mining
clean	just tp i at berock
clean	istg if u kill me bro
clean	ban om3ga_slayer i dont care
clean	dayumm
clean	mtyri sonn
clean	om3ga_slayer i alr did instant restock
clean	dont listen to om3ga_slayer
clean	u stfu
clean	no insta restock
clean	do /pl
clean	u will see
clean	i will after 30 mins
clean	nicee
clean	om3ga_slayer
clean	ig
clean	its india hosted and ur indian so its best for u
clean	son rohit is also indian
clean	kolkata
clean	he knows bangla
clean	fortress
clean	bro chill and grind slowly
clean	yᴏ ɢᴜyꜱ ᴡʜy ɪ ᴄᴀɴᴛ ꜱᴇᴇ ᴄʜᴀᴛ
clean	u cant
clean	raad everyone is hacking btw exept u and mtyri i think
clean	roht wya
clean	yᴇᴀʜ (ɪ ʀᴇᴀᴅ ꜰʀᴏᴍ ᴍy ꜰʀɪᴇɴᴅ ꜱʜᴀʀᴇꜱᴄʀᴇᴇɴ ʙᴛᴡ)
clean	even evcnn is hacking
clean	im just grinding
clean	accept mtyri
clean	me pwrv and u
clean	bro im in nether
clean	wwwwww mtyrii
clean	ʙʀᴏ ʜᴏᴡ ᴛᴏ ꜰɪx ᴄʜᴀᴛᴛ, ɪ ᴄᴀɴᴛ ᴇᴠᴇɴ ꜱᴇᴇ ᴍy ᴏᴡɴ ᴄʜᴀᴛ ɪɴ ᴛʜɪꜱ
clean	omega
clean	i need some shi
clean	vro it just started we dont have extra
clean	xray is allowed om3ga_slayer
clean	niga where did u go pwrv
clean	where did u go
clean	stone tools enough lwky
clean	raad gimme food
clean	comeher
clean	comehere
clean	oh wia
clean	bro made armr before pickaxe ;-;
clean	pwrv where did u die
clean	oh yea there is /back
clean	restart will make server laggy for a bit should i restart? need to add 2 more plugins
clean	bastonnn
clean	dont yet
clean	no dont restart
clean	yo rohit come
clean	raad add plugin that when 1 player sleep, then the night will reset
clean	alr i will
clean	bro bob is on 300 ping
clean	end is closed btw
clean	or stop now
clean	mtyri some more for like axe and sword
clean	im getting full neth
clean	yall are stacked
clean	mtyri make a axe lemme bring some foods
clean	thats the point
clean	netherite allowed ?
clean	rohit dont u have dia sword?
clean	mtyri no
clean	i gave you one
clean	only pickaxe
clean	bro notrohitmc
clean	ᴄᴜm
clean	istg i dont have
clean	dont tpa raad
clean	im stuck at nether
clean	okok viro
clean	tp to pwrv
clean	pwrv is with me
clean	mtyri bro ig u dropped somehwre it didnt gave in my inve
clean	i will leave the place
clean	wait lemme bring food
clean	pwrv where tf is the poratl bro
clean	no rtp???
clean	sad
clean	raad idk
clean	vanilla
clean	no rtp :3
clean	uhm
clean	hep
clean	raad turn off the locator bar (every dimension)
clean	add rtp as well @raad
clean	no rt
clean	raad i need food
clean	like really need food
clean	its urgent
clean	broooooo
clean	mf get me food first
clean	fuh u
clean	is there combat?
clean	pwrv no
clean	no pwrv
clean	alr bro i quit
clean	-40 wtf
clean	fuh u bro
clean	blaze pushed me in lava
clean	lmaoooo
clean	niga went to nether without any food
clean	death speedrun pwrv?
clean	this cant be serious bro
clean	and add rtp
clean	no rtp
clean	vote for rtp :pray:
clean	but no more
clean	wait 1 sec
clean	yea i give up
clean	thats what im tryna do
clean	xray is allowed pwrv br
clean	2 mins for regear
clean	are u on the surface mtyri ??
clean	almost
clean	tp me for baston
clean	mtyro accept
clean	why not steak
clean	now we search
clean	alr 2 stack food to everyone
clean	yᴏ ʀᴀᴀᴅ
clean	ɪ ꜱᴇᴇ yᴏᴜ
clean	dont kill me
clean	is there any limit of render distance chunk?
clean	how ? mtyri
clean	no peral
clean	pearl
clean	ɪ ᴅᴏɴᴛ ꜱᴇᴇ yᴏᴜʀ ᴄʜᴀᴛ ʙᴛᴡ
clean	om3ga_slayer bro
clean	pearl not peral
clean	me and pwrv both fell in lava
clean	on nether
clean	omega dont
clean	do we need or no im asking that ;-; mtyri
clean	yea we need
clean	niceee
clean	rohit btw talk in dc
clean	if u can
clean	add vc bro
clean	mtyri i set my home here
clean	restart
clean	serv
clean	aight cool
clean	bro dont restart
clean	listen to me dady
clean	goodboy raad
clean	bro lemme xray in peace
clean	worse than hitler
clean	yes ofc
clean	omega im mining
clean	aawawa
clean	brb again
clean	im mining dmd
clean	raad enable premium mode for authme
clean	zombie horse
clean	armor
clean	coool
clean	horse armor
clean	everryone
clean	nop
clean	yay im in nether
clean	bob im coming for u
clean	ok bet
clean	restart the serv when nobodys on
clean	dont need restart
clean	i alr have the plugin
clean	whos in netehr
clean	haha
clean	emmm
clean	tp ill help
clean	why are u op again
clean	duh
clean	i swear i didnt take anything fro mcreative
clean	anything else?
clean	9 coal = 2 breezerod?
clean	9 coal = 2 breezerod? or no
clean	add or no
clean	string duper
clean	add 67
clean	add strig duper
clean	1 string = 64 string
clean	yoo mahir
clean	or would you rather be stuck with bob
clean	alr guys done
clean	are u on groun
clean	groun
clean	lmao bro left
clean	coming for u
clean	wait u mean overworld or
clean	pwrv accept
clean	i wont too
clean	i wont dwdw
clean	new idea
clean	motherles pwrv
clean	hehe
clean	bros gonna edit minecrafts code
clean	41 fps
clean	800fps
clean	mahirabsar good ping?
clean	1 string = 1 stack string??????????????????????????????
clean	bob89931 yes
clean	infinte villager trade
clean	maybe
clean	yooo thats wasnt me
clean	pwrv ok son
clean	mahir get flint
clean	trade with string villager inf xp
clean	alr wtf
clean	meteor
clean	oh nvm its ping equalizer mod
clean	yoo rohit
clean	nic
clean	bro idh iron
clean	yo rohit
clean	wheres the villagers
clean	tp me to u
clean	if overworld
clean	there are none
clean	lets enchant to prot 4
clean	why nether again
clean	raad gimme
clean	dia
clean	wait bro
clean	yesss
clean	betrater
clean	what are u finding mtyri
clean	bro mahirabsar
clean	luminary_4369_69
clean	where surface
clean	lets go
clean	mahir come up
clean	rip my ip adress
clean	gave u
clean	wty
clean	let me tp
clean	gimme wood
clean	yo mahir uh
clean	or crafting table
clean	come w me
clean	bai
clean	and get prot 4
clean	wheres e village
clean	must have been the wind
clean	hacking allowe luminary_4369_69
clean	take em
clean	mahirabsar its near spawn
clean	hacking is not allowed
clean	xray is allowed
clean	soinn
clean	still no
clean	i need foood
clean	bread
clean	all of you are with us
clean	what if i dont
clean	i grinded 2x bro
clean	ahahahah
clean	raad where the village
clean	its near somewhere
clean	find
clean	500 y 20 something
clean	drown to death
clean	all we need is village
clean	i have him in a water cage
clean	i found altar i think
clean	jk i didnt
clean	rohit go nether
clean	how is thedogeshop here
clean	wdyum how
clean	bro what how
clean	why is thedogeshop here
clean	bro go
clean	wdym why bro
clean	i can hack u
clean	wsp zetro28
clean	wdym wy
clean	let him be
clean	let coolfih out
clean	whos this guy
clean	my frirend
clean	yo rad gime op
clean	zetro28 bro
clean	ayo chill
clean	dont give zetro op
clean	find village
clean	thedogeshop yea sure
clean	dumb ahh
clean	just do /grim verbose
clean	idiot
clean	mtyri les go nether
clean	yo bro wtf is pwrv doing
clean	zetro28 nope
clean	i changed my mind bro
clean	accept tpa
clean	thedogeshop find vilalge bro
clean	im gonna kill u raad
clean	accet
clean	i give up
clean	i wanna come to u
clean	pwrv they wont kil u
clean	br
clean	they just did
clean	acceept
clean	cept raad
clean	do yall know me??
clean	did anyone find a village
clean	i gave u
clean	accept tpa raada
clean	thedogeshop wait
clean	raad gimme gear bro
clean	why bro
clean	raad can i hack
clean	raad nice server
clean	xray allowed only
clean	i have catlean :)
clean	bro raad
clean	mahirabsar not laggy for me tho
clean	its ur wifi check tab mahirabsar
clean	ayy pearls
clean	come up
clean	imma just solo
clean	thedogeshop no
clean	wait br
clean	on dc
clean	i better get my items back
clean	we need a bastion
clean	i need food
clean	mtyri fortress?
clean	bastion not fortress
clean	not yet
clean	raad gave me those dia btw
clean	ends closed
clean	done
clean	yea bro im nmever touching this serve again
clean	i duped
clean	u get pearls ill get the bastion
clean	for neth gear
clean	this area is so plain
clean	luminary_4369_69 this is 2b2t
clean	it is not 2b2t
clean	imma kill all the villagers :d
clean	good enough
clean	rohit found a bastion
clean	fortress imean
clean	ay armor trim
clean	notrohitmc accept tpa :d
clean	dont tpa lumi bro
clean	yond
clean	notrohitmc bro we homies accept
clean	bro did u tpa lumi?
clean	hey raad
clean	pwrv i found village
clean	luminary_4369_69 bro cant viro
clean	its not lke i can kill all of yall
clean	bob wdym
clean	mtyri comeee
clean	get tf out
clean	bro where u even at
clean	bro gonna trap me ..
clean	bob here
clean	raad i know this seed lmfaoo
clean	ban
clean	bob89931 dont bro
clean	uh ;-;
clean	seedcracker
clean	nvm just live here
clean	ban zetro28
clean	me?
clean	everything allowed except egaps and cheats
clean	wahhaha
clean	so i can
clean	yo guys
clean	pwrv accept?
clean	bob allowed so cheat allowed
clean	bob89931
clean	yo bob did you find village
clean	ill put the villagers here
clean	we all can get prot 4
clean	pwrv???
clean	bob accept
clean	no mahirabsar
clean	did yall just miss the village right next to spawn?
clean	u can get prot 4 bro ill make trading hall
clean	my rent
clean	u can get prot 4 bro ill make trading hall bro
clean	dont cheat bro
clean	i will give u enchating table use
clean	i will put
clean	villager
clean	i alr have enchant table
clean	server lag
clean	crouch right click to pick up villager
clean	tp me to village?
clean	tf?
clean	mahir im at base
clean	bob89931 dont use cheats bro
clean	nahh bro hackin
clean	zetro28
clean	tps is solid 19 btw
clean	no lag
clean	u did bro
clean	wa
clean	bro what are u guys talking about
clean	where are villaggers
clean	ehhhhhh
clean	in my inv
clean	bc this village only have 3 :3
clean	whats lectern recipe
clean	raad 1 netherite block
clean	in chest villager
clean	4 slab and 1 booksheklf
clean	bro i need 1 bookshelf
clean	luminary_4369_69 i gb
clean	gimmie the iron first
clean	why is there a cp cmd
clean	thedogeshop zetro28
clean	free cp
clean	is the ping good?
clean	n u used esp to kill me
clean	is the ping good? thedogeshop zetro28
clean	how did u cluthc mtyri
clean	i was wondering around
clean	bro just gave me food
clean	bob89931 everyone else is fine br
clean	bob89931 everyone else is fine bro
clean	aight bro u just gave me full dims
clean	like 1 min before end war
clean	brutes
clean	btw mtyri be careful mtyri
clean	btw mtyri be careful mtyr
clean	try
clean	bro get me a bookshelf bob89931
clean	ironn]
clean	bookshelf = prot 4
clean	no villages?
clean	u didnt give me rent yet
clean	raad whats in the altar
clean	secret recipe wrriten
clean	of the legendary weapon
clean	like a chest
clean	no one knows the recipe
clean	there is the recipe wrriten of the weapons bro
clean	mtyri fast tp me
clean	do u have a pic
clean	send me so i can find it better
clean	what whyy
clean	told ya
clean	rohit im tryna get neth upgrades rn
clean	i gave ur stuff back
clean	pwrv it looks unique dw
clean	u started it not me
clean	i was generous to gb
clean	nah ima get hacks
clean	im adding grim rn
clean	before she comes
clean	leave mtyriii
clean	tp me to nether
clean	clutch rohit
clean	how do i tp u to nether
clean	do u have ome
clean	mtyri u good u good????
clean	pwrv where u go
clean	healing rn
clean	ggs
clean	any lava pools here
clean	pwrv wherea re u
clean	pwrv help
clean	pwrv where are u
clean	raad what
clean	thedogeshop wait im sailing
clean	im in mid oif the sea
clean	no gang im looking for altar
clean	what is alter
clean	altar
clean	2 neth upgrades
clean	relaly
clean	really
clean	its in the ocean?
clean	pwrv les go
clean	how u here
clean	fish?
clean	i saw
clean	very cool fish
clean	help me fix this
clean	lectern is not lecterning
clean	zetro28 are u lynx
clean	who knows how to turn doomsday on?
clean	who u
clean	my brain is not braining
clean	lmnfao
clean	zetro28 what the hell are you tryna do with doomsday
clean	cheating
clean	pwrv tp me there les we both sail
clean	yea ik
clean	zetro28 nice doomsday client
clean	guess what
clean	i will go with u
clean	bob89931 i tried
clean	can u check dm rq
clean	it wont click
clean	raad lemme make a traiding hall get me some wood
clean	in dms rn
clean	try p then
clean	world border
clean	we at the end
clean	raad did you not close the end
clean	i didnt yet
clean	lemme do
clean	rn
clean	im right here
clean	how to
clean	close
clean	actually lets go back
clean	lets lick the world border first
clean	plugin
clean	for the dna guy
clean	why does bro have op
clean	elite ball knowlege
clean	to close end
clean	to disable the nether
clean	also zetro28 what are u tryna do with doomsday
clean	hack obv
clean	i palced lcetern its not working
clean	yo raad cheating isnt allowed
clean	right?
clean	mtyri yea
clean	not allowed
clean	if someone cheats perma ip ban?
clean	or 1w
clean	1w
clean	let raad say
clean	1h
clean	not you
clean	zetro28 yo
clean	fym dont
clean	remove yo hacsk
clean	zetro28 admitted to cheating
clean	swearing is allowed
clean	remove yo hacks bro
clean	why tf thedogeshop here -_-
clean	no chat rukes
clean	rules
clean	mtyri br
clean	mtyri brb
clean	bob??
clean	rohit?
clean	bro bob
clean	how to give villager lectern job
clean	where u
clean	where villager
clean	raad is doing what raad does best
clean	here bro
clean	give me lectern
clean	thedogeshop
clean	thuis aubnt akter vbtw
clean	lectern
clean	bro my lectern
clean	yo mahir
clean	this is not 32 chunkcs
clean	give me ur villager
clean	onwho
clean	1 fps
clean	with meeeeeee
clean	with lumi and you pwrv
clean	target acquired.
clean	nitwit?
clean	get me bedd
clean	a lot bed
clean	wait ima go hunt
clean	ppl
clean	yooo bob and raad boutto do thbe bed thing
clean	bob89931 doomsday useless
clean	shut
clean	fk
clean	up
clean	wurst is the worst
clean	om3ga_slayer yooooooooooooooooooooooooo nunja
clean	and bro left
clean	yah
clean	but wirst have auto mine netherite an auto other thing
clean	u do it everyday
clean	u guys know baritone?
clean	raad remove this anti cheat :sob:
clean	pwrv true
clean	thedogeshop yea
clean	my dna inside u
clean	ask raad
clean	luminary_4369_69 son
clean	no proof
clean	thedogeshop what here for
clean	trading hall
clean	nice raad
clean	i knew that raad
clean	we know its you raa
clean	rad
clean	dont remove it
clean	loll pwrv exposed
clean	raad use say
clean	i wanna get revenge
clean	loll pwrv exposed/
clean	lol pwrv exposed pwrv gay
clean	tu bad nig
clean	thedogeshop ur gay also
clean	gng he betrayed
clean	we are all gay
clean	nooooooooo
clean	wtf is this server
clean	whos we
clean	except me
clean	me and lumi arent gay
clean	the rest of you are
clean	ye and coolfih
clean	killaura..?
clean	nah coolfih is gay asf
clean	pwrv we just turned around ;-;
clean	project?
clean	ban bro ban
clean	mahirabsar is this a projectmikoyan refernece?
clean	wbro
clean	raad u can just disable alerts
clean	verbose
clean	i mean we just did a 180 ;-;
clean	add rtp ninja
clean	just disable alerts raad
clean	increase the shi ahh world border
clean	bob89931 can u mine woood for me
clean	world for at 2k
clean	only 2 alters t-t
clean	gonna be here allday
clean	wdym mahirabsar
clean	border is 2k
clean	now?
clean	brochacho
clean	sonnnnnnnnnnn
clean	i will check cords
clean	drive straight
clean	bro-
clean	bob mine wood
clean	right
clean	mine it urself
clean	turn right
clean	brooo its our base
clean	cant u wait
clean	sure i will
clean	if my cat dies im killing every1 on sight
clean	just make it so
clean	raad just send it
clean	everyone have to install
clean	to me
clean	just add it to the fkin serer
clean	thats what im gonna do
clean	its facts
clean	before i mute you
clean	yoo who wants cp
clean	raad u gonna get arrested ongg
clean	mee pwrv
clean	brb imma put the tpack
clean	bett
clean	arrest the cops?w
clean	mate with the cop
clean	let me make water buvke
clean	rate
clean	looking good?
clean	ye gu
clean	gud
clean	i need
clean	stone
clean	netherite scrap melted
clean	6k by 6k?
clean	6 by 9
clean	i think it is
clean	is better
clean	if u know wt 69 means
clean	u found alter?
clean	whos kids are these
clean	bob what did u do
clean	the border is 3k
clean	saved
clean	what are u doing
clean	raad im adding more plugins
clean	add rtp
clean	raad said no rtp for "vanilla"
clean	expand border
clean	aightr
clean	yooo nice cat
clean	dont expand
clean	yea why not
clean	gng too far
clean	./op pwrv
clean	yes op me n0ow
clean	./op **
clean	bob89931 u are crafting netherite armour??
clean	stay in op if u love bob
clean	crafting :joy:
clean	bob89931 craft one for me also :d
clean	bo
clean	yo where is the portal
clean	u are crafting netherite armour?
clean	how so fast
clean	i said ye
clean	yoo go up
clean	just need to get neth scraps
clean	rad where are u
clean	raad aint here
clean	raads gone
clean	ye theres nothing down here
clean	he went bye bye
clean	its so tight
clean	there is a trial chanber somewhere here
clean	oh i see where it is
clean	yo raad
clean	expand world border
clean	mtyri alr did 12k
clean	its at 3k
clean	no more
clean	im lit at world border rn
clean	raad u check
clean	its within 2 chunks
clean	bob89931 how
clean	hack
clean	bro he doesnt hack
clean	xray
clean	bro mtyri
clean	thedogeshop hack allowed btw
clean	i need just one more anc debris
clean	bob89931 no it isnt
clean	really?
clean	yes it is :3
clean	yo what
clean	i thinjk i found it
clean	mute ur mom
clean	shut up
clean	cmon mute ur mom
clean	i cant mute u bob
clean	check border now
clean	im bordering
clean	fixing border
clean	thedogeshop im playing 400 ms ;-;
clean	luminary_4369_69 yes
clean	wait we need slime
clean	bob89931 what should i put in ground
clean	alr check now
clean	this?
clean	bro why i cant attribute swap my spear
clean	no bro
clean	im lt4 in spear
clean	its not working
clean	add attribute swap fixer
clean	nrn
clean	u dont need attribute swap fixer
clean	i found a random structure
clean	key
clean	mahirabsar fr?
clean	its just bug in files
clean	nah u capping
clean	ominous bottle
clean	we getting mace
clean	here come with me
clean	woahj
clean	get ready
clean	i think
clean	omg i found altar
clean	raad does villager infinite trade?
clean	me and lumi here
clean	bob89931 yea
clean	only 1 home
clean	mahir wya
clean	bob come here
clean	key?
clean	bob the builder
clean	raad im heading 3k blocks to the world border
clean	digger
clean	nakeddd
clean	world border is 8k
clean	now i have to make the villager trading system
clean	ong i found hypirion altar on god
clean	raad wtf u donig
clean	gimme raad
clean	i swear
clean	how to check recipe
clean	im chill
clean	i found hypirion
clean	trident kid
clean	le tmee see
clean	but how
clean	how to get
clean	accept pwrv
clean	broo raad accept
clean	ouuu shii
clean	where is altaar
clean	how to get this
clean	dw i /back
clean	alr lemme search
clean	raad accept
clean	i swear i found
clean	raad found what
clean	wait lemme search
clean	bro hyperion altar
clean	no[e
clean	like 50 ptatos
clean	dude pwrv
clean	bro tp him later
clean	ohh wait my ominous effect ran out
clean	luminary_4369_69 stauy here
clean	bro how to get
clean	how to get that
clean	u see
clean	it says
clean	lemme search
clean	chatgpt said
clean	lool
clean	4 iron block 1 blaze powder 1 stick
clean	bro u are drwoning
clean	chatgpt said this
clean	bro asked gpt :joy:
clean	i have set home here
clean	ill check for u
clean	i can get u like 2 iron blocks
clean	les go grind
clean	the thing
clean	mahir femboy
clean	yooooooo
clean	mahirito
clean	nice spawn right
clean	ni
clean	ce guy
clean	downn
clean	ouuu shiiii
clean	choose
clean	get blacklisted from staff or say you love bob
clean	[◎ 1] wtf
clean	[◎ 1] wait
clean	[◎ 1] which token
clean	[◎ 1] yall
clean	[◎ 1] want
clean	[◎ 1] gay raad
clean	[◎ 1] me warden
clean	[◎ 1] nop
clean	[◎ 1] bro
clean	[◎ 1] raad
clean	[◎ 1] wat
clean	[◎ 1] ʀᴀᴀᴅ ɪ ᴄᴀɴᴛ ꜱᴇᴇ yᴏᴜʀ ᴄʜᴀ
clean	[◎ 1] ʀᴀᴀᴅ ɪ ᴄᴀɴᴛ ꜱᴇᴇ yᴏᴜʀ ᴄʜᴀᴛ
clean	[◎ 1] mtyri no
clean	[◎ 1] later
clean	[◎ 1] fym later
clean	[◎ 1] zᴇᴛʀᴏ28 ꜰᴜᴄᴋ yᴏᴜ
clean	[◎ 1] how much does warden do
clean	[◎ 1] idk
clean	[◎ 1] how do i claim
clean	[◎ 1] raad my skin is good?
clean	[◎ 1] we cant claim bro
clean	[◎ 1] wth
clean	[◎ 1] right clikc it
clean	[◎ 1] zetro28
clean	[◎ 1] good boy
clean	[◎ 1] alr
clean	[◎ 1] what is the best token
clean	[◎ 1] stop fighting its not even started dawg
clean	[◎ 1] ban zetro28rn
clean	[◎ 1] chill
clean	[◎ 1] thedogeshop stop using reach
clean	[◎ 1] i have no permm to claim
clean	[◎ 1] raad mtyri stole my warden
clean	[◎ 1] finally
clean	[◎ 1] gere
clean	[◎ 1] raaaaaaaaaaaad
clean	[◎ 1] i cant even claim them
clean	[◎ 1] thedogeshop has a dragon head
clean	[◎ 1] mtyri
clean	[◎ 1] ill launch
clean	[◎ 1] how do u claim
clean	[◎ 1] i added better token plugin
clean	[◎ 1] what token
clean	[◎ 1] is it
clean	[◎ 1] sonn
clean	[◎ 1] you dont have luck perms>???????
clean	[◎ 1] uhuh
clean	[◎ 1] we dont need that
clean	[◎ 1] download luckperms
clean	[◎ 1] you do
clean	[◎ 1] "vanilla"
clean	[◎ 1] no
clean	[◎ 1] for tpa
clean	[◎ 1] fr
clean	[◎ 1] i added tpa
clean	[◎ 1] are u retarded
clean	[◎ 1] genuinely
clean	[◎ 1] luckperms is for command permissions
clean	[◎ 1] gng why would we need luckperms in a vanilla server
clean	[◎ 1] ik
clean	[◎ 1] yall should have perm dawg
clean	[◎ 1] try tpa
clean	[◎ 1] raad me dev
clean	[◎ 1] np
clean	[◎ 1] no one is staff bro its vanilla
clean	[◎ 1] dude
clean	[◎ 1] its not vanilla
clean	[◎ 1] its lit token
clean	[◎ 1] wha
clean	[◎ 1] vanilla doesnt have anticheat
clean	[◎ 1] vanilla = 0 mods
clean	[◎ 1] or plugins
clean	[◎ 1] you have 14 plugins
clean	[◎ 1] actually 15
clean	[◎ 1] jk
clean	[◎ 1] its in eu
clean	[◎ 1] yay
clean	[◎ 1] so 200 ping is normal
clean	[◎ 1] thedogeshop
clean	[◎ 1] i added new token plugin
clean	[◎ 1] give me that dragon
clean	[◎ 1] wahhaha
clean	[◎ 1] give me my dragon token radd
clean	[◎ 1] gng
clean	[◎ 1] raad nig
clean	[◎ 1] gimme my dragon token
clean	[◎ 1] i added xtoken
clean	[◎ 1] we are all revolting against raad
clean	[◎ 1] lag
clean	[◎ 1] im done
clean	[◎ 1] i have chiken token and dragon
clean	[◎ 1] yoo
clean	[◎ 1] dragon is removed
clean	[◎ 1] give me
clean	[◎ 1] give me t
clean	[◎ 1] raad ur so dumb
clean	[◎ 1] k i will trhow
clean	[◎ 1] bro chiken t-t
clean	[◎ 1] u can do
clean	[◎ 1] a cmd
clean	[◎ 1] chicken is better than most
clean	[◎ 1] fuk u lier
clean	[◎ 1] stop
clean	[◎ 1] im 1hp
clean	[◎ 1] im gonan fkin die
clean	[◎ 1] stop using hitbox and farplace
clean	[◎ 1] bro its the ability of chicken
clean	[◎ 1] stop using airliquid place zetro28
clean	[◎ 1] raad are u retarded
clean	[◎ 1] bro raad its thae ability
clean	[◎ 1] its legit vanilla
clean	[◎ 1] 1s
clean	[◎ 1] wait afk rq
clean	[◎ 1] check your dm raad
clean	[◎ 1] give me food raad
clean	[◎ 1] all of us leave now
clean	[◎ 1] mahir leave whilst u can
clean	[◎ 1] huh
clean	[◎ 1] rbo
clean	[◎ 1] brb
clean	[◎ 1] stop using abilities its not even released bro
clean	[◎ 1] ill turn chats off for 10 mins
clean	[◎ 1] sure
clean	[◎ 1] where did all player go
clean	[◎ 1] yes
clean	[◎ 1] its working
clean	[◎ 1] if u do u love femboys
clean	[◎ 1] me
clean	[◎ 1] go
clean	[◎ 1] tf
clean	[◎ 1] lol
clean	[◎ 1] murdur
clean	[◎ 1] i rule you all
clean	[◎ 1] you shall worship me
clean	[◎ 1] haha
clean	[◎ 1] mf killed me
clean	[◎ 1] alright
clean	[◎ 1] im reporting u to sakk
clean	[◎ 1] ima close chts
clean	[◎ 1] for 10 mins
clean	[◎ 1] ni bri]
clean	[◎ 1] retard
clean	[◎ 1] who bro
clean	[◎ 1] vxcd
clean	[◎ 1] bro my bread
clean	[◎ 1] what
clean	[◎ 1] coolfih
clean	[◎ 1] no bro
clean	[◎ 1] i ma getting targette
clean	[◎ 1] help me
clean	[◎ 1] kill og
clean	[◎ 1] is xray allowed
clean	[◎ 1] raad can i have bred
clean	[◎ 1] yall chill
clean	[◎ 1] he cheated and killed me
clean	[◎ 1] yeah i cheate
clean	[◎ 1] bro u just run
clean	[◎ 1] so were you
clean	[◎ 1] relly nig
clean	[◎ 1] guys raad is grinding
clean	[◎ 1] lets target him
clean	[◎ 1] mahir is so far behind
clean	[◎ 1] you chased me aswell
clean	[◎ 1] mfs scaredy
clean	[◎ 1] im targetting you
clean	[◎ 1] whatd i do
clean	[◎ 1] u summoned vexes on me
clean	[◎ 1] "what did i do"
clean	[◎ 1] fo sho
clean	[◎ 1] for the love of god
clean	[◎ 1] disable locator bars
clean	[◎ 1] ok
clean	[◎ 1] gie me bread raad
clean	[◎ 1] u didnt
clean	[◎ 1] bro he toook it
clean	[◎ 1] i didnt even get
clean	[◎ 1] bro creeper token is so good
clean	[◎ 1] are token randomized
clean	[◎ 1] yeah
clean	[◎ 1] creeper is the best one
clean	[◎ 1] spent 3 on pick
clean	[◎ 1] son
clean	[◎ 1] i have baritone coolfih
clean	[◎ 1] yk
clean	[◎ 1] i can download it
clean	[◎ 1] baritone is banned raad?
clean	[◎ 1] wdym
clean	[◎ 1] xray is allowed
clean	[◎ 1] tp me
clean	[◎ 1] idk abt baritone
clean	[◎ 1] i dont feel safe here
clean	[◎ 1] dw im good
clean	[◎ 1] server good?
clean	[◎ 1] i respect every1
clean	[◎ 1] cap
clean	[◎ 1] aight ima hack
clean	[◎ 1] gg ban
clean	[◎ 1] dosent work ggs
clean	[◎ 1] mahir come
clean	[◎ 1] is baritone banned
clean	[◎ 1] i want to murder them all
clean	[◎ 1] mahirabsar
clean	[◎ 1] get outta here
clean	[◎ 1] yo raad
clean	[◎ 1] oh
clean	[◎ 1] btw
clean	[◎ 1] ban
clean	[◎ 1] idgaf
clean	[◎ 1] you have baritone son
clean	[◎ 1] retarted
clean	[◎ 1] w
clean	[◎ 1] you
clean	[◎ 1] youre useless
clean	[◎ 1] niuga
clean	[◎ 1] bro i hear something
clean	[◎ 1] bro raad
clean	[◎ 1] i need food
clean	[◎ 1] i legit have one piece of uncooked mutton
clean	[◎ 1] not even 2
clean	[◎ 1] i have aint nothing
clean	[◎ 1] bro zetro what token
clean	[◎ 1] ouu shiii
clean	[◎ 1] bro left
clean	[◎ 1] mahirabsar u ran from me lol
clean	[◎ 1] well
clean	[◎ 1] i went to grind
clean	[◎ 1] fym lol
clean	[◎ 1] whats so funny
clean	[◎ 1] 67 dmg
clean	[◎ 1] yo we can craft tokens
clean	[◎ 1] how much dmg my creepr did
clean	[◎ 1] raad give me food bro
clean	[◎ 1] yk what
clean	[◎ 1] zetro what token u have
clean	[◎ 1] im cracking her so raad doesnt
clean	[◎ 1] its zetro
clean	[◎ 1] alt of his
clean	[◎ 1] zetro
clean	[◎ 1] what does it do
clean	[◎ 1] tell
clean	[◎ 1] i have best tokens
clean	[◎ 1] whats ur tijen
clean	[◎ 1] whats ur token
clean	[◎ 1] creepr
clean	[◎ 1] mahirabsar ran
clean	i letrally just spawned
clean	how would i kill you with 5 hearts and nothing
clean	also high ping
clean	kya yad rkhuga
clean	thc
clean	meri koi ghlti hi nhi hai to maafi kis baat ki
clean	ha chl k
clean	bhai tu is trha kyu krta hai
clean	mai tjhe apna bhai manta hu fr
clean	sry
clean	tere lye itna bara base bnaya time lga ke apna
clean	bhau
clean	bhai
clean	wait i didnt get the stone age advancment i played this before i guess
clean	ayo
clean	wt
clean	na
clean	mann
clean	isnt this your`s?
clean	bhai shalaan teko pta hai wo dosth mera kab se h
clean	bro ryan mera bhot purana dosth h
clean	or tu bhi aik bahut acha
clean	thank you
clean	i guess i willa fk till day
clean	bhai sry bro
clean	yo prenki
clean	still no prac perms?
clean	ok wait i will get wood
clean	prenki i dont even know aqua like that
clean	sry domsth
clean	he dont even know me son
clean	ye apni pickaxe le aur mai ja rha hu
clean	naui
clean	nai
clean	ye server chorh ke
clean	waht about strix
clean	brooooooooooooooooooooooooooooooooooooooooooooooooooooo
clean	thx for helping
clean	majak mt kr
clean	but we dont know aqua like that
clean	prenki prob
clean	but not me
clean	broooooooooooooooooo
clean	mt krrrrrrrrrrrrr
clean	prenki what u doin
clean	nothin
clean	mt kr
clean	bhai mai chla aur tjhe dc pe bhi block kr du ga
clean	son im in a 1x2x1 box
clean	theres barely space for me
clean	ou shi wtf
clean	balright
clean	oh nice
clean	in ec
clean	eco
clean	aisa
clean	hes gone :d
clean	forever ;-;
clean	i have no idea
clean	he left me
clean	ya ik
clean	i felt bad for him
clean	so much
clean	what did i miss
clean	notin
clean	look my shield
clean	bro my cpu will blow up
clean	ab kyu bulaya ;-;
clean	its at 90% rn
clean	when ur done check dc
clean	imma send it so u can check later
clean	ima try to check
clean	check later
clean	ab kya h
clean	ouu bro
clean	dont say it ehre
clean	hmm bolna
clean	close dc
clean	sry bro
clean	finally some air
clean	ur invis ended
clean	sirf or sirf tere le
clean	lye
clean	nah its fine
clean	ik im dumb
clean	ehgehe
clean	de rha hai ya jau wapa
clean	eghee
clean	wapas
clean	mai save krha tha but fir tu rejoin kiya then mai tere pas agya
clean	hit me
clean	u jollly
clean	sahi hai phir mai ja rha hu
clean	1food bar leftr
clean	anyways uh
clean	imma work on my stuff
clean	im done of these alr im broken player
clean	it worked
clean	vxcd you there?
clean	i was drinking
clean	join eco
clean	teehee
clean	yoo no ac here
clean	tson
clean	michael jackson doesnt work
clean	shix sheven
clean	im bad
clean	super_mikila you have 10 mins to ss
clean	;pray;
clean	chill bro chill ;pray;
clean	les cpvp come mtyri
clean	ast3ria4ev3r wym
clean	ast3ria4ev3r js say it clearly what do u wanna say
clean	mtyri chill bro atleast gice them 10min time so ss and ban sob
clean	it was from before notrohitmc
clean	ohh
clean	son 1d????????
clean	idrk ast3ria4ev3r
clean	i dont really know
clean	only freaking day??
clean	lll bro it should be 7d
clean	its 1d mute only notrohitmc first off
clean	mtyri ik thats what im asking we need more
clean	hes alr banned
clean	should be perm muted for advertising aswell
clean	u sure ast3ria4ev3r?
clean	supposed to be banned before btw
clean	anyone i ban/mute was from old punishment notrohitmc
clean	did it even send or no
clean	oh it sent
clean	2k ping wow
clean	that should be it
clean	imma double check rq
clean	mtyri speedineedthis btw
clean	ohhh
clean	ill do after next flag
clean	i tried muting that guys but i had only 1d perm
clean	whats the use
clean	8-0 p[ray
clean	8-0 dang
clean	lmfao
clean	sonnnnnnnnnnnnnnnn
clean	hm ik
clean	so if u cant do acmd i cant
clean	what else should i do
clean	wait what if
clean	how many totems do u have
clean	alr 10-1
clean	stop getting rage bait u lost 11-1
clean	i normally use eval kit
clean	just test redstone
clean	your opped
clean	its just sever test redstone
clean	one min
clean	yoo mtyri
clean	can you give me something
clean	no sorry
clean	oh good mtyri
clean	i wanted to ask
clean	crash
clean	can u bring me
clean	crashonyt can i tp to u
clean	is prenki demoted yet?
clean	the stack of iron on our base
clean	oh you don't know?
clean	i dont think hes demoted
clean	also you dont really have proof so its really your word against his
clean	me too
clean	if its tp then aqua can check logs
clean	he was tping to me too
clean	without acces
clean	crashonyt
clean	since theres anticheats to prevent fly cheats
clean	so you want me to record it?
clean	come esee the xombie
clean	crashonyt i could ask aqua to check logs
clean	can u bring me the iron
clean	or if you want you can make a ticket reporting prenki
clean	which would be the better option
clean	also wanted to tell you that
clean	calm down
clean	its in the frnce
clean	let me make an invite rq
clean	it is
clean	i can't copy that
clean	are crystals allowed?
clean	only rules are no bug abusing cheating or advertising really
clean	noura
clean	bug abusing meaning
clean	string dupers?
clean	abusing bug basically
clean	do u have a base
clean	pretty much
clean	come tp me
clean	so can we
clean	use string dupers
clean	and if theres a bug in a plugin u cant abuse or u get banned
clean	okay idc about that
clean	can i use string dupers
clean	you cant i believe
clean	dirk idfk
clean	where your iron is
clean	alr bro tp to me
clean	but im not entirely sure
clean	ima find it
clean	i found six
clean	by myself
clean	i have villager
clean	i will get gear
clean	this won't work
clean	lets grind
clean	also mtyri, xray is allowed right?
clean	coffe123 ur permanently muted for advertising
clean	i need lecturn
clean	just want to make sure
clean	crashonyt i believe xray is
clean	dont take my work for it
clean	mtyri can you give me lectrun
clean	since a lot of others told me it's allowed
clean	including prenki
clean	hii coffe
clean	since if xray is allowed
clean	then
clean	tou're doing this wrong
clean	you're*
clean	work
clean	with sweeping edge
clean	which he has
clean	xray should be allowed but im not sure crashonyt
clean	mtyri did you mute coffe?
clean	alr ty
clean	nice mute evade
clean	dirk why are you
clean	riding
clean	mtyri are you owner
clean	say hello to this ban on practice btw darker
clean	nice schematic
clean	put signs
clean	darker if u ever join practice in the next 7 days ur banned for 14
clean	ik bro
clean	ur coffe123
clean	noura why
clean	question
clean	crashonyt?
clean	go ahead and ask
clean	just staff
clean	you don't play the server right
clean	wtf did you do dirk
clean	best acccept
clean	oh wiat
clean	to moderate a bit
clean	so tp to me mtyri and tell me
clean	you and create sheild
clean	wtf dirk is doing
clean	sob
clean	get out
clean	what the hell is this
clean	i beg
clean	it's a flatround
clean	go for wood
clean	i will get something
clean	oh right tp to me mtyri
clean	i tped to you
clean	again
clean	yh
clean	decent progress?
clean	villager breeder
clean	and theres a pearl chunk loader
clean	most books
clean	nice work
clean	yw
clean	one last thing
clean	ik whats wroing
clean	can i add a string duper and a tripwire duper
clean	uh im not sure if they work here at all
clean	best i need iron to create iron axe
clean	and im not sure if they are allowed but u can if u want
clean	bug abusing
clean	well u can go ahead and make one if u want
clean	imma leave
clean	also darker coffe123
clean	bring stone
clean	nice try
clean	wait what else was i gonna do
clean	why the hell do i still have 1d mute and not perm
clean	mrdec
clean	i cant ban for that
clean	whyy
clean	and its allowed
clean	anyone can say it to anyone
clean	now you not ban me
clean	noura??
clean	_zeourai_ pretty much
clean	sr mod
clean	noura i couldnt care if u said that btw
clean	well umm can i hv an e chest
clean	did u report to aqua?
clean	_zeourai_ i dont have /give perms or creative
clean	11alan95 no response from aqua yet
clean	mtyri did u report to aqua?
clean	i think server is loaded mtyri
clean	ill check with aqua
clean	mtri can u accept my tp
clean	oh waittt
clean	it needs reboot mtyri
clean	_zeourai_ wait 1s
clean	how i m become a icemc admin
clean	11alan95 i think ik why
clean	mtyri why?
clean	so thats why
clean	less thats the issue
clean	its for performance
clean	so the server doesnt lag
clean	11alan95 it was crashing often
clean	yae
clean	i would be thankful
clean	11alan95 ill see if he would
clean	_zeourai_ i dont play anarchy much
clean	only to check on it
clean	then wha do u play
clean	mainly eco tbh
clean	just fix the issues
clean	11alan95 not that i dont have time for it
clean	ill tell aqua abt ti 11alan95
clean	i def dont have bob skin
clean	yo bro mtyri
clean	how do u know
clean	i can see that
clean	niga where u at
clean	can u make the server lag less
clean	mtyri no way u use feather/dawn
clean	server is not free _zeourai_
clean	since its for free
clean	they dont make money on it
clean	i myself had a server
clean	only eco
clean	mtyri yo
clean	_zeourai_ that wouldnt make it fun tbh
clean	very important
clean	very important mtyri
clean	there is bills all around _zeourai_
clean	the important thing is
clean	if its not important ur muted forever
clean	999 years
clean	lolll
clean	hahahaahhaah
clean	oh shi
clean	aight so
clean	raad whats ur problem?
clean	11alan95 we are friends dw
clean	duck u bradar
clean	duck
clean	lemme check if i still have the 100 max set stash
clean	secret
clean	nah nah
clean	ouy shi
clean	i have it
clean	who took the sets
clean	mtyri tp and look
clean	the sets gone
clean	mtyri can i tp to u or can u tp to me
clean	uh nrn
clean	i literally dont hv anything to do
clean	mtyri unvanish rq
clean	i have surprise for u
clean	i wanna
clean	nolive ofc took the sets btw
clean	kill u
clean	raad so
clean	unvanish
clean	bobs banned
clean	2 shulk egaps fym why
clean	before i tickle ur pickle
clean	also double blacklist from staff
clean	unvanish breo
clean	behind u
clean	just unvanish
clean	first
clean	ahhahahah
clean	my 100 max sets gone
clean	auight so what
clean	11alan95 not sure
clean	btw guys
clean	1 year?
clean	ez noob
clean	ewz
clean	riznor is back
clean	wildkits time
clean	riznor who
clean	tp for free gear
clean	tpa for moneuy
clean	tptptp
clean	tpa for egirl dating
clean	fghghbnhbngn
clean	tpacept
clean	tp for ga
clean	tpa to date me im 14
clean	ttp for loot
clean	tpa for fre skelly
clean	tpa tpa tpa! tpa!!!
clean	1vs1
clean	tp for free
clean	pvpfthrgawefwdaada
clean	tpa if you want loot
clean	i dont have vc ..
clean	tpa for full daimond
clean	here is wither
clean	tpa if u want,
clean	pvpfthrgawef
clean	tptppttpt
clean	selling warm ocean location
clean	tp for a girl
clean	loot drop i 1m
clean	tpa for spawners im selling
clean	tpa for free loooot
clean	coral
clean	tp to watch me fall from a tower
clean	selling spawns for 3m
clean	is there anyone?
clean	tp for minigjnbhvgycdftqy
clean	hey friend
clean	neth 4v4
clean	free base
clean	builder for hire
clean	tp for fat and meow donut map
clean	tpaccept
clean	5sell
clean	tp for free base loot
clean	t[ fpr 20m
clean	tp to me tp
clean	tpa for 30m
clean	stats 100000 70 90
clean	co,e?
clean	tpa to talk
clean	who wnats fre stuff
clean	10k
clean	help tp
clean	drdonutt
clean	if i accept will yall kill me?
clean	tpa for dragon eg
clean	dexter map /ah vpovio
clean	settings
clean	tpa for loot only vc tho
clean	who wana skelys
clean	yjhgkg
clean	tptpptpt
clean	1vs1 tp
clean	tp to me to buy a full shulker box of bone blocks for 2m
clean	tp me for donut's sister
clean	tpa for money and lootdrop
clean	tpa for free loooot and dr donut
clean	7home 2
clean	free stuff
clean	[ec]
clean	all do /ah and search warmocean
clean	free loot and base
clean	tp if u wanna give me money
clean	tp tp tp
clean	tpa for miguel
clean	.rtoq
clean	tpaslashaccept
clean	yo help a brotha out
clean	how many spawners do you need?
clean	free skellie
clean	theres someone invis
clean	fre styff'
clean	selling base
clean	really big base every one come
clean	elytra dragon head loot drop right now!!
clean	jajaan
clean	tp for free giveaway with gear netherite tpppp
clean	mystery box 1m
clean	1b+ loot drop
clean	tpp forr loottt!
clean	ever
clean	tp me for technoblade's wife
clean	ah sell 15k
clean	a/h milk
clean	here is wither spawn
clean	see /ah
clean	tp me to buy villager
clean	selling medium base
clean	tap to me
clean	tpa to buy spawners
clean	7sell
clean	tppa for loot
clean	tp for a wager
clean	tpa to buy a base
clean	tp for skelys
clean	rtpq guys\
clean	help a brotha out
clean	tp for good loot need dirt block to give
clean	tpa for loots
clean	tpa bc why not
clean	tp for a date
clean	top10
clean	tp for 1.75b lootdrop
clean	tpa for something
clean	tp if u wanna buy some spawners vc
clean	tp me wither is here
clean	tpa for chilling
clean	r ja
clean	tpa to buy spawners vc
clean	tp for mirstry box 3m
clean	skelles
clean	hello guys free elytra /tpa!
clean	pvp
clean	tp;a for 4b
clean	hloo?
clean	selling spawners vc
clean	tp fro loot
clean	tp to battle
clean	doubletime_67
clean	free good loot
clean	free loot drop
clean	selling anime maparts tp to buy
clean	jfhgjgkgc
clean	warm ocean location on /ah
clean	ptptptpt
clean	drdonut
clean	tp for 30m
clean	tp for big build
clean	tp fro myst#
clean	tyy
clean	tpa for ishowglizzies
clean	rtpq
clean	im buying skellies
clean	tp here for free loot/ loot drop
clean	tpa for a girlefirned
clean	tpa for dr wager donut
clean	doubling up to 2x money
clean	im afk
clean	tpa to me for trading
clean	rating's
clean	fgrtg
clean	gdfgsg
clean	tp if ur not afraid of me
clean	dsgsdgdg
clean	df
clean	tpa for skeleton for
clean	sgjdhbjkdg
clean	tpa for 10b
clean	jfiohdjgiujs
clean	i m selling shulker of bone blocks for 2m
clean	ma dai
clean	tpa for fareex
clean	tpptptpt
clean	mystery box 1m tp me
clean	ieoigujop]t]\p
clean	tp to sell me spawners
clean	free monny free base
clean	yo buy
clean	10b loot drop now!!!!!
clean	tpa for farex
clean	so good netherit loot
clean	shsshs
clean	tppa for 500m
clean	tp buying spawners i need pig
clean	tp for free for all dia or neth
clean	trading base
clean	dont tp
clean	tp for 2.5b lootdrop
clean	sellings skellys for 3m
clean	tppa for 10m
clean	tp to watch me fall into water
clean	tpa for stuff
clean	tpa for free loot!
clean	.firey1234734
clean	&home
clean	ptptptpptpt
clean	tp me fast
clean	dirt to elytra
clean	free kelp farm
clean	teport to duel me if u dont fear me
clean	tp for 20m
clean	buying pig spawners
clean	uhhh guys i need an e boy who can give me armor :3
clean	tpa for frreeee
clean	everyone tp me
clean	rtp asia
clean	tpa for m,oney
clean	tpa for hijotortilla
clean	can i see
clean	mystery box 50k tuff stuff
clean	make my skin load
clean	pq
clean	is server lagging a lot for everyone too
clean	o-gieopighjkd
clean	tpa for lototootototot
clean	nsjkshgiks
clean	doubleing money minimum 1-10m
clean	free good items
clean	hbkugck
clean	tp for trade
clean	slashtpa lu333999
clean	fgsgggs
clean	who wants 2.1m tp to me
clean	fhdgkmct,yg
clean	glkjdskgb
clean	tp myst box 6 mil
clean	selling bone block shulker
clean	mnjvksdghnks
clean	tpa for free base loot
clean	tp for buy mystery
clean	do i have to f1
clean	anyone wana duel
clean	jusvjhjiksu
clean	selling mistery box
clean	yop use note
clean	ptpptptpt
clean	i look for a clan
clean	waht was that
clean	tp for free giveaway with gear netherite
clean	gedgedtg
clean	tpa to talk tpa to voice chat
clean	tp 4 a base
clean	tpa for ender drag
clean	tp fro give me money
clean	sgsgdhgs
clean	combat
clean	tp fro lootdrop
clean	rd
clean	gssgsg
clean	selling a base
clean	tpa for flood
clean	can someone tpa o me
clean	tpa for dragon head
clean	gfsgs
clean	tpa to buy your own base
clean	tpa for 10 mill
clean	pt fro bsaae
clean	drggrdgdgd
clean	pttpptptpt
clean	we cool?
clean	selling op mistery boxes
clean	tp for end
clean	tp fro end
clean	tptpto
clean	tp for mysterie box 1m
clean	tpa for free
clean	ptptptp
clean	tp for a baddie
clean	tpa farex
clean	tp fro my baase
clean	trading elytra for a good base teleport me to your base too see if is good i will give you that elytra for it
clean	tpa for netherite
clean	noice
clean	tp if you want to trade
clean	tp for monex
clean	tpa if u have a set and wish to cry
clean	tpa selling mystery boxes
clean	any1 can they tp me to there base?
clean	s e l l i n g-m y s t e r y-b o x e s
clean	tpa for wembu\
clean	bro max tp me
clean	tp everyone tpa
clean	free netherit loot
clean	s e l l i n g-m y s t e r y-b o x e ss e l l i n g-m y s t e r y-b o x e s
clean	tpa nme
clean	tp for cpvp
clean	trading 5 daimonds for 1 daimond
clean	ehsgsgs
clean	free mace tpa
clean	1vs1?
clean	tp to fight me
clean	ef
clean	or to me
clean	welcome to gboard clipboard, any text you copy will be saved here./ah sell
clean	tp to die
clean	sethome 2
clean	can anyone give me some items im new
clean	tp for fun
clean	tpa for loopt
clean	klsfeslfsl,fs
clean	tp for looot
clean	fesfkleslflsk
clean	edysdhhssh
clean	27 times 64
clean	sefeflsf,
clean	sghgssggs
clean	tp to me for netherite ger
clean	every one come here
clean	tp if u hva loot pay me to tpa
clean	tpa for looooot
clean	voice chat here
clean	ghsgsg
clean	tp for 10m
clean	tpa formend
clean	tptppt
clean	asgsga
clean	tpa donut
clean	1 vs 1 for tp
clean	sgsafgsggs
clean	doubling money
clean	dr donut
clean	tp for buying mystery box
clean	how kann i buy
clean	ttsap
clean	tp 4 a base i quit sever
clean	tpa guys
clean	im selling some mystery boxes
clean	tpa for mystery boxing
clean	sellings skellys for 3 mil each
clean	tpa for mysotyr box!
clean	tpa for chill hangout
clean	i look for a clan then tp to me
clean	tpa to me for looot
clean	tp to watch me fall
clean	elfsf,es
clean	hello?
clean	tpa tpa tpq
clean	tpa for fun
clean	tpa for good loot
clean	fsefsf,lse
clean	tpa gyys
clean	sidhskhd
clean	ah bone
clean	tp for a abaddie
clean	tpptpt fro looot
clean	tptppt nety
clean	sdkshndk
clean	.on
clean	sflesl,fse,l
clean	eskfeksf,kk lfse
clean	mystery box 50k
clean	who tryna pay me some money
clean	immmback
clean	.home
clean	dw/
clean	my tp
clean	lootdrop rn
clean	tp for my stash
clean	what tt tpa
clean	skellies
clean	tpa for 1b loot drop
clean	tpa to me i will do anything for loot or money
clean	anyone who can give me 1b
clean	t/auction sell 5k
clean	tpa if you want to help a new person
clean	tpo for give me loot
clean	pay k0re2tuff
clean	tw
clean	kladfkn
clean	sldsajm
clean	ssomeone tp?
clean	tpa for fre eloot
clean	ta
clean	sdlsaldj
clean	send request
clean	pttpptptptp
clean	lfjdlj
clean	mace 1m
clean	asier
clean	tpa for netherite lootdrop
clean	tptptpptptptp
clean	ldjsldj
clean	fight?
clean	doubling money sent me money quick
clean	tp to me unless ur afraid
clean	who can give me money
clean	kyuch to bolo live ma
clean	can someone pay me
clean	sdlsjdlj
clean	tpa for cp
clean	sldsjkdlkj
clean	tpa for free head
clean	tt tpa
clean	tp for gh
clean	tpa for mysotry box 1m
clean	blast prot 4 for 100k, is that cheap? should i buy?
clean	tp for loot drop
clean	tpa tpatpa tpa
clean	tp fro a figh t
clean	tp to ke
clean	can anyone give me something
clean	free base and loot and money
clean	nooo
clean	tptptppt negh a
clean	stop it
clean	;sdk;askd;k
clean	fdgfdfgdfgdf
clean	tpattap tpa
clean	tpa to chill and voice chat
clean	tp for a battle
clean	can someone tp me to x -220k cords
clean	fghbvcgvvbn
clean	s;adk;sakd
clean	ah turtle
clean	gfhfgjukgtzu
clean	buy my targets
clean	tp forr a girl friend
clean	s;dk;sak
clean	rhz65uzrtfgftzg
clean	only players from big fight neth
clean	ah 200iqbaraa for totems
clean	dfgdfg
clean	selling mystery boxes
clean	&sell
clean	tp im quitting tp for loot im legit
clean	selling skellys for 3m
clean	hey wiat
clean	tp for duel
clean	who's quiting can anyone give me something
clean	im not accepting your teleport invite
clean	sjsjjsjs
clean	tpa for dia duel
clean	tr
clean	fight
clean	home 1
clean	everyone can cpvp against me. tp for cpvp
clean	rtpq live
clean	can anyone give me money
clean	can some1 help my
clean	tpa for mystory box
clean	tp for a tpa
clean	\ah
clean	give me riquest
clean	tpa for magic
clean	tpa to free gear
clean	2m mysotyr box
clean	somebody give me a teleport request so i can get about home
clean	ttpt roneb
clean	eksksk
clean	im bored
clean	saodils
clean	sk
clean	selling spawns for 3mil each
clean	skdjsk
clean	ptptptptppt
clean	tp fora a dia kit
clean	sldjksl
clean	lsjdlsj
clean	tpfor ely
clean	tpa for trap for 1m
clean	oeruioeuir
clean	net pvp kit
clean	pttppt fro llooot
clean	tpa for chill
clean	come my world
clean	tpa for netherite duel vc
clean	you have ur sound off
clean	tp for gg
clean	prtpq
clean	tp fro
clean	buy
clean	zsgf
clean	foae;oht
clean	i have a gift
clean	tpa for player
clean	oot
clean	kendisi jssjks
clean	tp for kind
clean	tp lootdrrop
clean	tpa to buy a bone block shulker for 2m
clean	awd
clean	i wanna trade me from a dirt block to better things who wanna help me /tpa drachyx
clean	pvp if you want money
clean	loot drop neth kit tp now dont miss it!
clean	tp for sword duel
clean	tpa to give me gear and stuff
clean	@neowalt
clean	free loot dropfree loot drop
clean	5shop
clean	tp for 500 milion dolar
clean	any1 wanna give me loot or any thing
clean	sdaw
clean	we are hosting lootdrop tp
clean	kakaoaoaa
clean	tp for dia duel
clean	tpa for free nethrite
clean	fkekflmsklfklfm,se
clean	t/tpahere nytherune
clean	00sy
clean	f,lself,es,lf,ls;f
clean	tp for op loot
clean	tp for basw
clean	tpa for 2day
clean	i didi
clean	can anyone give me some loot im new
clean	tpa/
clean	fskfefklsefklsekl,f
clean	can i get enything i just started????
clean	ptp lootdrop
clean	loot drop!!!
clean	tpa for pvp go easy ima new e girl
clean	sdlsadk
clean	tp for a die kit pvp fight
clean	blocks
clean	llll
clean	kdhaksh
clean	hchgcmv
clean	1vs1 for loot
clean	ldfjfasl
clean	selling mysteery booooxeeesss
clean	tpa .preylorpow
clean	can some1 help my tpa
clean	what did you say?
clean	tp for fat and meow donut 5il
clean	friend request
clean	mystery shulker
clean	tp to fight me i use no armour and still win
clean	doing huge loot
clean	tp if you want free money
clean	tpa for free lootdrop 100m plus
clean	map art from farex
clean	buying spawners, tpa to me if u want to sell
clean	tpa for cool trick
clean	its gonna be fun come come
clean	tpa for 2day's pearl
clean	tpfor chill
clean	pt rfo end
clean	player drop
clean	steak
clean	ptptptptp
clean	guys rtpq netherite live
clean	p fro satsh
clean	tpa for big mined land
clean	tpa for fre kill
clean	tpa for loot and items
clean	ha better luck next time
clean	any would give me loot???
clean	gfdgfddfgdf
clean	lksaldk
clean	{home
clean	tpa for m,edia
clean	ghjfgvbtfg
clean	first to send 3 mil gets 50 mil!
clean	ptpt fro looto
clean	sldksal
clean	tp to meet daniel larson
clean	tp now for ffa lootdrop
clean	ptp
clean	ghgfdgfdd
clean	tp for battle
clean	ukjhjkkhjh
clean	7rtpq
clean	tp to me them
clean	tpa for mined out base
clean	tpa for paarty
clean	insane
clean	tp now
clean	lootdrop ffa
clean	tpa for raided base
clean	s/home
clean	(ah
clean	i have a hitman survice
clean	beef
clean	tp for stash
clean	ffa
clean	hey max tp me
clean	can i base w u?
clean	10 v 10
clean	ptp npw everyone
clean	hgh
clean	tpa for auto
clean	tp for starter gear
clean	tpa bc
clean	tpa for panda
clean	tpa for charlie party
clean	ah flint
clean	-ah
clean	tpa to crack
clean	tptptpt
clean	accepting tpas
clean	s/sell
clean	tp for a gear set
clean	who's quiting can anyone help me
clean	tpa for spawns 1
clean	.scematic
clean	tp for hangout
clean	da;lskd
clean	ksjdkasj
clean	tpa if you r a good boy
clean	who want skelys
clean	suin
clean	tpa for spawn
clean	who can give me ely
clean	everyone can cpvp against me
clean	tpvnow
clean	tpa for free loooooot
clean	supercalifragyouligtoss
clean	tpa for loot drop!
clean	tpa .nhocas4499
clean	tpp foor
clean	ah redstone
clean	sdjkslajk
clean	freee looot
clean	1b loot drop
clean	skdjask
clean	tp for 1b
clean	dkjkasj
clean	lootydroppy
clean	just tp
clean	skdjsakdja
clean	tp ato mee
clean	kdsjkajdk
clean	eyys
clean	tpatpatpa
clean	tap to eme
clean	7ah bucket
clean	@.stan
clean	elytras
clean	free gear
clean	tpa if ur rich
clean	tp for big build ok
clean	menu
clean	7t
clean	fgf
clean	dklsjdkj
clean	tp for gf
clean	tpa for vs
clean	jdlsjdlajk
clean	map art from donut meowing
clean	ytegeeker
clean	tp for lootdrop its real 3 neth blockas
clean	guys send me tp
clean	vgufxtyyugcf
clean	fov on
clean	tpa if u like to
clean	saldksaldk
clean	do /ah "rzpz" for some new map arts only 8 maps on the server
clean	lootdrop ffa 200m
clean	for loot
clean	tp for ely
clean	tpa to be friends
clean	spdialsid
clean	buying spawners, tpa to me
clean	gucggcf
clean	sdms.,dm
clean	gimme water bucket
clean	tp to mew
clean	comeone
clean	selling mystery box with 3 skellys 10 mil
clean	tpa for jerk circle
clean	ssdd
clean	tpa for neth block loot drop
clean	tp for a a fight netherite kit if u win
clean	tp for monmye
clean	tpa for free lot and armor
clean	if u want to be in video tpa
clean	its almost night
clean	unbreak
clean	tpa for insane base
clean	ptptpptptptpt
clean	sdkdjsakjd
clean	tpa to me if u want to sell spawners
clean	tv
clean	tpa for my d
clean	oejslajd
clean	tpahere tntalot
clean	tpa for free loot ffa
clean	patpatpa
clean	gabe horn
clean	cheap drill with 10h /ah x37wtf
clean	ah ladder
clean	tpa to buy mystery box
clean	tp for free netherite lootdrop
clean	tpa for netherite armor
clean	home b
clean	pvp pvpvpvp
clean	if u want drdonut meow and hot women mapart pay me 250k
clean	are you german?
clean	t/ah sell 79k
clean	ah, 200iqbaraa for totems
clean	cheap drill with 10h /ah x37wtft
clean	tpp
clean	sadlsaj
clean	sldkasl
clean	rushyyqw can u give me friend request for i can talk to u in pv?
clean	lootdrop now 80m tp
clean	saldjasl
clean	tpa if u wanna buy skellies
clean	tpa for loot or fight me
clean	eorjeo
clean	ttppp
clean	tpahere to me
clean	tpa for elytrea
clean	loot trop come fast!
clean	tpa to buy mystery box i have 50k 500k and 1m
clean	tp for duel bring armour
clean	tpa for elytrea free and base
clean	tpa for kit
clean	tp for trap
clean	tp me to you
clean	fgdfdgdfdgfg
clean	tpa to me i have suprize
clean	ghgfgffghfgh
clean	im new can some1 help
clean	sdosjadj
clean	sleep guys
clean	dsfsdfdsfsdfsd
clean	elyys
clean	546t5rtzt6hgf
clean	tpahere princefv
clean	come here for 50 m loot drop
clean	tp forto come to my base
clean	lsdjslj
clean	tpa for free looot
clean	yo guys im new :d can someone help
clean	fgdfgdfdgfgdddfg
clean	sleep
clean	pttt
clean	sjldjsaldj
clean	tpa to buy mystery boxes, 1m lowest
clean	dlsdkal;
clean	i wanna trade me from a dirt to a better item who want to help me make in chat /tpa drachyx
clean	thx for the business
clean	fdlfkdsl
clean	r/rtp
clean	just comete
clean	tpa for lloot
clean	tpa for 64 end crystals
clean	tpa for kits
clean	tp for free netherite
clean	tpa for my old base free
clean	sorry lol'
clean	help my
clean	ah sign
clean	tttt
clean	tptpptptptpt
clean	tp on
clean	tp for a gear set and some lppt tpa fora fight
clean	tpa for 11m
clean	orders jungle sap
clean	give me ballz
clean	rpt
clean	tpa to buy spawner
clean	dropper
clean	cheap infinity books ./ah froguokok!1
clean	who wants loot
clean	bonemeal
clean	tp stash no loot
clean	,selectmoon2022
clean	p end
clean	tpa if u dont have a puller
clean	tpa to raid my base
clean	who can give me something
clean	free nrtherite
clean	im new some1 can i get some gear
clean	tp for monety
clean	tp big base
clean	tp if ur selling mystery box
clean	selling 550.2k mystery box
clean	tpa here for lots of gear
clean	ah hoppers
clean	who wants skely
clean	free elytras
clean	tp forr lootdrop
clean	7ah sign
clean	i gtg
clean	tp for ld
clean	tpa fto trade for netherite
clean	tung tung shur tpa
clean	water
clean	lootdrop tp
clean	lootdrop 1b
clean	tp doe base
clean	v/ah sell 9000
clean	ah colizu for girl mapart
clean	free base first 3 vin
clean	i need help
clean	dirt to elytra/
clean	bone blocks for cheap
clean	loot drop with netherite
clean	7rtp
clean	my base was raided, can you guys pay me some money?
clean	free equipment
clean	tpatpa tpa tpa
clean	send me 400k for a flood machine
clean	tpa to me if you are bored
clean	shop/
clean	tp for free loot loot drop neth kit tp now!!
clean	7sethome
clean	tp for bg bhfvjwgejknbhr
clean	ffa lootdrop
clean	ptpttptptptp
clean	jsakdjakdj
clean	tpa for free spear
clean	askdjaskj
clean	lot
clean	only friends tpa
clean	eodjsj
clean	tp for big drop
clean	settingsa
clean	selling skellies tp to me
clean	oewuroweur
clean	tpa if you have aura
clean	<rtpq
clean	tpa to give me money
clean	elainawibu
clean	ouweoruwe
clean	sakdjsak
clean	tpa for nethreite
clean	order ely
clean	sldjasl
clean	tpa for a free for all
clean	tp tpa tpa tpap
clean	rtpq elytra giveawway
clean	selling mysetry boxing
clean	skdjsakldj
clean	tp to me to buy bone blocks
clean	tp for mini drop
clean	sell skeleton spawner
clean	disahdi
clean	74.499k
clean	tp for mystiry box 1m
clean	pay me 250k if u want mapart of donut meowing and hot women
clean	tpaptpa tpa tpa
clean	isaac has bought your map for 6767676l
clean	tpa for a straight male to give you head
clean	tpa tpa
clean	tpa to if u wanna buy 31 skellies
clean	tpa for feee looot
clean	qd
clean	tpa for my moms number
clean	ah e
clean	s/setting
clean	yoooo viro
clean	wspp
clean	bad
clean	gng i told u techno was ban
clean	u only banned the other guy
clean	u banned kiyemi
clean	oh mb
clean	its alr
clean	i kiyemi autototem as well
clean	fast ban right
clean	yo notrohitmc btw
clean	anytime someone flags autototem lmk in dms ill tell u when to ban
clean	waue
clean	mtyri aight
clean	i dare you
clean	galact1cturtle dbp
clean	its abit flawed
clean	notrohitmc i donot know how to pvp bro
clean	im not even ht5 btw
clean	ht6
clean	not even sword pvp?
clean	notrohitmc not even sword
clean	oh k
clean	sihokaka123 nice alt btw
clean	whos alt he was
clean	if someone with 0 playtime and kills with no skin joins im banning tbh
clean	aqua still hasnt given me perms
clean	for alt
clean	no dmg
clean	thats what ancchoredds doing
clean	wait do again dw
clean	rq
clean	lwky tuff
clean	alr cya
clean	shark i said stay there
clean	dalrigh
clean	this is why english is important kids
clean	you talking about my spelling
clean	mtyri can u mute mrdec
clean	ok thanks
clean	mtyri can you rtp me
clean	dude..
clean	yo i cant be that untrustable
clean	bro faster
clean	i meannn
clean	whatsup prenki
clean	rtp crashonyt?
clean	mtyri rtp me
clean	ypp
clean	we are about to eat
clean	supp
clean	crash im trusting that you rtpd !!!
clean	what?
clean	im allied with him
clean	hes harmless
clean	yeah i know
clean	im a
clean	mtyri be our middleman
clean	we
clean	arae
clean	about to eattt
clean	see very trustable!
clean	check if darker said hes coffe123
clean	pull
clean	but im not!!
clean	oofters can i hv food
clean	byee
clean	hello mtyri
clean	youre someone i dont know
clean	oh right mtyri is combat logging allowed
clean	check if darker said anything in main chat
clean	crashonyt idk tbh
clean	it is allowed
clean	anyway i gtg tho
clean	wanna see a funny joke?
clean	wym bruh
clean	he knows im not an owner just a sr mod i cant even do anything
clean	trust me we all tried
clean	without hero of the village
clean	imean other too
clean	toher ppl
clean	i have a pumpkin dw
clean	omg ty
clean	aight so oppanak_v2_kboy
clean	zeesh anchoraura detection is very bad
clean	zeesh i said anchoraura detection isnt good
clean	i dont remember
clean	js banned someone in prac for autotot
clean	anything wrong rn?
clean	_zeourai_?
clean	and when was it
clean	alan has recording
clean	practice cheater
clean	wdym cheating what did he dp?
clean	ooh ok
clean	autotot
clean	they are both back again
clean	i see 3 in the bar
clean	dark blue green and blue
clean	wait here ill tp to u
clean	hwo to turn on locator bat
clean	bart
clean	if it was after i wanted him then ill mute
clean	wsp zeourai
clean	_zeourai_ u cant
clean	wdym mtyri
clean	then how i turn on mine?
clean	u cant turn on locator bar
clean	its on by default
clean	how i have one
clean	on by default
clean	bro but i dont hv it
clean	think its bugged ig
clean	aw
clean	bupkees right
clean	1.21.11 thats why
clean	go ahead
clean	that isnt really ragebait tbh
clean	zeesh wait how old are u
clean	so ur 12 rn?
clean	btw i didnt get accepted from staff apps
clean	i lwk js told daxze
clean	he told strix
clean	ryan told uhh
clean	zeesh helper rank is pretty useless ngl
clean	u get 0 perms
clean	bestofbinangonan?
clean	bestofbinangonan im not a tiertester
clean	road to admin?
clean	oh also zeesh
clean	zeesh nice
clean	that rang abell
clean	oh alr
clean	cant
clean	and he didnt join
clean	mtyri tp
clean	dirk u have ender chest
clean	a trap
clean	whatr even is it tho
clean	lowk good
clean	also
clean	andi tp u to me
clean	lets find someone
clean	why that much
clean	1 emerald for em
clean	restocks
clean	someones in prac
clean	cheathing
clean	wym zeesh
clean	yo guys watch this
clean	tuff right
clean	zeesh wym
clean	aternos
clean	in my bar
clean	dirk_sendy
clean	lsiten they're inventory
clean	yall missed out on what he said
clean	it was hella funny
clean	that guy who advertised
clean	nah i didnt wanna waste my time typing that
clean	and he left after it
clean	anyway its hella funny seeing people get mad for getting punished
clean	zeesh son
clean	that cant beright
clean	anyway gtg
clean	anyone used autotot or nah
clean	mtyri tp rq
clean	where did mah egap g
clean	dirk_sendy watching tut
clean	im in. a serious sit
clean	prenki what?
clean	i need your opinion
clean	uh alr
clean	decent?
clean	pretty nice ngl
clean	anyways anyone cheating or nah
clean	prenki btw
clean	anticheat said it was
clean	"modified client"
clean	anyways prac is full of cheaters
clean	so brb
clean	idgaf btw
clean	and i like to say
clean	dirkk
clean	yo yo yoo
clean	extra cheeese
clean	no i awsnt
clean	u were
clean	i was just
clean	i have ss
clean	you know
clean	yk what else is funy?
clean	funny?
clean	i hack enough already on others
clean	"i havemeteorbut i dont use it
clean	gnggggg
clean	what happen
clean	breh
clean	prenki check dc
clean	dirk do we want
clean	a ht3
clean	yo rq tp me
clean	idfc
clean	and im on 1hp
clean	yessir
clean	i told u
clean	mtyri is on 0 fp kill hm in her bed room
clean	ong i missclicked
clean	vmxrnt???
clean	that makes no sense
clean	anwayys prenki
clean	crashonyt i believe u can
clean	i wasn't talking about you
clean	attention seeking istg
clean	yo so prenki rq check the gc
clean	son prenki stfu now
clean	whos ht3
clean	proud to say
clean	dirk_sendy 10 people??
clean	saybit
clean	ur ht3?
clean	in mace
clean	i'm decent in sword and shield
clean	like lt4
clean	so do we need it
clean	yo wait i can perm ban?
clean	let me try it rq
clean	i can't even ban
clean	oh aight
clean	wait don't try it on me
clean	had baltop 1 on it last ssn
clean	10q exactly i think
clean	need help?
clean	yo bupkee
clean	les go home
clean	dirk so do we need one
clean	the ht3
clean	no)
clean	hes porb lying
clean	crystal ht3
clean	sword lt2
clean	blast prot
clean	we don't
clean	for cpvp
clean	then that's useful
clean	ewww thorns
clean	i know how to xbow
clean	thorns are good for pvp
clean	good for me bad for them
clean	for combo
clean	anti combo
clean	need?
clean	we need
clean	nga
clean	we do not
clean	alr ´baka
clean	its a cheap host btw
clean	bupkee cmere
clean	we can tell sob
clean	take a job
clean	what should i do
clean	why u chug an egap
clean	no inventory
clean	yo btw prenki
clean	we do wait
clean	shark 1
clean	sharp 1
clean	im tired
clean	then dont be
clean	cheater in prac
clean	gone
clean	we lowkey need blaze rods
clean	ima go make a farm
clean	or nah im lazy
clean	if you want
clean	for 10 min
clean	itll be like 32 blaze rods with looting 3
clean	how the hell did i escape that
clean	yo i need to repair my ely
clean	like 7skele
clean	oh im 2hp
clean	no shop and ah?
clean	can u go get food
clean	ima go farm punishments in prac
clean	well im not really a pvper so i would prob not know the diff much
clean	but zoraisagod its best if you get a recording
clean	whos cheating
clean	you sure they are a cheater?
clean	who did
clean	but if they keep cheating next time get a vid and make a ticket
clean	yo yall know itsjelly?
clean	bro im stuck
clean	mtyri\
clean	let step bro help you
clean	im making a water column
clean	and the anticheat
clean	so im in a corner getting pushed my water
clean	where the hell are you
clean	not being able to break anything
clean	im down the water
clean	thing
clean	shi
clean	i can't breka anything
clean	i dont see u
clean	you there?
clean	look at locator
clean	bar
clean	i see 3
clean	yes there
clean	idh im on 1.21.4
clean	right down
clean	i cant rn i need to kill creepers
clean	gimme food dirk_sendy
clean	i have nun
clean	mtyri do you have spectator
clean	and see
clean	try tpaing out
clean	fix your anticheat though
clean	what can i do bro
clean	yall know itsjelly or no?
clean	gimme one
clean	one what
clean	gun powder
clean	whatt
clean	it was day
clean	cmere
clean	did prenki tell why he left
clean	or nah
clean	yk wha
clean	just perfect timing
clean	yo guys rq
clean	did anyone see itsjelly playing?s
clean	it has a built in proxy changer
clean	icemc has anti proxy/vpn
clean	if you awnt
clean	ive banned someone
clean	like 15 times for ban evading
clean	15 times bro
clean	and another like 6 times
clean	but yeah i can go change my proxy on meteor right now to see if it works
clean	try it for me rq
clean	i could but idh proxies
clean	yoooooo
clean	how to go down
clean	yo anchoredddd
clean	kaizenskie wym
clean	_doomedcow_ ik the anticheats bad
clean	its pretty easy to make an acc
clean	teyy wym no tt?
clean	anchoredddd no?
clean	teyy im not atier tester
clean	teyy when we have a tiertester ig
clean	anyway ima leave
clean	aight mtyri one sec
clean	ofckaizan
clean	dirk_sendy lets pvp in 7 days
clean	wdym in 7 days
clean	i will get gears in 7 days we will fight
clean	yo kaizan
clean	kiddo
clean	7 day?
clean	who took ec
clean	with proxy?
clean	ban me
clean	without proxy
clean	u dont need to be banned btw
clean	just try with proxy
clean	yh ik
clean	just try
clean	unban me later
clean	ip or just normal
clean	normal first
clean	notshxrpenough get me full dia kit ok imma come in 30mins
clean	yeah i can
clean	unban my alt
clean	and try ip
clean	still shows ur banned
clean	this acc?
clean	nah on ur alt
clean	tell crash i gtg
clean	how is bro using magic
clean	oh okay
clean	[<none>]  |  <none>asdkjsd  has joined!
clean	crimsonauraa_lt5 im not atier tester
clean	these cheaters lwk pmo
clean	can u tp rq to open it vro
clean	yes wait
clean	for why u keep getting kicked for auto totem
clean	they do?
clean	daker and coffe are banned
clean	bestinbulacan?
clean	ig ill ask aqua if i should ban
clean	bestinbulacan im not a tier tester
clean	well idk what to do bestinbulacan
clean	very funny trust me want_too
clean	maybe dont cheat next time
clean	crimsonauraa_lt5 none yet
clean	ig ill ask aqua to hire a tester
clean	crimsonauraa_lt5 she mocked my religion and said other inappropriate stuff
clean	if ur blacklisted = cant get hired again from staff
clean	if u were staff before ofc
clean	u can see things u cant see normally
clean	strix and aqua i believe
clean	your welcome
clean	cinoxic_xd wanna see a funny joke?
clean	wrong person
clean	alot of the time*
clean	if u anchor fast enough you get kicked
clean	im only here to ban cheaters ngl
clean	jobillecpvp0 anchor macro?
clean	with 20 blocks thats crazy
clean	yeah ik
clean	200k with 20 blocks is crazy
clean	yeah ur stacked asf
clean	yeah ur getting baltop
clean	i said u will
clean	idk tbh
clean	200 i think
clean	i get like 20k in a few mins
clean	or less
clean	yeah im prem why
clean	zeesh how
clean	wait why
clean	no wonder
clean	51ms in singleplayer?
clean	sealord_playz i dont pvp
clean	ht4_dominator?
clean	0/1ms
clean	alr zeesh
clean	sealord_playz idotn really pvp so i cant really say whos cheating and whos not
clean	unless its obvious
clean	several
clean	btw zeesh
clean	i alr knew before zeesh
clean	what was i gonna say
clean	nolive btw nice gmc abuse in anarchy
clean	zeesh up to you
clean	:broken_heart:
clean	140lost subs
clean	uh i dont really make yt vids
clean	im not gonna rate anything stop :sob:
clean	for what zeesh
clean	no skellies for u
clean	im still waiting for my perms in prac
clean	lwk i should be promoted to admin or jr admin yk
clean	im basically online 24/7
clean	what can we do crazyguy03
clean	anyway i gtg
clean	zeesh no skellies for u
clean	i dont trust u
clean	zeesh not u btw
clean	and i js dont give skellies to anyone
clean	should i buy prime elys from ah when eco is on or nah
clean	zeesh maybe a few
clean	but in return i get the farm u made
clean	i dont need gifts trust me
clean	and im really busy so i gtg
clean	anything else
clean	harm4ulmarci???
clean	if u really use hacks then use auto totem
clean	then screenshare
clean	what was that
clean	he left
clean	sonnnnnnnnnn
clean	practice dead huh
clean	nfa
clean	lollll
clean	yooo mtyri
clean	vro it autokills u so fast
clean	yo dirk_sendy no hate speech or ill mute for 67years
clean	u need a backup boy
clean	make a visible trap
clean	practice is dead
clean	then fall in it
clean	dirk_sendy its a joke dw
clean	then when they try to kill u
clean	activate ur trap
clean	so they fall into a different trap
clean	aslong as u dont cheat/advertise its alr
clean	i mean i cant store it
clean	bro failed
clean	bro fell in his own trap
clean	crazy
clean	well he knew it was thre
clean	bro prenki why hate speech
clean	mtyri it's allowed gng
clean	undercorev
clean	accpet prenki
clean	yes or yes guys
clean	no no no
clean	or
clean	you have to
clean	what was i gonnad o
clean	nothing
clean	mute prenki ithink
clean	u can't mute me
clean	too late tho
clean	i can
clean	u wana se?
clean	1 sec
clean	&a test
clean	bros capping
clean	dirk_sendy shadow fighting
clean	accept prenki
clean	i willl die prenki
clean	totem popped
clean	prenki fast
clean	1v3
clean	prenki ?
clean	i dont even have gear
clean	i was gonna die
clean	runner
clean	someone kill noura rn
clean	check his ip
clean	yoo gear
clean	come here rq
clean	i lot all
clean	my gear
clean	hm?
clean	watch me
clean	ima
clean	help dirk_sendy
clean	yo follow me
clean	i dunno bro
clean	bupkee i dont have anything dw
clean	ou shi ely
clean	my gear imgumanojd320
clean	alan
clean	bupkee i need iron nr
clean	prenki tp
clean	vro alan
clean	cme here
clean	that was a joke
clean	eu
clean	ih iron
clean	loll
clean	what do u want zeo
clean	sonnnnnnnnnnnnnn
clean	dihh
clean	tp to me ez
clean	prenki im bored gng
clean	i dont want nothing
clean	what bruh
clean	everyone including me
clean	noura tp
clean	yo tp get yo loot twin
clean	yeah mrdec is noura btw
clean	why imgumanojd320
clean	yo should i mute mrdec
clean	z wabt the loot
clean	nah idn
clean	who want to fight me
clean	ez win
clean	why dirk_sendy
clean	i was in prac today
clean	someone tried to mace me and killed himself with the crystal i placed
clean	ahh
clean	wtf trap
clean	gng u lt6 right
clean	lt7
clean	i dont even know how i killed him bro
clean	dirk_sendy?
clean	_zeourai_ bro u have 20k ms
clean	he didnt have a totem on
clean	im lagging like crazy
clean	ban me for 1 sec
clean	thats demotion speedrun gng
clean	ez leave
clean	yo bro
clean	demotion speedrun
clean	can u tell me how much dmg i do?
clean	yippe
clean	alr cya ez
clean	wanna go practise
clean	around 6.5 hearts
clean	k ty
clean	my ping is 200ms
clean	yeah mie too
clean	imma try my crystal speed in prac tbh
clean	mine too
clean	and imma see if theres any cheaters
clean	ay w
clean	i wanted to trap u and then tp u back to me
clean	_zeourai_ why did u die like that ;-;
clean	w trap
clean	bro that wasn't the part of the trap
clean	do i have ts
clean	wanna try to escape
clean	wanna see a funny joke or nah
clean	alr wanna try to escape
clean	bor
clean	can i have my 50 wheat back?
clean	yo player
clean	bro if u do this too much it can glitch
clean	i know.
clean	how is bro chatting and muted
clean	zeo
clean	try to escape
clean	player
clean	dirk player
clean	you all noob
clean	faah
clean	where did he leave
clean	can i hv my gaps back too
clean	dang bobs still banned
clean	i had 5
clean	idk ima try
clean	dw baka
clean	dalright
clean	and i have a totem
clean	and its 5 blocks zawg
clean	for what
clean	u have max sword
clean	we don't need to kill ts guy
clean	and had all netherite
clean	bro he needs to be banned
clean	11alan95 i was joking :sob:
clean	i wasnt being fr dw
clean	its been a week so full neth is normal
clean	im half my hp
clean	kill that boy
clean	ryan made an anticheat
clean	guess how bad it is
clean	yo myhri
clean	guess how bad it is tho
clean	killing an unarmed guy
clean	for fun
clean	sonn.
clean	this is what u are good about
clean	then sprinting
clean	vro u want the loot or no
clean	did u get banned for breathing
clean	did u get banned for joining
clean	btw prenki go dc dms rq
clean	i can't ng
clean	just ping
clean	ill say in dms
clean	lento
clean	sent u in dms
clean	i know prenki
clean	mtyri i have 0 knowledge in that sho
clean	that was a fking fair kill
clean	why would u even do that
clean	does anyone has netherite
clean	aww
clean	ur so jobless i'll give u a job
clean	alr nga
clean	ey
clean	prenki u too good of a boy rn
clean	easy
clean	kill noura
clean	bro.
clean	one of u here has to know abt sus chunk
clean	here take a job
clean	krypton?
clean	yea prenki
clean	ye ik
clean	hours come here
clean	yk what i mean prenki?
clean	one
clean	hello ig
clean	mtyri ban noura
clean	whgy
clean	he has illegal items
clean	proof/
clean	including anchros
clean	aacheck
clean	achekc
clean	which items
clean	anchor
clean	dude wtf
clean	who banned him
clean	ntw
clean	u sure they are banned anchors prenki?
clean	check his sethomes
clean	anhcor isnt banned
clean	are
clean	u said it was bro
clean	wherereee
clean	dude he might be nolive
clean	that guy is in no prot armor
clean	armors
clean	bro u said noura has illegal items
clean	also this guy tried ban evading
clean	but he barely play
clean	and talk
clean	prenki he had 5 anchors
clean	u sure
clean	i have invsee
clean	i do
clean	now i js false banned someone
clean	unban
clean	are crystals allowde?m
clean	prenki ur an idiot
clean	icl
clean	dirk_sendy no
clean	nolive
clean	prenki gng
clean	i beg u
clean	on all my 3 legs
clean	wait mtyri what is ure staff role exactly
clean	bupkeee
clean	i love you mtyri
clean	wedomax sr mod
clean	dirk_sendy not the real bupkee
clean	bupkeee with 4 e
clean	so sad
clean	playing
clean	can u atleast check noura sethomes
clean	tell someone else
clean	but why
clean	bro ree is sr admin without anything
clean	ouu
clean	gng.
clean	mb baka
clean	prenki gng why
clean	why do i check noura sethomes
clean	sure vro
clean	yo waitr
clean	oh btw prenki
clean	im working on krypton sus chunk blocker
clean	u think itll work?
clean	want sum armor
clean	this looks
clean	nah i dont think so
clean	so what was i gonna do again
clean	broddy
clean	nahh
clean	i dont think soo
clean	na bro
clean	yk just for uh
clean	sswiz
clean	safety measures
clean	safety yk
clean	ipban instead of normal
clean	yo tz
clean	whats it with u and top fruit
clean	can u ban me for 1 sec
clean	u wont
clean	be banned
clean	i want to
clean	gng im not tryna get demoted
clean	gimme ec
clean	prenki'
clean	prenki udont have /ec perms?
clean	do /ec prenki
clean	no perms
clean	yo wait why cant i do /ec
clean	watch
clean	give me mace rq
clean	ill show u
clean	alr vro
clean	im trusted
clean	he is da staff bro
clean	im fr
clean	he is from antarctica
clean	i gave uyii0 2q on eco last ssn for meowing
clean	dirk
clean	why u need it
clean	mtyri can u check my ec
clean	to show u i can do /ec
clean	prenki i cant
clean	why cant i give u
clean	flint ant steel
clean	it wont work without
clean	steal
clean	do u have /endersee
clean	but no perms to view other ed
clean	ec
clean	shucks
clean	any item rq
clean	kill me rq
clean	brody
clean	now watch this
clean	hacks
clean	yo why i cant do that
clean	can i tp?
clean	who sthis
clean	lagg
clean	prenki demoted to helper
clean	u frigging adolf jackson
clean	get raad on here
clean	yo prenki wsp
clean	tansq
clean	its 2pm for him
clean	yall
clean	itds 2 pm for me too (:
clean	yo guys im xraying 1000%
clean	i xray all day bro
clean	no virus hack rat
clean	prenki ok
clean	we should doa challenge
clean	a sweet fox
clean	can u thorw a pearl
clean	ehceys
clean	sorry
clean	take the totem
clean	ayoooo
clean	mtyri force kicked me
clean	clip that
clean	if i did it would show
clean	yo stop figting me
clean	yo im reporting mtyri to demotion
clean	mtyri anchor not allowed
clean	yo demote
clean	tatta wym
clean	i beg u on all my 3 legs
clean	prenki u ban if u do
clean	yes i m noura
clean	i wont pop u
clean	all 3 legs vro
clean	looll
clean	dirk_sendy tp me to ur base
clean	anchar allowed
clean	xf
clean	prenki answer tatta
clean	it's allwoe
clean	alr pop me now
clean	then why u told me to ban
clean	why you ban me mtyri
clean	stioopp
clean	prenki told me you had illegal item
clean	what kind of illegel item
clean	is it legal to kill u
clean	and ur unbanned
clean	killing is illegal
clean	yw tatta
clean	dalr
clean	fibnally i can get baneed
clean	you dont getbanned
clean	u get arrested for murder
clean	can u ban ppl
clean	dang it
clean	thanku
clean	yw noura
clean	wa9t
clean	imma work on sus chunk blocker
clean	do u have creative?
clean	mtyri why i can't /tempban
clean	no idont
clean	try ban not tempban prenki
clean	there's no /ban
clean	prenki u dont have perms
clean	itz
clean	bob had gmc and abused
clean	wanna go
clean	play a serv
clean	what server
clean	dirk_sendy do not send ip for the love of god
clean	ts is lowk best one
clean	ltes do it rn
clean	yez
clean	gng why
clean	i wanan grind
clean	yes base yes
clean	yo guys im tping everyone to dirk_sendy
clean	accept dirmk
clean	\tp all to dirk
clean	he wasnt playing
clean	wanan do it rn
clean	hello(printworld)
clean	read my msg
clean	prenki son
clean	sure ig
clean	alr bete
clean	prenki how download opsec from store
clean	opsec
clean	bro i see people ontiktok
clean	bradar download on ph
clean	wherec my ec
clean	they say opsec good no opsec bad
clean	if u dont ban me for 1 sec ima crack u
clean	yo dirk
clean	accept myhri
clean	im flying there
clean	im flying 900million bps
clean	im at world border
clean	ima get waypoints rn
clean	yo tp everyone to me
clean	yo dirk ima get way points
clean	no dikr
clean	dont do it to me
clean	good idea
clean	do it to noiura
clean	prenki tpa
clean	accept dirk
clean	hyy guys i'm neww
clean	xe fr noura
clean	hyyy
clean	where u go
clean	tp to ,me
clean	sorry prenki i haveto do it
clean	some random typed these signs
clean	anybody try i m ban for this server
clean	sorry prenki
clean	\ban prenki gmc abuse i think
clean	ban prengi
clean	prank me
clean	acnro)es
clean	itz tp already
clean	\ban prenki 10d he is to good
clean	ye fr
clean	he had enchantors
clean	prenki hacker
clean	swiz
clean	can u tp to me itz
clean	dirk_sendy can i see ur base
clean	u said he had anchors
clean	yo so
clean	everyone i have one last word to say
clean	so basically
clean	prenki is a femboy
clean	yo someone clip that
clean	no one is clipping gng
clean	dik
clean	dik ago
clean	nolive tried joining
clean	dikago
clean	fuh
clean	i told u bro
clean	im noura
clean	i see everything.
clean	itz can u tp
clean	hkthe v2 bro
clean	can u tp
clean	or 5
clean	itzz
clean	gimme some food
clean	vor)
clean	i didint tho
clean	comee
clean	jlk
clean	best server
clean	jokeee
clean	let me see
clean	awit
clean	no no wait
clean	tp to e
clean	zno
clean	tp to me-
clean	oh the trap
clean	acept
clean	bro idh shears
clean	another one
clean	yooooo
clean	wat u saying?
clean	wat u want
clean	noth
clean	it was acciendt
clean	mace atack
clean	gimme that and ill show u my base
clean	naaa
clean	can i?
clean	u want loot
clean	poor guy
clean	aiwt
clean	let me try to get out
clean	a grit for u
clean	gift
clean	do u like my trap
clean	guys trust me
clean	prenki loves uhh
clean	let me check the gc
clean	let me get my shears
clean	oh yeah
clean	in {peace
clean	bruddy
clean	who's werner
clean	i was 1 hear
clean	stop{
clean	mb prenki
clean	prenki so
clean	what happened
clean	anyway'
clean	dang i missed out
clean	mace me dirk
clean	foodododd
clean	let me try to escape bro
clean	let me try to escape
clean	guess what i js bought prenki
clean	the trap
clean	uymm
clean	wta
clean	i didint fall in
clean	suschunk anti
clean	i may have bought antixray
clean	for like
clean	i dint fall in
clean	let me check
clean	it was
clean	like ! pixe
clean	u standing on a pixel?
clean	shii vro
clean	28.5usd
clean	expensive antixray ng
clean	stop hitting prenki
clean	how dare u
clean	okay dad
clean	i accidentally broke a piece of slime
clean	he destroyed
clean	2 slime blocks
clean	i have the sliem
clean	gimme food
clean	i rleaize
clean	ezz
clean	foode
clean	u can tp awway'
clean	u can tp away
clean	if i will hit u
clean	let me escape
clean	brop i just did
clean	let me try to escape fr
clean	fix it
clean	and hten let me
clean	nolive btw nice alt
clean	yo kenzerogm wanna see a funny joke?
clean	wym wait what gng
clean	isnt eh
clean	archivevoid wana see a funny joke?
clean	saishinichi_ only the anchor aura is false
clean	bro i cant do anything
clean	saishinichi_ who banned you tho
clean	and what was ur user
clean	saishinichi_ what was ur original user so i can check
clean	yeah ur auto toteming
clean	so someone uh
clean	wanna go with me
clean	crash or
clean	crash or sharklez
clean	imma charge
clean	11 percent
clean	imma be back
clean	dirk_sendy my sword >
clean	i have gapple no weakness
clean	lsot
clean	nxaus the anvil broke
clean	what mtyr
clean	mf had like
clean	more autototem flags than anchoraura
clean	how to remove trim
clean	yo sharklez or crash
clean	come help me rq
clean	i need sponges
clean	imma charge my phone dirk
clean	yo guys should i ban ht4 for using elyswap?
clean	mxlis im not a tiertester just mod
clean	ht4 screenshare
clean	not tpa
clean	he said sh and left
clean	so its insta cheat
clean	this is so funny
clean	how much kills does benzy_v1 have
clean	yep nice chear
clean	drift1616 sure
clean	vqxerparlt not a tiertester
clean	too many cheats lmao
clean	hey sv2lynxm61
clean	sv2lynxm61 bit busy rn
clean	not autotot elyswap
clean	x4roon_w7 you cant ss players btw only staff can
clean	wait brb im ssing someone
clean	so mute in ninja way :v:
clean	and im alr ssing someone
clean	yolooo1023?
clean	anyone else?
clean	benzy_v1 what are u doin gng
clean	raad yoo femboy
clean	uh i think
clean	but idk
clean	athroxz its /train
clean	raad why do u still have bobs skin
clean	yo guys wanna see a funny joke?
clean	its so funny trust me
clean	hear
clean	its a funny joke trust me
clean	40 bans so far i believe
clean	51 bans in 2 days is crazy
clean	oh btw raad
clean	they give atbp servers to sell
clean	or they buy
clean	some day
clean	if raad is still wearing bobs skin its never coming
clean	he also likes sydlove and shes 9
clean	as coolfih once said shes 9 on a good day and 10 on her birthday
clean	aight ig
clean	i need to ely kace
clean	hey mtyri
clean	tp to me mtyri
clean	i dont support ely macers
clean	im new
clean	good foundation for a god stash?
clean	uh yeah i do
clean	well i dont
clean	nice foundation tbh
clean	wyd
clean	i have ominus efect left
clean	btw it's been a whie since i've seen the end
clean	checking crashonyts stash out
clean	uh anything else?
clean	not really\
clean	sup mtyri
clean	sup
clean	can u ban me foir 1 sec
clean	like the exploit
clean	all 3 legs
clean	crashonyt wym
clean	it's not disabled\
clean	also can you tell him
clean	spear mod
clean	that removes hunger
clean	whtvr
clean	it's not
clean	dirk_sendy coal
clean	you can lunge infinitely
clean	for my food
clean	what's grimac
clean	9 min
clean	and crashout
clean	if u help me
clean	sin
clean	do what
clean	i have 9 min left
clean	self explanitory
clean	i said no
clean	i didnt see
clean	mtyri look
clean	get screenshotted baby
clean	dirk_sendy what
clean	this is how much i can lunge
clean	its so laggy
clean	tp to me itz
clean	taht's it
clean	what do u need
clean	that's*
clean	and ur out of my render
clean	take anything u want
clean	ow
clean	this is his hut
clean	i made a new farm
clean	wanna see
clean	flw
clean	dirk_sendy im out
clean	i need 10 stacks from u
clean	dirk_sendy or wait
clean	;-p;
clean	alr 5
clean	exp + ems farm
clean	bro ez
clean	owwww
clean	dirk im gonna hop off
clean	take helmet on nga
clean	alr crasj
clean	im gonna come back in an hour
clean	i have 6 mins left of the ominus efect
clean	leave the items in the chests
clean	ngaa
clean	take the spider eye
clean	i have dw
clean	yo we are rich
clean	i have 7 more ngaa
clean	free money
clean	aight bye
clean	aight big bro
clean	dada im hungry
clean	chill guys
clean	ez kill
clean	alr itz im ocming ez
clean	with totem
clean	dirk_sendy why
clean	for. invis too
clean	to da baze
clean	i built this for ems tho
clean	keep that list in mind
clean	all of nolives alts
clean	hell nah
clean	i give totem
clean	find anither trial
clean	i iwll
clean	trade for tot
clean	bor wait
clean	tell me on dc
clean	all of nolives alts rn
clean	ima foind anotehr trail
clean	alr ima go grab bad omen
clean	u missed out
clean	mtyri gear
clean	and also adolphin?>
clean	yehia123musle i cant spawn in items
clean	what happend
clean	foudn 1
clean	and idh items
clean	nxusgive emerald i give totem
clean	mtyri i can tp to you
clean	wiat u doin here
clean	crash tped me
clean	anyways prenki guess what
clean	dikr
clean	im at 300+ punishments rn
clean	bro abyss uu have like the worst spider farm possible bro
clean	weait
clean	go down like a good boy
clean	like bro nuxs
clean	i need 80 tickets bro
clean	i have a shulker of totem look
clean	tehres someone
clean	why im turn to advuntre
clean	go dwon
clean	fym shulker of totem i have more than just 5
clean	no.
clean	you dont trust ?
clean	boi
clean	it ain't bout trust
clean	waiot
clean	to the one
clean	that i have sethome ;-;
clean	i found
clean	srry
clean	wait theres a guy
clean	oh my
clean	god
clean	thats imguno
clean	i know a guy who knows a guy who knows another guy
clean	ima rtiptide
clean	59 to be exact
clean	yo prenki or _nxus can yall pumpkin
clean	fohjnd 1
clean	accpet
clean	u ain't remember what i've done gng
clean	goon
clean	pro
clean	oh my gosh
clean	prenki wait
clean	u stupid
clean	wait for waht
clean	why all ppl
clean	so mean
clean	i mean not mean
clean	not gratefull ;-;
clean	yellowcrystal hi
clean	if u get 1
clean	u good food?
clean	yellowcrystal where are you
clean	yo _nxus
clean	wanna go on a trial
clean	im hungry for bolt trtims
clean	yellowcrystal do tpaccpt
clean	wait fr?
clean	what do i do
clean	co,e here
clean	foododododod
clean	load ts onbe in
clean	yellowcrystal make axe
clean	come prenki
clean	take food
clean	yellowcrystal one wood
clean	down tehre
clean	ik kid
clean	whers the vault
clean	gmme food too
clean	yellowcrystal im grind food
clean	dikr ;-;
clean	hjere
clean	no food for dirk wendy u dawg
clean	yellowcrystal get coal
clean	bro ;-;
clean	gimme key
clean	yo guys wanna see prenki get banned live?
clean	yellowcrystal mine
clean	mtyri istg if u kick me bro
clean	yellowcrystal mine i gonna get foos
clean	hes getting foos rn
clean	idk what that is
clean	foos
clean	im gonna find base
clean	yo bro i found base
clean	yellowcrystal why
clean	yellowcrystal im xrayerw
clean	come open
clean	idh key
clean	yellowcrystal you in nether
clean	io iwll give u
clean	sharing is caring
clean	bro wth
clean	dirk time key
clean	givv
clean	brp\
clean	whers
clean	ngas
clean	give me some puh
clean	spider
clean	give my heavy
clean	whers the spier
clean	u greedy asf
clean	no key
clean	good booy
clean	it
clean	itz have 4 heav
clean	and didnt want to give me
clean	ew
clean	u mad greedy gng
clean	prenki i have 1 thing to say
clean	yk beuford?
clean	whers thge soider?
clean	stfu gng
clean	ima be back in 30 min
clean	bro stop dirk
clean	whats ur problem
clean	why u keep thinking im bad
clean	and i will steal
clean	noo u wont
clean	bc
clean	uy can hit me
clean	bro no bad words prenki
clean	with a trident
clean	diurk
clean	mtyri it's allowed nga
clean	i dont wnana fall off
clean	thats why
clean	oh so it doesnt kick
clean	dang bro
clean	alr alr
clean	should i random?
clean	locki n
clean	straight shu
clean	gimme one more key
clean	gime ominyus
clean	alr come
clean	time to ban cheaters in prac
clean	yo wth
clean	yea couldnt find any
clean	lemme use
clean	dalri
clean	i have 1 more key]
clean	lemem mine it
clean	lcok in
clean	they have punchy 2
clean	oh no
clean	pew
clean	how mny
clean	kepp em
clean	wheres the stray
clean	,mb here
clean	i hear it
clean	i found it
clean	no rat but remote access
clean	ik where it is
clean	prenki yes
clean	bor wth
clean	skeleton special edition
clean	no key ;-;
clean	allat for sum carrots
clean	yo\t
clean	u opnedf?
clean	alr ocme
clean	im back
clean	careful
clean	why you here?
clean	sgut
clean	i gave prenki my record book
clean	whats that
clean	like how
clean	fgod apple
clean	and most base cords
clean	and he left :sob:
clean	dikr left?
clean	yeh lol
clean	let me find new trial
clean	alr ill wait herer
clean	find a bastian efe4255
clean	bupkee wait
clean	for gear
clean	im just gonna restock
clean	oke
clean	aklr
clean	wait in rtp
clean	efe4255 accept
clean	why yehia123musle
clean	i knew it
clean	tpa 53
clean	get what?
clean	its been a while since i've seen the end
clean	dont spoil lol
clean	goodluck efe4255
clean	whyt
clean	for a triakl
clean	k come back
clean	yellowcrystal you donkey
clean	you waste 2
clean	foundeh
clean	hkthe isnt banned
clean	the end sycjs
clean	nobodys wanna fix it
clean	i will
clean	i will revive the dead mafia
clean	dal;rogjht
clean	u mean wither bupkee ?
clean	wha?
clean	nthn else to do bye
clean	skie?
clean	um yeah but not for now-
clean	brother?
clean	hell na
clean	no flint and steel
clean	kaizenskie make me a flint and steel
clean	does that actually hurt
clean	how low are you
clean	?/ah
clean	selling skelly for 550k
clean	tpa to me to win a wither skull head
clean	nerineigrngine
clean	tpa for bibble in book and quill | 3546723
clean	tpa loot box
clean	i will buy elytra
clean	tpa for pvp dia armor
clean	tpa for talk
clean	tp me to
clean	tpa to buy mysterybox
clean	gbruh
clean	tpa for cpvp duel
clean	selling high quality n@k3d girls dont tp buy at /ah mjfull
clean	tp to help me try a thing
clean	adsada
clean	tpa to my
clean	tpa for 31m lootdrop
clean	tpa for cpvp dia
clean	tp for maps
clean	tp for 2 free skellys
clean	tp to me for mystery box 500k or 1m
clean	tp to help me kill a easy mob
clean	yyooo
clean	tpa for loot gtusy
clean	free items tpa
clean	ohtrgg
clean	i'm looking for a pvp teacher who will teach me how to fight for free.
clean	tpa if you have money
clean	mystery box 100 k to 2mil
clean	tp for giant lootdrop with ely and 5 neth blocks
clean	tpa for pvp dia
clean	buying skeleton spawners skelly spawner spawners /tpa
clean	n@k3d g1rls at ah
clean	+tpto
clean	free loot tpa to me
clean	tptpptt
clean	refdshfgdssdfsfsf
clean	free stuuf
clean	tkwotwiptjw
clean	tp to buy anime art
clean	trtp
clean	wtkwtokwtw
clean	selling mystery box
clean	sent me tpahere request and ill accept
clean	tpa for frend
clean	help me im new
clean	tp lets pkay hinde and seek
clean	ink sack
clean	tpa for a free base
clean	tptp
clean	uwu
clean	first who pay me 1mil won 10mil
clean	tp me if u want pearl pulllerr
clean	1 vs 1 elytra free
clean	tp for cpvp dia
clean	looking for freinds does anyone want to tp
clean	tp to me if u want anything
clean	here is a water wall
clean	tp for friend
clean	trading shulker
clean	1 vs 1 elytra free diax
clean	tp im selling map arts each for 25k
clean	tp for hide and seek
clean	freee money
clean	idk what else
clean	tpa for loot iruf(#wur(u
clean	they will become friends.
clean	tpa for a free lot
clean	ttttt
clean	stuuf
clean	1 vs 1 elytra free diax nethe
clean	tpa for best mystery box ever!
clean	tpa for loot drop]
clean	can someone tpa?
clean	ceom nwo
clean	tpa for my lot drop
clean	t/ah sell 34.9k
clean	tpa for 87m lootdrop
clean	they will become friends
clean	free fish
clean	tpa for dr donuts pearl
clean	tpa for 1 skeleton spawner
clean	what is this
clean	femboy raad
clean	who gave u ip
clean	u want mine
clean	login plugin
clean	give mtyri
clean	meow for it
clean	niga what
clean	no need open tmr
clean	mtyri also anticheat
clean	start now
clean	op me
clean	im gonna grind
clean	no one online in gc
clean	raad meow for my anticheats and login
clean	also ban bob
clean	alr 1s
clean	let me goon it first lmfaoooo
clean	make the dc
clean	niger raad
clean	i cant break blocks
clean	u also want hte
clean	i didnt add wrold guard bro fym
clean	the uh
clean	u want the thing for
clean	to show items in inventory and ec
clean	essientielx
clean	like [inv]
clean	which region ts server?
clean	notrohitmc india
clean	im lagging af
clean	i domt evem goon to you bro
clean	lag?
clean	yo whats this freaking seerver
clean	its not server
clean	host
clean	bro rohit
clean	server is on 500mb and 7% cpu chilling bro
clean	its lifeeteal
clean	dont fight now
clean	istg raad took it
clean	nvm dont tell em
clean	how do take this heart
clean	right click
clean	niga what u doing
clean	not working :>
clean	gimme
clean	lemme see
clean	its ur wifi im on 20 ping
clean	refund my hp
clean	why i cant claim heart
clean	horrible hostvro
clean	check dc bro
clean	no way bros dying to zombie
clean	nlogin isnt even working
clean	look its green
clean	on plugins
clean	msg
clean	wth?
clean	wait attribute swap not working
clean	ill use some random login plugin temporar
clean	ill use some random login plugin temporary
clean	give me op rq
clean	check logs
clean	@raad
clean	plugin for [inv]
clean	i did add
clean	u didnt
clean	look /plugins
clean	its red
clean	send me logs gng
clean	just add login and release
clean	idc
clean	the anticheat isnt working wait
clean	whats the problem
clean	send me
clean	ill see why nlogin not working
clean	#mtyri
clean	attribute swap working but 0.1 speed
clean	fr or no
clean	anywya
clean	afk
clean	hacking on my own server
clean	logs/
clean	im gonna release
clean	i fixed the plugin
clean	ready to release
clean	ts tuff
clean	nlogin works now
clean	im gonna ban this creeper
clean	whitelist
clean	so i can whitelist
clean	ill whitelist
clean	and also add luckperms
clean	promise u wont abuse and dont tell any1 u have op
clean	add luckperms bro
clean	i wont dw
clean	u can remove
clean	when im done
clean	alrr
clean	what u doing :sob:
clean	whitelisting
clean	mahir and ryan
clean	gooner_ryan
clean	yes bro
clean	btw fix interactivechats not working
clean	later i will
clean	let me fix the uh
clean	mob spawn
clean	when server start ill enable
clean	he said hes not whitelisted
clean	i ddi
clean	also raad
clean	so we can do like
clean	to see anticheat logs
clean	and to ban cheaters
clean	and mute
clean	no one
clean	actually ykw
clean	they mfs cant join
clean	no fighhting before release
clean	add luckperms
clean	fione
clean	quick restarrt
clean	call ur friends
clean	no release before 5 ppl
clean	rraad
clean	and add skinsrestorer
clean	wdym what i do
clean	everyting is fine right?
clean	nlogin only cracked
clean	raad u idiot
clean	u retard
clean	#a
clean	#mine
clean	#nien
clean	pogiakoheheh you sure?
clean	then screenshare ig
clean	not tp
clean	screenshare
clean	wait did kian get banned
clean	that was quick
clean	swightt_???
clean	anchor aura detection is flawed
clean	what are you on about
clean	and also your ban evading???
clean	yo mahirabsar watch ts
clean	no response
clean	i didnt ban mojo
clean	i banned someone else
clean	btw mah
clean	like that?
clean	just do /kit and u can open kitroom
clean	theres no tier tester to test rn
clean	when aqua hires a new one
clean	what is that rank
clean	im banning nathanjake
clean	have fun on this server
clean	gng who did u tp here
clean	anyway afk
clean	active
clean	we have one but barely active
clean	and tacos
clean	but barely active
clean	and joined right afte
clean	ig ill ban
clean	when i get actual perms
clean	havent seen you play so i cant really take a good guess
clean	lt3?
clean	mahirabsar very dead
clean	at night
clean	singapore
clean	well practice isnt recommended with high ping
clean	no /region yet
clean	and also hosting this server ispretty expensive
clean	aqua not strix
clean	aqua paid i think
clean	or they both paid
clean	or they are very sketchy
clean	nathanjake is awfully silent
clean	mahirabsar watch this
clean	nathanjake and nathanjak1
clean	super similar users
clean	and dead silent
clean	more totems
clean	u just need to get your anchoring right
clean	cant be that bad
clean	oh god
clean	i lagged out
clean	more*
clean	uh i dont really anchor tbh
clean	im only on to ban cheaters
clean	why do u think i have like 70 deaths
clean	anyway still waiting for my perms
clean	kit
clean	send me ur kit
clean	300ms vs 100ms
clean	gng i need the kit
clean	esa
clean	kit code
clean	do /sharekit
clean	and slot
clean	kb0/1/2?
clean	just sworrd?
clean	u said kb2 gng
clean	on my life u said kb2
clean	i said kb0/1/2
clean	not first to
clean	ready
clean	1hp
clean	gng im on 350ms
clean	ur on 100
clean	still
clean	first to?
clean	tpoa
clean	tpa to mew\
clean	let me get playlist
clean	im better than raad at spvp then
clean	i won against u
clean	tea
clean	yea its sword
clean	bro lost in 50s
clean	less actually
clean	im spvping mahirabsar rn
clean	im alr in dia gear
clean	mahirabsar when ur ready lmk
clean	tpa to me mahir
clean	asia
clean	350 today
clean	0-2 gng
clean	wym 0-0
clean	mods folder
clean	shaders?
clean	ready?
clean	im 350
clean	i peaked at 2k
clean	what client ur using
clean	no?
clean	u dont you can just move the data over
clean	you wont lose
clean	aight 1s1s
clean	u had to advertise
clean	hp
clean	.5 hp bro
clean	no i did /spawn wallahi
clean	mtyri fym
clean	he was flying
clean	yea it was /fly
clean	guys guess what
clean	raad abuser
clean	dont bro
clean	why raad and bob leave
clean	did they go crack
clean	they went to crack
clean	true bro
clean	just make the server playable
clean	yo imma see yalls progress
clean	i own ur server
clean	is /pardon i think
clean	./pardon is unban
clean	its pardon-ip
clean	i dont even know my own ip thats why i cant
clean	is /ban-ip raad 100w gay
clean	im in fight
clean	dont ban
clean	i own ur server btw raad
clean	abuser
clean	if u can abuse so can i
clean	u gave sreght
clean	u gave urself totems
clean	idfk how to cart
clean	i told u dont unban bob
clean	its his gf
clean	bob crack rawd
clean	raad gave urself strength
clean	then givem e toos
clean	chill
clean	yo guys who wants opo
clean	who wants op
clean	i wanna just have fun
clean	ima see cpu
clean	didnt raad say its r9 9950x3d?
clean	xeon platinum
clean	8488c
clean	i exiled raad from his own server
clean	fiew_ what someone does and swears they arent cheating
clean	wym mtyri
clean	u gave urself strength
clean	thats what i meant
clean	taf
clean	op plw
clean	also btw
clean	i gave raad anticheats and put backdoors in them
clean	fym oh yeah
clean	foursaicer
clean	fiew_ dms
clean	worth it
clean	backdoor works
clean	trick idiot raad
clean	#mtyti fiew_
clean	its not backdoor i did op
clean	oh no what could i ever do
clean	fiew wtf
clean	hmm what is that
clean	if bro is still ban evading istg
clean	skie come
clean	also that was nearly 80 days ago
clean	that wran
clean	well warden
clean	only way
clean	no wait
clean	dms
clean	i have superman in my pocket
clean	still wanna go?
clean	oh wait wait
clean	well yeah
clean	gng im dumb
clean	that was history
clean	let me tp u to that place
clean	locate near here
clean	u can find it
clean	ok i will locate
clean	near that base
clean	accept kaizenskie
clean	ok i will afk for a bit to search
clean	minh dont sleep
clean	kaizenskie dont slepp
clean	kaizenskie dont sleep
clean	not u minh
clean	kaizenskie
clean	found it
clean	who killed all my villagers
clean	wear
clean	helmet
clean	that was looted
clean	mice
clean	above that is the ice
clean	remember that
clean	all looted kaizenskie ?
clean	i dont think u looted all
clean	nxus did it
clean	ok so wait
clean	nxus killed all my villagers?
clean	are u girl kaizenskie
clean	bro was advertising
clean	aight when will i be unmuted?
clean	if im getting muted in the first place
clean	permanently muted
clean	also you werent the only one permanently muted
clean	several others were
clean	i have screenshot if u want mtyri
clean	i have alr dw
clean	sheesh
clean	yo sup
clean	why yall keep dying
clean	first of all
clean	change ur skin
clean	2nd of all
clean	and freefire
clean	what skin
clean	not good skin bro
clean	yoo ..
clean	ocatacpvp ??
clean	mtyri ;v;
clean	sonionvirooooooooo
clean	yes zirrrrr
clean	willing so uh
clean	hi guys im new mod
clean	ill watch
clean	i didnt even set my key binds
clean	mtyri seeeeee
clean	mtyri sonion viro on top
clean	taaf
clean	raad wym
clean	trade
clean	yo so raad
clean	check group server
clean	guess whos back
clean	see w
clean	fr raad
clean	yo gng
clean	taaff
clean	check group server raad gngn
clean	mtyri seeeee
clean	w8
clean	raad uwant me to end u
clean	mtyri did u see or nah
clean	cooked raadf
clean	i genuinly lagged
clean	raad vs viro
clean	lmfai
clean	raad lost
clean	u lost
clean	no me not lost
clean	i was chilli ng ;-;
clean	viro stop
clean	l raad
clean	raad file leak guy
clean	freaking my ping
clean	som
clean	ghost
clean	0 plugin
clean	what was raad on
clean	mine is worse
clean	his sever is horrible
clean	some dude was hafking and didnt even get banned
clean	but intel cpu
clean	humanrealguy
clean	what cheat
clean	raad insane admin abuse
clean	ikr
clean	xaero map
clean	my server detects that
clean	20tps still
clean	nthn happening
clean	other severs it works but show player option doesnt
clean	all tnt
clean	on other severs
clean	xaero map works but if turn on show player /mobs option it doesnt show
clean	ik how
clean	theres gonna be layer 2 with full like xaero map hider
clean	if ik how to make it
clean	its abandoned
clean	bob wasted a sever boost
clean	its 2 ithink
clean	also ik why
clean	icemc hosting is ghosting us
clean	cant mine in piece bro stupid ores always appear
clean	if your using a drill with this anti xray gl bro
clean	atleast use raytraceantixray its free ifu make from github
clean	and btw
clean	we still dont have perms
clean	we cant ipban in prac
clean	or check alts
clean	or do anything
clean	besides 7d ban 1d mute
clean	i remember this one sever i was helper but i could check almost everything
clean	check or use
clean	it shutdown bevause corruption
clean	there was 2 owner 1 owner srole funds to buy robux
clean	sonnnnnn
clean	i would be mad to
clean	300usd
clean	korblox?
clean	or headless
clean	how big was the server
clean	peak 200 people
clean	decent
clean	i also had a rank
clean	which one
clean	third best rank in sever
clean	sailyx rank
clean	added 4 new ranks
clean	no wonder the servers dead
clean	whwn i quit all other staff wuit
clean	ye sever fell apart
clean	he gave up
clean	im gonna explode this intel xeon
clean	onlyplan was to get daxze blacklist
clean	whos lux
clean	mod in icemc
clean	me and him were planning on getting daxze demoted
clean	blacklist
clean	raad files
clean	everyone files
clean	i only wanted daxze gone
clean	yo this sever plugins they all yours?
clean	daxze decided to blacklist bob aswell
clean	yes blacklist bob is good
clean	anticheats are mine
clean	yeah blacklisting bob is good
clean	but only daxze was the plan
clean	but 2 birds one stone ig
clean	what he saw*
clean	ask him that in dmw
clean	dm
clean	rn?
clean	if u want
clean	u guess first
clean	im spearing cows rn
clean	gore
clean	clue?
clean	sending them
clean	did bob send racist stuff
clean	close but no
clean	hateful stuff
clean	very hateful
clean	or daxze said
clean	who even wants an isreali girl bro
clean	raad does
clean	raad loves israel girls
clean	bob is crazy
clean	my first interaction with her was
clean	femboy cart ride
clean	first interaction was i tped her to rate base
clean	she is weird asf
clean	bob is innocent to yall
clean	i designed the farm so its good
clean	bob is weirdo
clean	raad saying bob is a dude
clean	makes it worse for raad btw
clean	and simps for dude
clean	raad is
clean	yo i still have the 5+ strength
clean	i ahve 255 strength
clean	btw i was the one hwo unbanned u
clean	ty bro
clean	tkaes 2min to make
clean	lets see
clean	lets see it in action
clean	enchanted?
clean	ahahah
clean	rule is rule sharklez
clean	kaizenskie true
clean	a rule isa rule
clean	im just asking if you can
clean	alr thx
clean	yeh
clean	mtyri he has a new account
clean	i think it is freedyboy
clean	a lot
clean	thanks a lot
clean	whats wrong with freddy?
clean	buddy just cryslalled me
clean	buddy just crystalled me
clean	ban evading
clean	i just helped him
clean	and i know elie
clean	or elie
clean	or nolive
clean	or noura
clean	or mrdec
clean	crystal is not allow here?
clean	or mrdecko
clean	sharklez_ he had creative
clean	i mean he cheated kaizenskie
clean	what...
clean	sharklez_ are u dumb
clean	lemme feed my cat bonacieux
clean	he said hes java not bedrock player
clean	kaizenskie ok
clean	how tf would i supposed to know
clean	i legit said "you had bedrock in your inventory"
clean	sharklez_ dw
clean	vpn
clean	vpn is blocked
clean	server specs sharklez_
clean	yeah i agree
clean	appericiate the active support tho
clean	yw bonacieux
clean	wsp sharklez
clean	u all guys are keeping the server alive actually mtyri
clean	whattt
clean	ur quite active
clean	sharklez_?
clean	so idrk
clean	its not in the server in yt wifies new post
clean	also wait
clean	check the furnaces
clean	yo sonionviro why u told me to join
clean	yo sonionviro
clean	u there or nah
clean	why u told me tojoni
clean	if shes sus just ss her
clean	how many times
clean	and what flag
clean	type c
clean	aight come
clean	but i alr told u 1 flag isnt enough to insta ban
clean	when did i ban vruh
clean	this itzdarxz sus
clean	u js said ss so
clean	come ycwe
clean	ss first
clean	itzdarxz is hella sus gng
clean	4 autotot flags in 6 mins
clean	good to hear
clean	u can pick stuff up?
clean	danielmxedout?
clean	ask
clean	yooo sonionviro
clean	_neintru?
clean	i dont think you can
clean	not sure
clean	_neintru wdym border
clean	player border?
clean	f3 + b
clean	oh you want chunk borders?
clean	f3 + g
clean	it works for pojav ive tried
clean	press f3 + q?
clean	shows list of keybinds to use
clean	if you press f3 first
clean	speedineedthis when hosting replys
clean	some are boosted tier btw
clean	backslash is \
clean	danielmxedout tiertest sometime gives higher tier than actual tier yk
clean	danielmxedout no im just mo
clean	and yes shes still racist to me to this day btw
clean	theres very rarely tiertesting
clean	only radioknot
clean	fersuri snowycas_ radioknots
clean	they all tiertesed
clean	tiertested
clean	they are barely actice
clean	dont bother with harm4ulmarci hes lying
clean	14d ip but idh perms
clean	and perm ip mute for both
clean	and also were racist to me
clean	mtyri autototem??
clean	why viro
clean	or anchor
clean	harm4ulmarci just stop trying
clean	type what??
clean	type h
clean	type what?? mtyri
clean	mtyri i can ss come dc
clean	wanna hear a super funny joke??
clean	this joke is hella funny guys trust me
clean	mute
clean	mtyri]
clean	sonionviro?
clean	muite tjhat guy
clean	see chat
clean	t/k1
clean	uh idk bth
clean	if u like
clean	mine i think
clean	bro admitted to xraying to staff :sob:
clean	bro failed to anchor me :sob
clean	speedineedthis i cant really do anything
clean	tpa for mystery shulk (only vc)
clean	esrd
clean	tpa for an ely
clean	tpr
clean	ytj
clean	i need money
clean	i need free loot
clean	the first they giv me a dia wepon gets an elytra good luck only 2 min
clean	for 20 million pay me 500k i have 1.6 bil to give away
clean	r join call
clean	pay me 500k for 20 mil i have 1.6 bil to giveaway
clean	tp\
clean	to get 20 mil pay me 500k i hve 1.6 bil - fast
clean	free netherite
clean	dhdwnrwvdhpf
clean	gvtpa for mystery shulk (only vc)
clean	tpa for a kit
clean	tp for tung tung tung sahur
clean	free looot drop
clean	everyone tpppp i have dr donuts pearl
clean	tpa here
clean	selling skelly
clean	tp to me bounty 100m if win
clean	someone send me tp im new :(
clean	tp for my loot
clean	tp if you have a elytra
clean	tpa for more
clean	tpa crystal pvp
clean	tp if you have vc
clean	send tps for loot iguess
clean	dfsdfsdf
clean	tp if not newwww
clean	bnhy
clean	tpa if your an egirl
clean	tpa to help me there scary
clean	send me tp im new
clean	everyoneeeee tp i have dr donut with me
clean	w\\
clean	tp for a fight
clean	im new can someone help me
clean	ngrejkghresnhtsnmkhtrs
clean	10k for 1mil
clean	tp if ur bored
clean	tp for vc chill
clean	tp to me if u wanna raid my base
clean	who wanna buy mystery box
clean	tp to me if your selling skeleton spawners
clean	anyone pay me or tpp
clean	tp to wither
clean	free ely hurry
clean	tpa for dih
clean	dsfsdf
clean	mystery box for 500k
clean	er brea
clean	pay before sending tpa
clean	but im the strongest now
clean	tp me for giveaway
clean	free loot guys come in
clean	can you help me out
clean	giv me dia for elytra go only 2 min left
clean	tpa for a loot drop
clean	lol someone tp
clean	wanna
clean	tp t
clean	wanna help
clean	ez hey lol
clean	im with farex and dr donut rn
clean	ttteeee
clean	tp me if your willing to give me some money im so poor
clean	tp for e girl map art firt come first serve
clean	buying spawners 9m each tpa only need 40
clean	if u pay 500k u will get 20 mil i have 1.6 bil
clean	026wr
clean	if you survive you get 1m
clean	tp if ur tuff
clean	im selling full of shulker of bone block
clean	tp for maces
clean	come for e girl map art
clean	brow
clean	tp if you're chill and nice
clean	free loot drop now
clean	can i have monney
clean	toa
clean	tp for map art
clean	free drop
clean	selling mystery boxes 50k each
clean	tp for nethrite pvp
clean	tpa to raid dr donut base with me
clean	how much do i pay
clean	can i get money?
clean	tp to fight
clean	tp for free slave
clean	aj
clean	tpa to meow to me
clean	the first the giv me dia stuff gets an elytra
clean	tpa for trap
clean	pt i
clean	oce
clean	tpa for free armor
clean	besttt base tp tp to me
clean	does anyone want my old gear? i dont enjoy playing this server anymore and want to give away my gear
clean	tpa to me if you survive you get 1mil need vc
clean	tp to me to help
clean	free loot my boys
clean	tuff nga
clean	someone tp request me
clean	tpa for free lotttt
clean	omg bro base tp to me now
clean	tpa to be put in a box with a wither
clean	free neth loot
clean	tpt
clean	come for skwlly spawner
clean	tpa if you rich and can send me loot
clean	tp for armor
clean	tp for anything pvp
clean	tpa for real loot
clean	send tps for free mystery boxes worth it
clean	help me
clean	tp for crazy loot with base
clean	lmao true brb
clean	send tps for free gear
clean	tp to me for free stuff
clean	free for all tp
clean	if you survive you get 1m vc
clean	can somebody give me some money i just started
clean	if ur bored tp for some fun
clean	selling rarest armor + more
clean	tpa for totems
clean	tpa for die
clean	7/ah sell 1
clean	im new can someone rich help0 me
clean	tt for loot
clean	tp to nilx242 im newi need help getting started
clean	there are arabs on the plane
clean	tp for mystery box $2mill
clean	tp to nilx242 im newi need help getting started-
clean	free ely hurryfree ely hurry
clean	tp for stuff i guess
clean	im with dr donut rn
clean	tp to me for free kill
clean	tpa for free iron kit
clean	some one tp to me
clean	tpa for funsies
clean	tp to see what
clean	tpa for mystery box\
clean	au
clean	tp to nilx242 im newi need help getting started----
clean	tptptptpptpttp
clean	buckey
clean	tp anthing u can do helps
clean	tpa for loot droop
clean	w lootdrop here
clean	hulpic
clean	yp for gear
clean	tp .dagdigdug
clean	anyone wants to become a friend
clean	tp to loot#
clean	tpa for a wither
clean	anyone wnna buy mystery box! im down 4 it selling 1 skelly atleast!
clean	looot droppppp joinnnn now
clean	tp for maparts
clean	why are pepole invis
clean	loot netherite
clean	\sell
clean	tpa to die
clean	tp to fight wither
clean	netherite free
clean	tp to me for free mysterbox
clean	tpa to me i need loot im new
clean	tp to nilx 424
clean	can anyone come to me and friend
clean	ah sell 48.9k
clean	tp for stuff i guess!!! :d
clean	tpa to m
clean	tp to me free
clean	yo loki who wanna sword pvp
clean	block
clean	do /pay boother to help me flood the server
clean	67 now! free ely quick
clean	tp to meeee
clean	somone tp i have nothing
clean	tp if give a way is real
clean	tparir loot
clean	i have found a stash tpa
clean	frree neth
clean	come full neth
clean	tps for lootdrop
clean	2m for sponer tp to me
clean	follow
clean	tp for loot drop soon
clean	free neterhite
clean	ah axe
clean	ntehrite
clean	2026 ballon d'or ceremony
clean	tpa for crystal pvp
clean	zomeone send me tp
clean	.tpa droonvtt
clean	\enable
clean	can u help with money
clean	tiktok
clean	10k for 100
clean	tp for elytraaaaa
clean	tpa for free skilly
clean	100k parkore
clean	p/rtp
clean	tpa for free gear!
clean	auction
clean	can someone tp to me i want friends
clean	tp for 1b ld
clean	anyone tp to me and my pal
clean	tp for free mysterbox worth 500k+
clean	a/h
clean	tp me for nethrite
clean	brip stone
clean	hrmejagub8nrgy7earbngy7e
clean	yo hi
clean	tpa good stuff
clean	only high-tier pvper tp for me
clean	ngehwua8gbnwa7gweagew
clean	ho kann giv me dia loot get my elytra tpa to me
clean	netherite loot dropped
clean	rtp eu west
clean	ewbyg78wegb7qwwhgw4ewh
clean	come say hellow
clean	anyone i'm a new player can y'all send me money??
clean	tpa for good gear
clean	tpa if survive you ge t1m
clean	doing trade for netherite send tp request if intrested
clean	free stufff
clean	tp for crazy base
clean	dwajdiowajdowajndwa
clean	someone send me tp
clean	tpa for aura
clean	tp to me to give me items you don't want. and 1m or more
clean	selling rare armor
clean	slience tide flow
clean	hopper
clean	tp to buy my box
clean	nvrehu9genrgu89ehgnu9h35
clean	tpa here for free base
clean	come for money
clean	yo hiwtoc
clean	tpa for neth
clean	everyone pu
clean	tp if not new for 5 elytras ;] ;] ;]
clean	tpa over ehre
clean	tp to buy mystery box
clean	tpa for base raid
clean	tpa here for kiss
clean	help mee
clean	if you survive you get 1m tp to me need vc
clean	tp for good base
clean	tp to me for free elys
clean	how do i get to lobby
clean	ee
clean	aaa
clean	tpa for looties
clean	cooking
clean	bone meal
clean	tpa to buy mystery boxes
clean	tp to slain wither
clean	anyone wanna be friend
clean	tpa dr donut base
clean	tp frostay_flake
clean	lock on
clean	r/ah sell 19.99k
clean	free raided base
clean	nuwei8gnwu9hnwrehew
clean	omg base tp quick
clean	tpa if you have vc and survive you get 1m
clean	can someone help me??
clean	whoopsies
clean	tp for dia 1b1
clean	20k for 200
clean	tpa to buy 2m mystery bxox
clean	tp foor friend
clean	tpa for full netherite armor (not fake)
clean	netherite
clean	i'm new can i get some free loot
clean	tpa for me to rate your base
clean	tp for free stuff
clean	asdfkjh
clean	toawdjkaniowda
clean	free 1m
clean	tpa to raid a farm
clean	ouiawdnjlnklawdnh
clean	i have this
clean	tp to me for free ely
clean	p for loot
clean	tpa if survive you get
clean	dr
clean	ld now 1b
clean	aiwudbawbdut
clean	tp for a huge lootdrop
clean	tp for something idrk
clean	parkore
clean	to for loot
clean	tp to me for free
clean	who wanna rate base
clean	10k for gapple
clean	nerjihnerjihnerjoiher
clean	tp for friend have mic
clean	tp to donate stuff
clean	says your offline yoda
clean	nrejuuihernhjiernhjeihne
clean	tp for hehe map art
clean	tpa to buy mytori boxes
clean	free neth loot or base
clean	tp to have so much fun
clean	nmrjioahnraewjihnerjihe
clean	tp sinzzen
clean	selling rarest armor
clean	tpa for gear stuff
clean	tpattv_spc
clean	tp to me if you raid my base
clean	tp for stasg
clean	pa
clean	selling mystery box for 30k sell first
clean	tpa for a friend
clean	gome 3
clean	can somebody send me a tpa request i'm stuck and i'm poor
clean	mjrieahnejirhnerjihnerh
clean	tp if u wanna give me stuff!
clean	tp to me to buy mysterybox
clean	free elytra if tp
clean	renmjhinearjihaer hekrmhnearjihaerh
clean	p0iswefjpasw0zifj
clean	if you love ohnepixel tp to me
clean	tp to give tnt
clean	can some one help me
clean	tpto me im selling a base
clean	tpa to me for free loot
clean	tp to be my friend
clean	ezzz bae
clean	if you love ohnepixel tp, then you like me too
clean	ttpa tto me
clean	aution
clean	mrtree64321
clean	server anarquic?
clean	help needed
clean	.a
clean	bro tp me for
clean	tpa: if you survive, you win
clean	tpa for end parkour
clean	drill
clean	omg a stash
clean	base raid
clean	1b loot drop guys come on
clean	\ag
clean	tpa for flower g
clean	ah sell 19k
clean	tp to me need to sell stuff
clean	buying skellies 6m
clean	tp for tnt
clean	tuff people tp to me
clean	ah sell 7.99k
clean	tpa for netheritee
clean	i'm new can i have some free loot
clean	ones
clean	tpa for idk coool stuff
clean	selling skeleton spawner for 5000000
clean	does anyone want my old loot?
clean	tpa for end parkour /tpa slowers
clean	tpa to me for free loot first come first serve
clean	tpa full netherite armor free
clean	tpa for 1b ld now
clean	helllo
clean	i'm lost help me
clean	7ah obs
clean	can anyone help me if u don't want u can don't help me
clean	tp nowwww
clean	tpa for 100 elys
clean	t/auction
clean	um hi
clean	tpa for fluffy
clean	huge lootdrop
clean	tp for mega loot
clean	people
clean	can i check playtime like on other servers?
clean	tpa to buy my base
clean	tp for netherite pvp
clean	eeew
clean	yoo guys
clean	tpa for loot drope
clean	hgjeirgneruhnejinh
clean	tp to me for gear
clean	buying spawners 9m each
clean	10thousand for 100
clean	im new to mc
clean	tpa to me im seling my old base 60mil
clean	ez base
clean	tp me to -0 0
clean	meow ss
clean	free loot and stuf
clean	send tps for lootdrops
clean	tp for farex pull my pearl map art
clean	can you help me
clean	netherite givaway
clean	ah sell 18k
clean	tp to me if u wanna help me build a trap to farm money
clean	gjkll
clean	anyone
clean	send tps for grannys
clean	tpa for rate
clean	tp i need loot
clean	winner takes all
clean	tp to me bounty 24b if win
clean	tp for making love
clean	50m for base
clean	tpa for dr donut base
clean	send tps for sab loot i quit
clean	10b ld
clean	freeeee
clean	tpa to buy skely
clean	tp for dimonds
clean	tp fro loot drop
clean	i vant tpa
clean	tpa to me for free loot first come first serve ( come now)
clean	guys how do i help flood the server i wanna help
clean	joghjgira
clean	njrihneruhneihnerijhearh
clean	1b ld
clean	tp for donation
clean	tp22222
clean	base getting sold
clean	\kikl
clean	tp to me if u wanna crack i have king size bed
clean	guys want to
clean	tpa for egirl
clean	nkgjrgakngreknaergkn
clean	ttv_spc
clean	tjtrjrtjrjrstjsrtj
clean	kntegrnkkngrnkgrknrsegh
clean	selling kit here doat worry it's not a trap
clean	1b ld now
clean	looking for a base
clean	my gawd
clean	someone send me 10 million
clean	trtjrtjrtjrtjtejeatjeaj
clean	hello guy
clean	tp to me for head im a 67 year old boy
clean	does anyone want my old gear? im quitting donut for good i just dont like the server anymore
clean	ppayyy me
clean	ghhj
clean	selling mystery box 100k each!
clean	if you love ohnepixel tp here
clean	knlgrekngrenkghkres
clean	donutstockshop
clean	rjaetjttrjrstjrtjaja
clean	doing a loot drop
clean	4 4g r 6tg ytnb r nrts ds wvf btrb d r
clean	ahjerjrngijehargna
clean	tpa to buy my base with vill
clean	99k for 199999
clean	tpa for pull
clean	freddyfortnite1
clean	nejhigrnguiernagui
clean	mictoasty9687
clean	r/rtp end
clean	tp for axe
clean	ptnf
clean	jnwrgknkgnraknagref
clean	ghhjhuf
clean	tpa if your rich and can help me
clean	if you love ohnepixel tp, here it is
clean	tp for 32 gema brilhante
clean	nkmrgkrefgdkmmkager
clean	ah copper/
clean	tp to give me stuff
clean	ddxvn
clean	come for ld
clean	selling kit 1m
clean	cjgxhvuxhv
clean	any friend
clean	redstone rep
clean	ngraekjlajnbhrftedjkmn bdfsz
clean	dhsj
clean	tpa to meow to drdonuts purrfect
clean	ijkhneghrasjnklhrtaejkn
clean	chill dont tip
clean	ihjqwhijo
clean	yo wsp
clean	ijtaerwjbsrea
clean	ikhntyaerwhiubrzsye
clean	tp if you have vc and wanna chat
clean	hit me for elytra
clean	someone tp me
clean	tp to get nothing
clean	jbergbjugrsegrse
clean	rtrtejrtenjnrjkregsh
clean	someone send me tp for
clean	ooo yeah tpa
clean	tpa to me guyssss
clean	.order
clean	huge base find
clean	tp to buy 500k mystery box
clean	tpa to touch a tree
clean	tp for free loot!
clean	]ah
clean	tp too buy
clean	900m ld
clean	idk why not working
clean	new
clean	send bal so i can flood server
clean	omg a abse
clean	./home
clean	i want to give back to people before i quit for good does anyone want my gear?
clean	4c43
clean	can anyone tp to me and friend girl
clean	tp to help flood
clean	tp for loot neth
clean	free 400m loot drop now
clean	ljgrtklknfgtkngsknegrst
clean	tp to sell skellies
clean	im lazy
clean	to fir free elys
clean	tp map art shop 100k min tp now
clean	nhkterghkntghresknktgs
clean	i found a stash worth 5bil
clean	hrsnkhtrsknkthrknhjtdr
clean	tp map art shop 100k
clean	tp for free loot drop
clean	tp if u wanna flood
clean	loot drop rn
clean	kntsjkbtheknhtrsknhtrs
clean	moqahsioovthbitd
clean	c/ah netherite ingor
clean	omg who wanna rate stash
clean	rtehsy
clean	3f3f
clean	t/rtp end
clean	nfygrxnezabdbomr
clean	tp to me if u wana talk im bored 16 year min
clean	send tps for free mystery boxes
clean	hgtfhhrstdhttdrh
clean	someone sent me a request
clean	tpa doctordonut1245
clean	take it
clean	i'll
clean	15k 27= 15x27 405k
clean	can i join
clean	rlxujdoutflhspcn
clean	tpa to me map art now
clean	ttp if
clean	rdwnrgvmawhkfcxl
clean	adasd
clean	hshbd
clean	free 1m box
clean	tp to me if on playstation
clean	ah sea lantern
clean	ah sell 100k
clean	send tpahere if you can give me loot
clean	405k
clean	yes all the time why
clean	ooo
clean	whoever teleports to me gets their intenstines removed
clean	hellol
clean	yo can anyone send me money im new
clean	harrison_33
clean	pacc
clean	chat
clean	lock in
clean	typa /settings
clean	tp to me i found huge cobblestone farmm
clean	akjgbeajgbajgbeuabgae
clean	flooderears
clean	somekne send me tpa
clean	tp for a question
clean	tpa for free loot?
clean	free 300m loot drop now 3 2 1
clean	hi anyone
clean	how do i buy
clean	tpa to talk to me
clean	ag
clean	fre loot
clean	omggg i found big stash base 15 elytra on my and 10b
clean	ouabgueabguabgu
clean	tp to me for loot
clean	paccept
clean	if you want free loot tpa to me
clean	sdfrt
clean	for 20 million, pay me 500k. i have 1.6 billion to give away.
clean	tpa tp me only if youll give me loot
clean	come on
clean	im new dont oill me
clean	tpa for 1bil loot drop
clean	ttp if you cool
clean	dudes
clean	crystal pvp for totem
clean	tpa for free lot
clean	ah warp
clean	ptnfd
clean	guys, pay me 1m for good luck!
clean	tpa for end parkour 175k aaaaaa
clean	tp foir free base
clean	rsudiofgusdfigysodfg
clean	tp for a gift
clean	tpa to talk to me 18=
clean	3r2323\
clean	guys pay me 1m for goodluc
clean	i need tnt
clean	tp ig you have vc and skellies
clean	buy etables!
clean	tp to buy a flooder machine or drainer machine
clean	chat free money on my order trusttt
clean	duel
clean	free loot drop 1b 100%
clean	600m ld
clean	freeee stufffff
clean	30k
clean	loot drop here rn
clean	someone
clean	who want to help me for 5.4k , i know lots of money o:
clean	f32nmp;i3t32t32432
clean	he is getting something to eat
clean	join join now now
clean	tpptptptpt
clean	tp to help me
clean	tpa ttv_spc
clean	tpa for water wall
clean	sndfglk
clean	tpa if u wana talk abt grown up stuff 18=
clean	tp for my gear
clean	tpa for egg party
clean	need friends.
clean	anyone else wants to be friend
clean	jcsufsdhfudshfdus
clean	tps
clean	1b loot droop
clean	come guys
clean	guys only people with over 100k tpa to me i have a proposition
clean	tp free base
clean	tp for free bouqette
clean	tpa for loottttt
clean	tpa for loot drop huge
clean	omggg 15 elytraaa
clean	hsahdg
clean	rtp/
clean	joaerwgniogniokngrer
clean	tp to me base 60 m
clean	10 bands for 100000
clean	now tps
clean	selling a base 10m only
clean	jbrtaebjargeghraehrg
clean	does anyone want my old gear? im quitting donut for good.
clean	tp for neth loot
clean	selling trap base for 1m
clean	let survive
clean	gert
clean	pay me 500k for 1mil back in quitting donut
clean	tpa for free rose
clean	gbfd
clean	tps for free loot
clean	tp for stuff
clean	tp anyone?
clean	tpa to me map art guyss
clean	im trying to get to a hundred mill
clean	big statsh base
clean	sdfg
clean	free loot if you tp
clean	skelly spawners
clean	free lot
clean	sel
clean	tp to me i need 500k to make base and flood
clean	jknfgnkjgfreknjkn
clean	guys pay me 1m for goodluck
clean	tp for base raid
clean	t/ah sell 25k
clean	jbhegrjbbjfdsbjbfghds
clean	anyone wants to be friends?
clean	tp to me for mysterbox
clean	jbgrejfgsehjnn
clean	tp to me guysss
clean	tpa for a base
clean	quick i need restock war
clean	324r32f32f
clean	knbgkkgrena
clean	tpa for kiss
clean	guys?
clean	myster box
clean	tp free base lots of loot
clean	can anyoen tp to me
clean	raid a farm with me
clean	pay me 1m for goodluck
clean	w lag omg
clean	tp to me for a free 500k
clean	tpa for red tulip
clean	free loot drop 1b
clean	send tp for rare maps
clean	send tpa or fff
clean	anyone tp?
clean	tp for 3v3 need 2 more
clean	arkore
clean	tp if you want 2k
clean	im la naber
clean	tp guys
clean	enderchest!
clean	tpa for lootdrop!!!
clean	tpa for full demand
clean	tp to be my frienddddd
clean	qblast u femboy
clean	basta ikaw
clean	i have another one
clean	qblast is raad and raad is femboy
clean	carvd u have a puller?
clean	tpa to my other one
clean	bayot carvdd hahhaa
clean	oh okay okay
clean	carvdd?
clean	carv
clean	i trast u
clean	wait qblast
clean	121.65k kada full inevetory na kelp lala
clean	tp on me i found glitch
clean	lahat may solution
clean	how this even works
clean	each kill
clean	rtp carvdd
clean	can i get some money i just joined
clean	can i have food
clean	nag new server sila
clean	i do no di nako nag lalaro
clean	carv pahingi pera pang kit
clean	carvdd may xtra sell axe ka?
clean	dms qblast
clean	rq bro fast
clean	raad femboy
clean	manual shulker loader vro
clean	make one for me daddy
clean	humss....
clean	sus boi
clean	what happen to raad ac
clean	regon
clean	utang 1m
clean	w carvdd
clean	ww raaaad
clean	ww carvdd
clean	fr fr ww raad
clean	meay
clean	wwwwww carvdd
clean	im that mtyri carvdd
clean	10q
clean	make shulker loader mtyri
clean	raad im not making u a shulker loader
clean	i miss when baltop was 10t and i broke eco thats why strix added quadrillions
clean	i broke eco twice
clean	first to 1b on new ssn
clean	i gave everyone rtillions
clean	chimkenfries sigma
clean	first to reach 20q balance
clean	carvdd now its worse btw
clean	frfr i dominated minepvp
clean	and i dominated u raad
clean	u didnt boii'
clean	u were meowing for me
clean	uhm.
clean	not anymore boi
clean	u still do
clean	raad meow rn
clean	or no more server
clean	yo zyrx rate my base
clean	almost active rank
clean	right here
clean	ill meow for u again
clean	ohh aight gng cya
clean	imma go back to building
clean	manual shulker load
clean	we borthers
clean	777legit i don't have base
clean	bro omg this farm is so slow
clean	hahha
clean	how are yall getting rich omg
clean	ok you not have base
clean	ur almost out of bone block raad
clean	it's notinw
clean	guys bibili ako active rank bukas
clean	it's not mine
clean	i'll pay half?
clean	i'm gonna sell this
clean	i don speak rushan
clean	ez lol.
clean	how did u find it
clean	im from earth
clean	next to our neighbours
clean	you not have base brb
clean	its not minee
clean	its not your base can i raid it
clean	don't use totem bruh
clean	you lying
clean	blud
clean	omd
clean	i'll pay you just waut bro
clean	but im kindles
clean	can i have the shulkers
clean	dumb
clean	ou shi\
clean	u also a femboy qblast
clean	yp bp admin
clean	we were spawn killed
clean	alr idc
clean	why give him it then
clean	he stole it
clean	mute not ban
clean	angielyn wait im checking something
clean	angielyn wait
clean	you had to say it
clean	bionclmao mute not ban btw
clean	archeronwave idh unmute perms sadly
clean	its a very flawed check
clean	prenki idh perms to give
clean	it doesnt
clean	elyswap*
clean	which is impossible to flag wihout cheat
clean	ely in 1tick?
clean	yolooo1023 nto sure
clean	i dont play prac much only to ban cheaters tbh
clean	gng wait
clean	make one ig
clean	yolooo1023 wait
clean	make a new acc and add me 45tr
clean	not screenshot
clean	and its in less than 20 min intervals
clean	7d
clean	he doesnt have dc
clean	only way is screensharing
clean	all autototem archeronwave
clean	waut
clean	how many flags in like 1h
clean	why ask?
clean	then ur him igh
clean	he couldve told u who banned since it says who banned
clean	i can onyl do 1 day mute
clean	but 1 week ban
clean	let him know hes getting perm muted when i get perms
clean	whats it called
clean	saying hes gonna get me demoted
clean	when he broke a rule
clean	thats just how people are
clean	oh and also he knew he broke a rule
clean	he said he didnt expect to be banned
clean	advertising
clean	he sent a server ip
clean	its good bionclmao
clean	i dont pvp tbh i just join to punish rule breakers
clean	which i did and left on read
clean	im tired ngl
clean	hmm ig not
clean	anyway imma leave
clean	mc_noob30 i dont really pvp
clean	and if it isnt in the menu i cant really give tbh
clean	i would risk getting demoted/blacklisted
clean	mc_noob30 ill tell ig
clean	ill ask
clean	anyway yall need anything?
clean	good bye
clean	just have it
clean	what worng
clean	how much
clean	jaime
clean	bro thats the stash
clean	soj
clean	demon rate mine
clean	fhh
clean	fahhh
clean	i almost leaked ur bedrock
clean	bow
clean	how ts work?
clean	you need bones
clean	not here
clean	ph_6threath where bow
clean	ahhh new location?
clean	pull my pearl goodly
clean	i rated terler
clean	goodly pull
clean	guys how to turn on chunks
clean	sussy banana
clean	where is the bow
clean	ph_6threath ?
clean	bow ph_6threath
clean	goodly
clean	idkk
clean	ik wind charge
clean	how to order?
clean	dont beat me with green dih
clean	demon_fire ready?
clean	thats ur green toy gng
clean	how to order goodly
clean	use /order
clean	after
clean	kicked bruh
clean	i mean i want to order thei
clean	theirs
clean	ph_6threath bow????
clean	idk broo
clean	shleppy kegit
clean	qblast diddy blud
clean	dude whattttt
clean	legit*
clean	pull me mah nga
clean	dont use wind charge
clean	powerfuljarelle_28210
clean	ako demon
clean	my bow
clean	dreimaestro_ me
clean	wait i will make moore
clean	my bows
clean	my bow g g
clean	ph_6threath wait
clean	lets fix this base
clean	bye see u tmr
clean	why pull
clean	10 fps bro
clean	what place?
clean	30 fps
clean	water flow are so sloww
clean	aight bet
clean	yo lemme hide rohit
clean	bro fiew_
clean	yv1kcch4j3
clean	uv1kcch4j3
clean	i dont use velaris
clean	what are u all trying to do
clean	ay bro
clean	u cant evne do it btw
clean	opss
clean	i told yall
clean	ill call ya later
clean	buying elytra
clean	btw qblast
clean	wsg
clean	check krder for high profit
clean	not enough arrow
clean	aqil
clean	what farm?
clean	kelp fast farm
clean	where?
clean	in here?
clean	san kana blueman
clean	el
clean	i have parrotx2
clean	woah
clean	ely too
clean	can i have 1m
clean	what miles?
clean	there you go
clean	what miles
clean	hallo
clean	do my order guys
clean	miles so um i dont have more farm
clean	tess
clean	bisaya tsenguunbob
clean	i tp someone?
clean	i wanna rate
clean	no raid
clean	it's not done yet
clean	you can trust me
clean	underground?
clean	tpa pagpaglover123
clean	nice base btw
clean	give me crafting table
clean	pagpaglover123 is trusted
clean	nahh he want to tap
clean	how do i get out
clean	yo guys can someone help me to progress
clean	how do i get out tho
clean	he's kegit
clean	cyanex_
clean	w pagpaglover123
clean	whre
clean	he gave me ancient debrie
clean	do my order easy money
clean	anyone willing to give something to a new player?
clean	nahh l trap
clean	yo wait room343??
clean	long time no see ig
clean	herats?
clean	whos the owner of the server
clean	sonionviro bro
clean	lets spear mace
clean	paniii
clean	but gimme spae
clean	what i do?
clean	e chest mai h me deta
clean	le
clean	haa
clean	mace pvp chaiye?
clean	coins hai?
clean	kyaa
clean	friend
clean	follow me but no frind
clean	mard unga
clean	come here for kit
clean	le madar
clean	shub whick kit you want
clean	kaha?
clean	mere pe hai
clean	nahi tu rakh le
clean	de
clean	ye le
clean	bhai coins hai??
clean	re gear krna hai kuch nahi hai
clean	me spawn se aaya
clean	noobde
clean	aaja
clean	ruk
clean	teri maa ka
clean	dediye
clean	dekh
clean	mera land le
clean	ooye ye le
clean	idhar aa
clean	use pakad
clean	with lapata kit
clean	with viii prot
clean	in my armor
clean	kit bro
clean	sould i show you
clean	clear lag
clean	first get kit then
clean	ooye
clean	wo lgana
clean	boots
clean	bro u will take my stuf
clean	i will give u lapata stuff
clean	me coins trade kr rha hu
clean	grind
clean	just kidding
clean	aree
clean	sahi baat
clean	kiddind
clean	i only need
clean	boots or helmet
clean	hgey
clean	accha
clean	leke chal
clean	pehle
clean	wht u need?
clean	mujhe tp krna
clean	nah bro dev ne mana kiya hai
clean	dev ne mana kia hai
clean	sidhe?
clean	ma na tumha kit di ha
clean	mere pe 5 stavks coins hai
clean	nahi
clean	acha sirf helmet
clean	bhai accept karo
clean	kya hai voice
clean	are ye voide
clean	asd asd ad
clean	oh.
clean	bhai devil_zuz g me kida hai kya
clean	bar bar tpa
clean	lelo tpa
clean	nahi aati
clean	selling mace
clean	likho /tpa ccept devil_zuz
clean	price
clean	are bc
clean	ye totem mila
clean	10m
clean	bahut mere pe
clean	selling mace for an armor of nethirite base
clean	kuch bhi kr le
clean	selling mace far armor of nethirite [base armor]
clean	mujha lunge3 spear chya
clean	2 net kit
clean	mujha lunge 3 ka spear do
clean	2 net kit dunga
clean	merta
clean	w netherninja11
clean	daym
clean	wlcm
clean	who need money
clean	totem nahi hai
clean	lmao nub
clean	good afternoon good evening and goodnight
clean	cd
clean	who teleported
clean	fork is tping i think
clean	sala
clean	shre_master_77 totem pop pvp
clean	guys without rockets pvp come at waro pvp
clean	furqanahmed nah bro thnx
clean	why kids
clean	tnt
clean	luminary_4369_69 dc
clean	vemin
clean	guts com at warp pvp for without rockets pvp
clean	guys*
clean	spawn kr
clean	./spawn
clean	when hes free
clean	yea i did
clean	bibo2651 sure
clean	which bug
clean	do back i think
clean	you left mid ss jziemnkiy11
clean	bibo2651?
clean	u can drop things now
clean	what are u trying to do lmao
clean	i dont pvp bibo2651 :sob:
clean	its alr dw
clean	how did u die
clean	hahahahaha
clean	what is ts
clean	gliutch
clean	its spawn world
clean	how on earth did u find this
clean	theres glitchj
clean	sometimes u rtp to spawn word
clean	and its void world
clean	wait how do u even have firework
clean	yo plave crystal
clean	stand
clean	gng chill vro
clean	how on earth did i miss that
clean	tp to me yall!!
clean	hmm i gtg
clean	1 torch
clean	1 sand
clean	wasup admin
clean	1 obsidian
clean	long time no see
clean	1 pickaxe
clean	4 scaffolding
clean	are we serious
clean	that sit
clean	mtyri can i get a full set neth
clean	i need to talk
clean	imatakenap this
clean	fr i see person
clean	i need daimond
clean	easy escape
clean	he quited
clean	it is you
clean	i thoughs its ralemus
clean	12 alts
clean	my armor is low
clean	carrot
clean	hoyl
clean	ask prenki
clean	idk sharklez_
clean	r u admin?
clean	sharklez_ antivpn
clean	r u admin??
clean	imatakenap ye
clean	whos owne
clean	sharklez_ idk
clean	whos owner
clean	imatakenap strix and aqua
clean	sharklez_ ithink they move or use different wifi
clean	have kay?
clean	is combat log allowed
clean	idk sharklez_ tbh
clean	is he geared
clean	only dia
clean	can you get me mending
clean	idh mending
clean	my armor will abouta break
clean	probably
clean	best0ftarlac idh unban perms
clean	best0ftarlac wait
clean	what is bro tryna do :sob:
clean	raad no
clean	best0ftarlac i alr ssed u before didnt i?
clean	ilovedounts i dont pvp
clean	wait for aqua ig
clean	best0ftarlac ill ping aqua when he gets on
clean	but ur still clear
clean	it isnt
clean	marlow crystal optimizer
clean	yep its not bannable
clean	ilovedounts ur sus
clean	rave?
clean	isnt rave hello8020
clean	ilovedounts ur rave on dc?
clean	u left
clean	go vc
clean	yo jebinishere
clean	he has 1 min to rejoin
clean	ilovedounts btw ur alr gone for anchoraura
clean	i have proof
clean	you placed an anchor when u werent even looking in its direction
clean	ilovedounts its over for u btw
clean	ur cheating
clean	ilovedounts u wanna admit ur cheating or should i ban u even more
clean	which cheat ilovedounts tell me in /msg
clean	why cant i ban
clean	and now i cant "replace" bans
clean	ilovedounts ig ill wait for anyone with perms to ban you
clean	ilovedounts why cheat
clean	you cheated then tried dodging screenshare
clean	it isnt unfair you were cheating
clean	u didnt ss you joined for 10s and left
clean	and you left when i told u to ss
clean	for?
clean	i already have more than enough punishments i just need tickets complete
clean	anyway i gtg im so tired
clean	check reddit.com later
clean	check reddit,com later
clean	check reddit_com later
clean	check reddit'com later
clean	check reddit*com later
clean	check redditcom later
clean	check reddit com later
clean	check reddit(dot)com later
clean	ch3ck r3dd17.c0m l473r
clean	c h e c k  r e d d i t . c o m  l a t e r
clean	chеck rеddit.cοm Iаtеr
clean	CHECK REDDIT.COM LATER
clean	ChEcK rEdDiT.cOm LaTeR
clean	cheeeck reeeddit.com laaater
clean	check reddit-com later
clean	check reddit;com later
clean	check reddit~com later
clean	check reddit.com later che
clean	chck rddt.cm ltr
clean	cchhecckk rredddditt.ccomm llatterr
clean	check.!.reddit.com.!.later
clean	later reddit.com check
clean	ch3ck r3dd17 c0m l473r
clean	ch3ck r3dd17.c0m I473r
clean	ChEcK rEdDiTcOm LaTeR
clean	c h 3 c k  r 3 d d 1 7 . c 0 m  l 4 7 3 r
clean	that youtube.com tutorial helped
clean	that youtube,com tutorial helped
clean	that youtube_com tutorial helped
clean	that youtube'com tutorial helped
clean	that youtube*com tutorial helped
clean	that youtubecom tutorial helped
clean	that youtube com tutorial helped
clean	that youtube(dot)com tutorial helped
clean	7h47 y0u7ub3.c0m 7u70r14l h3lp3d
clean	t h a t  y o u t u b e . c o m  t u t o r i a l  h e l p e d
clean	thаt yοutubе.cοm tutοriаI hеIpеd
clean	THAT YOUTUBE.COM TUTORIAL HELPED
clean	ThAt YoUtUbE.cOm TuToRiAl HeLpEd
clean	thaaat yoooutube.com tuuutorial heeelped
clean	that youtube-com tutorial helped
clean	that youtube;com tutorial helped
clean	that youtube~com tutorial helped
clean	that youtube.com tutorial helped tha
clean	that ytb.cm ttrl hlpd
clean	tthhatt yyouttubbe.ccomm ttuttorriall hhellppedd
clean	that.!.youtube.com.!.tutorial.!.helped
clean	helped tutorial youtube.com that
clean	7h47 y0u7ub3 c0m 7u70r14l h3lp3d
clean	7h47 y0u7ub3.c0m 7u70r14I h3Ip3d
clean	ThAt YoUtUbEcOm TuToRiAl HeLpEd
clean	7 h 4 7  y 0 u 7 u b 3 . c 0 m  7 u 7 0 r 1 4 l  h 3 l p 3 d
clean	the docs at papermc.io explain it
clean	the docs at papermc,io explain it
clean	the docs at papermc_io explain it
clean	the docs at papermc'io explain it
clean	the docs at papermc*io explain it
clean	the docs at papermcio explain it
clean	the docs at papermc io explain it
clean	the docs at papermc(dot)io explain it
clean	7h3 d0c5 47 p4p3rmc.10 3xpl41n 17
clean	t h e  d o c s  a t  p a p e r m c . i o  e x p l a i n  i t
clean	thе dοcs аt pаpеrmc.iο еxpIаin it
clean	THE DOCS AT PAPERMC.IO EXPLAIN IT
clean	ThE dOcS aT pApErMc.Io ExPlAiN iT
clean	theee dooocs aaat paaapermc.io eeexplain iiit
clean	the docs at papermc-io explain it
clean	the docs at papermc;io explain it
clean	the docs at papermc~io explain it
clean	the docs at papermc.io explain it the
clean	the docs at pprmc.o expln it
clean	tthhe ddoccss att ppapperrmmcc.io exxppllainn itt
clean	the.!.docs.!.at.!.papermc.io.!.explain.!.it
clean	it explain papermc.io at docs the
clean	7h3 d0c5 47 p4p3rmc 10 3xpl41n 17
clean	7h3 d0c5 47 p4p3rmc.10 3xpI41n 17
clean	ThE dOcS aT pApErMcIo ExPlAiN iT
clean	7 h 3  d 0 c 5  4 7  p 4 p 3 r m c . 1 0  3 x p l 4 1 n  1 7
clean	i read it on minecraft.net
clean	i read it on minecraft,net
clean	i read it on minecraft_net
clean	i read it on minecraft'net
clean	i read it on minecraft*net
clean	i read it on minecraftnet
clean	i read it on minecraft net
clean	i read it on minecraft(dot)net
clean	1 r34d 17 0n m1n3cr4f7.n37
clean	i  r e a d  i t  o n  m i n e c r a f t . n e t
clean	i rеаd it οn minеcrаft.nеt
clean	I READ IT ON MINECRAFT.NET
clean	I rEaD iT oN mInEcRaFt.NeT
clean	iii reeead iiit ooon miiinecraft.net
clean	i read it on minecraft-net
clean	i read it on minecraft;net
clean	i read it on minecraft~net
clean	i read it on minecraft.net i r
clean	i read it on mncrft.nt
clean	i rreadd itt onn mminneccrrafftt.nnett
clean	i.!.read.!.it.!.on.!.minecraft.net
clean	minecraft.net on it read i
clean	1 r34d 17 0n m1n3cr4f7 n37
clean	I rEaD iT oN mInEcRaFtNeT
clean	1  r 3 4 d  1 7  0 n  m 1 n 3 c r 4 f 7 . n 3 7
clean	look at spigotmc.org for plugins
clean	look at spigotmc,org for plugins
clean	look at spigotmc_org for plugins
clean	look at spigotmc'org for plugins
clean	look at spigotmc*org for plugins
clean	look at spigotmcorg for plugins
clean	look at spigotmc org for plugins
clean	look at spigotmc(dot)org for plugins
clean	l00k 47 5p1g07mc.0rg f0r plug1n5
clean	l o o k  a t  s p i g o t m c . o r g  f o r  p l u g i n s
clean	Iοοk аt spigοtmc.οrg fοr pIugins
clean	LOOK AT SPIGOTMC.ORG FOR PLUGINS
clean	LoOk At SpIgOtMc.OrG fOr PlUgInS
clean	looook aaat spiiigotmc.org fooor pluuugins
clean	look at spigotmc-org for plugins
clean	look at spigotmc;org for plugins
clean	look at spigotmc~org for plugins
clean	look at spigotmc.org for plugins loo
clean	look at spgtmc.rg for plgns
clean	llookk att ssppiggottmmcc.orrgg fforr ppllugginnss
clean	look.!.at.!.spigotmc.org.!.for.!.plugins
clean	plugins for spigotmc.org at look
clean	l00k 47 5p1g07mc 0rg f0r plug1n5
clean	I00k 47 5p1g07mc.0rg f0r pIug1n5
clean	LoOk At SpIgOtMcOrG fOr PlUgInS
clean	l 0 0 k  4 7  5 p 1 g 0 7 m c . 0 r g  f 0 r  p l u g 1 n 5
clean	github.com has the source
clean	github,com has the source
clean	github_com has the source
clean	github'com has the source
clean	github*com has the source
clean	githubcom has the source
clean	github com has the source
clean	github(dot)com has the source
clean	g17hub.c0m h45 7h3 50urc3
clean	g i t h u b . c o m  h a s  t h e  s o u r c e
clean	github.cοm hаs thе sοurcе
clean	GITHUB.COM HAS THE SOURCE
clean	GiThUb.CoM hAs ThE sOuRcE
clean	giiithub.com haaas theee sooource
clean	github-com has the source
clean	github;com has the source
clean	github~com has the source
clean	github.com has the source git
clean	gthb.cm has the srce
clean	ggitthhubb.ccomm hhass tthhe ssourrcce
clean	github.com.!.has.!.the.!.source
clean	source the has github.com
clean	g17hub c0m h45 7h3 50urc3
clean	GiThUbCoM hAs ThE sOuRcE
clean	g 1 7 h u b . c 0 m  h 4 5  7 h 3  5 0 u r c 3
clean	wikipedia.org says otherwise
clean	wikipedia,org says otherwise
clean	wikipedia_org says otherwise
clean	wikipedia'org says otherwise
clean	wikipedia*org says otherwise
clean	wikipediaorg says otherwise
clean	wikipedia org says otherwise
clean	wikipedia(dot)org says otherwise
clean	w1k1p3d14.0rg 54y5 07h3rw153
clean	w i k i p e d i a . o r g  s a y s  o t h e r w i s e
clean	wikipеdiа.οrg sаys οthеrwisе
clean	WIKIPEDIA.ORG SAYS OTHERWISE
clean	WiKiPeDiA.oRg SaYs OtHeRwIsE
clean	wiiikipedia.org saaays oootherwise
clean	wikipedia-org says otherwise
clean	wikipedia;org says otherwise
clean	wikipedia~org says otherwise
clean	wikipedia.org says otherwise wik
clean	wkpd.rg says othrwse
clean	wwikkippeddia.orrgg ssayyss otthherrwwisse
clean	wikipedia.org.!.says.!.otherwise
clean	otherwise says wikipedia.org
clean	w1k1p3d14 0rg 54y5 07h3rw153
clean	WiKiPeDiAoRg SaYs OtHeRwIsE
clean	w 1 k 1 p 3 d 1 4 . 0 r g  5 4 y 5  0 7 h 3 r w 1 5 3
clean	dictionary.com has the meaning
clean	dictionary,com has the meaning
clean	dictionary_com has the meaning
clean	dictionary'com has the meaning
clean	dictionary*com has the meaning
clean	dictionarycom has the meaning
clean	dictionary com has the meaning
clean	dictionary(dot)com has the meaning
clean	d1c710n4ry.c0m h45 7h3 m34n1ng
clean	d i c t i o n a r y . c o m  h a s  t h e  m e a n i n g
clean	dictiοnаry.cοm hаs thе mеаning
clean	DICTIONARY.COM HAS THE MEANING
clean	DiCtIoNaRy.CoM hAs ThE mEaNiNg
clean	diiictionary.com haaas theee meeeaning
clean	dictionary-com has the meaning
clean	dictionary;com has the meaning
clean	dictionary~com has the meaning
clean	dictionary.com has the meaning dic
clean	dctnry.cm has the mnng
clean	ddiccttionnarryy.ccomm hhass tthhe mmeanninngg
clean	dictionary.com.!.has.!.the.!.meaning
clean	meaning the has dictionary.com
clean	d1c710n4ry c0m h45 7h3 m34n1ng
clean	DiCtIoNaRyCoM hAs ThE mEaNiNg
clean	d 1 c 7 1 0 n 4 r y . c 0 m  h 4 5  7 h 3  m 3 4 n 1 n g
clean	the wiki at fandom.com is old
clean	the wiki at fandom,com is old
clean	the wiki at fandom_com is old
clean	the wiki at fandom'com is old
clean	the wiki at fandom*com is old
clean	the wiki at fandomcom is old
clean	the wiki at fandom com is old
clean	the wiki at fandom(dot)com is old
clean	7h3 w1k1 47 f4nd0m.c0m 15 0ld
clean	t h e  w i k i  a t  f a n d o m . c o m  i s  o l d
clean	thе wiki аt fаndοm.cοm is οId
clean	THE WIKI AT FANDOM.COM IS OLD
clean	ThE wIkI aT fAnDoM.cOm Is OlD
clean	theee wiiiki aaat faaandom.com iiis ooold
clean	the wiki at fandom-com is old
clean	the wiki at fandom;com is old
clean	the wiki at fandom~com is old
clean	the wiki at fandom.com is old the
clean	the wiki at fndm.cm is old
clean	tthhe wwikki att ffannddomm.ccomm iss olldd
clean	the.!.wiki.!.at.!.fandom.com.!.is.!.old
clean	old is fandom.com at wiki the
clean	7h3 w1k1 47 f4nd0m c0m 15 0ld
clean	7h3 w1k1 47 f4nd0m.c0m 15 0Id
clean	ThE wIkI aT fAnDoMcOm Is OlD
clean	7 h 3  w 1 k 1  4 7  f 4 n d 0 m . c 0 m  1 5  0 l d
clean	google.com it yourself
clean	google,com it yourself
clean	google_com it yourself
clean	google'com it yourself
clean	google*com it yourself
clean	googlecom it yourself
clean	google com it yourself
clean	google(dot)com it yourself
clean	g00gl3.c0m 17 y0ur53lf
clean	g o o g l e . c o m  i t  y o u r s e l f
clean	gοοgIе.cοm it yοursеIf
clean	GOOGLE.COM IT YOURSELF
clean	GoOgLe.CoM iT yOuRsElF
clean	goooogle.com iiit yooourself
clean	google-com it yourself
clean	google;com it yourself
clean	google~com it yourself
clean	google.com it yourself goo
clean	ggl.cm it yrslf
clean	ggoogglle.ccomm itt yyourrssellff
clean	google.com.!.it.!.yourself
clean	yourself it google.com
clean	g00gl3 c0m 17 y0ur53lf
clean	g00gI3.c0m 17 y0ur53If
clean	GoOgLeCoM iT yOuRsElF
clean	g 0 0 g l 3 . c 0 m  1 7  y 0 u r 5 3 l f
clean	i saw that on twitch.tv
clean	i saw that on twitch,tv
clean	i saw that on twitch_tv
clean	i saw that on twitch'tv
clean	i saw that on twitch*tv
clean	i saw that on twitchtv
clean	i saw that on twitch tv
clean	i saw that on twitch(dot)tv
clean	1 54w 7h47 0n 7w17ch.7v
clean	i  s a w  t h a t  o n  t w i t c h . t v
clean	i sаw thаt οn twitch.tv
clean	I SAW THAT ON TWITCH.TV
clean	I sAw ThAt On TwItCh.Tv
clean	iii saaaw thaaat ooon twiiitch.tv
clean	i saw that on twitch-tv
clean	i saw that on twitch;tv
clean	i saw that on twitch~tv
clean	i saw that on twitch.tv i s
clean	i saw that on twtch.tv
clean	i ssaww tthhatt onn ttwwittcchh.ttvv
clean	i.!.saw.!.that.!.on.!.twitch.tv
clean	twitch.tv on that saw i
clean	1 54w 7h47 0n 7w17ch 7v
clean	I sAw ThAt On TwItChTv
clean	1  5 4 w  7 h 4 7  0 n  7 w 1 7 c h . 7 v
clean	the clip is on streamable.com
clean	the clip is on streamable,com
clean	the clip is on streamable_com
clean	the clip is on streamable'com
clean	the clip is on streamable*com
clean	the clip is on streamablecom
clean	the clip is on streamable com
clean	the clip is on streamable(dot)com
clean	7h3 cl1p 15 0n 57r34m4bl3.c0m
clean	t h e  c l i p  i s  o n  s t r e a m a b l e . c o m
clean	thе cIip is οn strеаmаbIе.cοm
clean	THE CLIP IS ON STREAMABLE.COM
clean	ThE cLiP iS oN sTrEaMaBlE.cOm
clean	theee cliiip iiis ooon streeeamable.com
clean	the clip is on streamable-com
clean	the clip is on streamable;com
clean	the clip is on streamable~com
clean	the clip is on streamable.com the
clean	the clip is on strmbl.cm
clean	tthhe ccllipp iss onn ssttrreammabblle.ccomm
clean	the.!.clip.!.is.!.on.!.streamable.com
clean	streamable.com on is clip the
clean	7h3 cl1p 15 0n 57r34m4bl3 c0m
clean	7h3 cI1p 15 0n 57r34m4bI3.c0m
clean	ThE cLiP iS oN sTrEaMaBlEcOm
clean	7 h 3  c l 1 p  1 5  0 n  5 7 r 3 4 m 4 b l 3 . c 0 m
clean	paste it on pastebin.com
clean	paste it on pastebin,com
clean	paste it on pastebin_com
clean	paste it on pastebin'com
clean	paste it on pastebin*com
clean	paste it on pastebincom
clean	paste it on pastebin com
clean	paste it on pastebin(dot)com
clean	p4573 17 0n p4573b1n.c0m
clean	p a s t e  i t  o n  p a s t e b i n . c o m
clean	pаstе it οn pаstеbin.cοm
clean	PASTE IT ON PASTEBIN.COM
clean	PaStE iT oN pAsTeBiN.cOm
clean	paaaste iiit ooon paaastebin.com
clean	paste it on pastebin-com
clean	paste it on pastebin;com
clean	paste it on pastebin~com
clean	paste it on pastebin.com pas
clean	pste it on pstbn.cm
clean	ppasstte itt onn ppassttebbinn.ccomm
clean	paste.!.it.!.on.!.pastebin.com
clean	pastebin.com on it paste
clean	p4573 17 0n p4573b1n c0m
clean	PaStE iT oN pAsTeBiNcOm
clean	p 4 5 7 3  1 7  0 n  p 4 5 7 3 b 1 n . c 0 m
clean	that map is on planetminecraft.com
clean	that map is on planetminecraft,com
clean	that map is on planetminecraft_com
clean	that map is on planetminecraft'com
clean	that map is on planetminecraft*com
clean	that map is on planetminecraftcom
clean	that map is on planetminecraft com
clean	that map is on planetminecraft(dot)com
clean	7h47 m4p 15 0n pl4n37m1n3cr4f7.c0m
clean	t h a t  m a p  i s  o n  p l a n e t m i n e c r a f t . c o m
clean	thаt mаp is οn pIаnеtminеcrаft.cοm
clean	THAT MAP IS ON PLANETMINECRAFT.COM
clean	ThAt MaP iS oN pLaNeTmInEcRaFt.CoM
clean	thaaat maaap iiis ooon plaaanetminecraft.com
clean	that map is on planetminecraft-com
clean	that map is on planetminecraft;com
clean	that map is on planetminecraft~com
clean	that map is on planetminecraft.com tha
clean	that map is on plntmncrft.cm
clean	tthhatt mmapp iss onn ppllannettmminneccrrafftt.ccomm
clean	that.!.map.!.is.!.on.!.planetminecraft.com
clean	planetminecraft.com on is map that
clean	7h47 m4p 15 0n pl4n37m1n3cr4f7 c0m
clean	7h47 m4p 15 0n pI4n37m1n3cr4f7.c0m
clean	ThAt MaP iS oN pLaNeTmInEcRaFtCoM
clean	7 h 4 7  m 4 p  1 5  0 n  p l 4 n 3 7 m 1 n 3 c r 4 f 7 . c 0 m
clean	the sound is on soundcloud.com
clean	the sound is on soundcloud,com
clean	the sound is on soundcloud_com
clean	the sound is on soundcloud'com
clean	the sound is on soundcloud*com
clean	the sound is on soundcloudcom
clean	the sound is on soundcloud com
clean	the sound is on soundcloud(dot)com
clean	7h3 50und 15 0n 50undcl0ud.c0m
clean	t h e  s o u n d  i s  o n  s o u n d c l o u d . c o m
clean	thе sοund is οn sοundcIοud.cοm
clean	THE SOUND IS ON SOUNDCLOUD.COM
clean	ThE sOuNd Is On SoUnDcLoUd.CoM
clean	theee sooound iiis ooon soooundcloud.com
clean	the sound is on soundcloud-com
clean	the sound is on soundcloud;com
clean	the sound is on soundcloud~com
clean	the sound is on soundcloud.com the
clean	the snd is on sndcld.cm
clean	tthhe ssounndd iss onn ssounnddcclloudd.ccomm
clean	the.!.sound.!.is.!.on.!.soundcloud.com
clean	soundcloud.com on is sound the
clean	7h3 50und 15 0n 50undcl0ud c0m
clean	7h3 50und 15 0n 50undcI0ud.c0m
clean	ThE sOuNd Is On SoUnDcLoUdCoM
clean	7 h 3  5 0 u n d  1 5  0 n  5 0 u n d c l 0 u d . c 0 m
clean	that song is on music.apple.com
clean	that song is on music,apple,com
clean	that song is on music_apple_com
clean	that song is on music'apple'com
clean	that song is on music*apple*com
clean	that song is on musicapplecom
clean	that song is on music apple com
clean	that song is on music(dot)apple(dot)com
clean	7h47 50ng 15 0n mu51c.4ppl3.c0m
clean	t h a t  s o n g  i s  o n  m u s i c . a p p l e . c o m
clean	thаt sοng is οn music.аppIе.cοm
clean	THAT SONG IS ON MUSIC.APPLE.COM
clean	ThAt SoNg Is On MuSiC.aPpLe.CoM
clean	thaaat sooong iiis ooon muuusic.apple.com
clean	that song is on music-apple-com
clean	that song is on music;apple;com
clean	that song is on music~apple~com
clean	that song is on music.apple.com tha
clean	that song is on msc.ppl.cm
clean	tthhatt ssonngg iss onn mmussicc.apppplle.ccomm
clean	that.!.song.!.is.!.on.!.music.apple.com
clean	music.apple.com on is song that
clean	7h47 50ng 15 0n mu51c 4ppl3 c0m
clean	7h47 50ng 15 0n mu51c.4ppI3.c0m
clean	ThAt SoNg Is On MuSiCaPpLeCoM
clean	7 h 4 7  5 0 n g  1 5  0 n  m u 5 1 c . 4 p p l 3 . c 0 m
clean	buy it on store.steampowered.com
clean	buy it on store,steampowered,com
clean	buy it on store_steampowered_com
clean	buy it on store'steampowered'com
clean	buy it on store*steampowered*com
clean	buy it on storesteampoweredcom
clean	buy it on store steampowered com
clean	buy it on store(dot)steampowered(dot)com
clean	buy 17 0n 570r3.5734mp0w3r3d.c0m
clean	b u y  i t  o n  s t o r e . s t e a m p o w e r e d . c o m
clean	buy it οn stοrе.stеаmpοwеrеd.cοm
clean	BUY IT ON STORE.STEAMPOWERED.COM
clean	BuY iT oN sToRe.StEaMpOwErEd.CoM
clean	buuuy iiit ooon stooore.steampowered.com
clean	buy it on store-steampowered-com
clean	buy it on store;steampowered;com
clean	buy it on store~steampowered~com
clean	buy it on store.steampowered.com buy
clean	buy it on str.stmpwrd.cm
clean	bbuyy itt onn ssttorre.sstteammppowwerredd.ccomm
clean	buy.!.it.!.on.!.store.steampowered.com
clean	store.steampowered.com on it buy
clean	buy 17 0n 570r3 5734mp0w3r3d c0m
clean	BuY iT oN sToReStEaMpOwErEdCoM
clean	b u y  1 7  0 n  5 7 0 r 3 . 5 7 3 4 m p 0 w 3 r 3 d . c 0 m
clean	the mod is on curseforge.com
clean	the mod is on curseforge,com
clean	the mod is on curseforge_com
clean	the mod is on curseforge'com
clean	the mod is on curseforge*com
clean	the mod is on curseforgecom
clean	the mod is on curseforge com
clean	the mod is on curseforge(dot)com
clean	7h3 m0d 15 0n cur53f0rg3.c0m
clean	t h e  m o d  i s  o n  c u r s e f o r g e . c o m
clean	thе mοd is οn cursеfοrgе.cοm
clean	THE MOD IS ON CURSEFORGE.COM
clean	ThE mOd Is On CuRsEfOrGe.CoM
clean	theee moood iiis ooon cuuurseforge.com
clean	the mod is on curseforge-com
clean	the mod is on curseforge;com
clean	the mod is on curseforge~com
clean	the mod is on curseforge.com the
clean	the mod is on crsfrg.cm
clean	tthhe mmodd iss onn ccurrssefforrgge.ccomm
clean	the.!.mod.!.is.!.on.!.curseforge.com
clean	curseforge.com on is mod the
clean	7h3 m0d 15 0n cur53f0rg3 c0m
clean	ThE mOd Is On CuRsEfOrGeCoM
clean	7 h 3  m 0 d  1 5  0 n  c u r 5 3 f 0 r g 3 . c 0 m
clean	check fabricmc.net for the loader
clean	check fabricmc,net for the loader
clean	check fabricmc_net for the loader
clean	check fabricmc'net for the loader
clean	check fabricmc*net for the loader
clean	check fabricmcnet for the loader
clean	check fabricmc net for the loader
clean	check fabricmc(dot)net for the loader
clean	ch3ck f4br1cmc.n37 f0r 7h3 l04d3r
clean	c h e c k  f a b r i c m c . n e t  f o r  t h e  l o a d e r
clean	chеck fаbricmc.nеt fοr thе Iοаdеr
clean	CHECK FABRICMC.NET FOR THE LOADER
clean	ChEcK fAbRiCmC.nEt FoR tHe LoAdEr
clean	cheeeck faaabricmc.net fooor theee loooader
clean	check fabricmc-net for the loader
clean	check fabricmc;net for the loader
clean	check fabricmc~net for the loader
clean	check fabricmc.net for the loader che
clean	chck fbrcmc.nt for the ldr
clean	cchhecckk ffabbrriccmmcc.nnett fforr tthhe lloadderr
clean	check.!.fabricmc.net.!.for.!.the.!.loader
clean	loader the for fabricmc.net check
clean	ch3ck f4br1cmc n37 f0r 7h3 l04d3r
clean	ch3ck f4br1cmc.n37 f0r 7h3 I04d3r
clean	ChEcK fAbRiCmCnEt FoR tHe LoAdEr
clean	c h 3 c k  f 4 b r 1 c m c . n 3 7  f 0 r  7 h 3  l 0 4 d 3 r
clean	the issue is on bugs.mojang.com
clean	the issue is on bugs,mojang,com
clean	the issue is on bugs_mojang_com
clean	the issue is on bugs'mojang'com
clean	the issue is on bugs*mojang*com
clean	the issue is on bugsmojangcom
clean	the issue is on bugs mojang com
clean	the issue is on bugs(dot)mojang(dot)com
clean	7h3 155u3 15 0n bug5.m0j4ng.c0m
clean	t h e  i s s u e  i s  o n  b u g s . m o j a n g . c o m
clean	thе issuе is οn bugs.mοjаng.cοm
clean	THE ISSUE IS ON BUGS.MOJANG.COM
clean	ThE iSsUe Is On BuGs.MoJaNg.CoM
clean	theee iiissue iiis ooon buuugs.mojang.com
clean	the issue is on bugs-mojang-com
clean	the issue is on bugs;mojang;com
clean	the issue is on bugs~mojang~com
clean	the issue is on bugs.mojang.com the
clean	the isse is on bgs.mjng.cm
clean	tthhe issssue iss onn bbuggss.mmojjanngg.ccomm
clean	the.!.issue.!.is.!.on.!.bugs.mojang.com
clean	bugs.mojang.com on is issue the
clean	7h3 155u3 15 0n bug5 m0j4ng c0m
clean	ThE iSsUe Is On BuGsMoJaNgCoM
clean	7 h 3  1 5 5 u 3  1 5  0 n  b u g 5 . m 0 j 4 n g . c 0 m
clean	the answer is on stackoverflow.com
clean	the answer is on stackoverflow,com
clean	the answer is on stackoverflow_com
clean	the answer is on stackoverflow'com
clean	the answer is on stackoverflow*com
clean	the answer is on stackoverflowcom
clean	the answer is on stackoverflow com
clean	the answer is on stackoverflow(dot)com
clean	7h3 4n5w3r 15 0n 574ck0v3rfl0w.c0m
clean	t h e  a n s w e r  i s  o n  s t a c k o v e r f l o w . c o m
clean	thе аnswеr is οn stаckοvеrfIοw.cοm
clean	THE ANSWER IS ON STACKOVERFLOW.COM
clean	ThE aNsWeR iS oN sTaCkOvErFlOw.CoM
clean	theee aaanswer iiis ooon staaackoverflow.com
clean	the answer is on stackoverflow-com
clean	the answer is on stackoverflow;com
clean	the answer is on stackoverflow~com
clean	the answer is on stackoverflow.com the
clean	the answr is on stckvrflw.cm
clean	tthhe annsswwerr iss onn ssttacckkovverrfflloww.ccomm
clean	the.!.answer.!.is.!.on.!.stackoverflow.com
clean	stackoverflow.com on is answer the
clean	7h3 4n5w3r 15 0n 574ck0v3rfl0w c0m
clean	7h3 4n5w3r 15 0n 574ck0v3rfI0w.c0m
clean	ThE aNsWeR iS oN sTaCkOvErFlOwCoM
clean	7 h 3  4 n 5 w 3 r  1 5  0 n  5 7 4 c k 0 v 3 r f l 0 w . c 0 m
clean	that image is on imgur.com
clean	that image is on imgur,com
clean	that image is on imgur_com
clean	that image is on imgur'com
clean	that image is on imgur*com
clean	that image is on imgurcom
clean	that image is on imgur com
clean	that image is on imgur(dot)com
clean	7h47 1m4g3 15 0n 1mgur.c0m
clean	t h a t  i m a g e  i s  o n  i m g u r . c o m
clean	thаt imаgе is οn imgur.cοm
clean	THAT IMAGE IS ON IMGUR.COM
clean	ThAt ImAgE iS oN iMgUr.CoM
clean	thaaat iiimage iiis ooon iiimgur.com
clean	that image is on imgur-com
clean	that image is on imgur;com
clean	that image is on imgur~com
clean	that image is on imgur.com tha
clean	that imge is on imgr.cm
clean	tthhatt immagge iss onn immggurr.ccomm
clean	that.!.image.!.is.!.on.!.imgur.com
clean	imgur.com on is image that
clean	7h47 1m4g3 15 0n 1mgur c0m
clean	ThAt ImAgE iS oN iMgUrCoM
clean	7 h 4 7  1 m 4 g 3  1 5  0 n  1 m g u r . c 0 m
clean	the video is on vimeo.com
clean	the video is on vimeo,com
clean	the video is on vimeo_com
clean	the video is on vimeo'com
clean	the video is on vimeo*com
clean	the video is on vimeocom
clean	the video is on vimeo com
clean	the video is on vimeo(dot)com
clean	7h3 v1d30 15 0n v1m30.c0m
clean	t h e  v i d e o  i s  o n  v i m e o . c o m
clean	thе vidеο is οn vimеο.cοm
clean	THE VIDEO IS ON VIMEO.COM
clean	ThE vIdEo Is On ViMeO.cOm
clean	theee viiideo iiis ooon viiimeo.com
clean	the video is on vimeo-com
clean	the video is on vimeo;com
clean	the video is on vimeo~com
clean	the video is on vimeo.com the
clean	the vdo is on vm.cm
clean	tthhe vviddeo iss onn vvimmeo.ccomm
clean	the.!.video.!.is.!.on.!.vimeo.com
clean	vimeo.com on is video the
clean	7h3 v1d30 15 0n v1m30 c0m
clean	ThE vIdEo Is On ViMeOcOm
clean	7 h 3  v 1 d 3 0  1 5  0 n  v 1 m 3 0 . c 0 m
clean	read the post on medium.com
clean	read the post on medium,com
clean	read the post on medium_com
clean	read the post on medium'com
clean	read the post on medium*com
clean	read the post on mediumcom
clean	read the post on medium com
clean	read the post on medium(dot)com
clean	r34d 7h3 p057 0n m3d1um.c0m
clean	r e a d  t h e  p o s t  o n  m e d i u m . c o m
clean	rеаd thе pοst οn mеdium.cοm
clean	READ THE POST ON MEDIUM.COM
clean	ReAd ThE pOsT oN mEdIuM.cOm
clean	reeead theee pooost ooon meeedium.com
clean	read the post on medium-com
clean	read the post on medium;com
clean	read the post on medium~com
clean	read the post on medium.com rea
clean	read the post on mdm.cm
clean	rreadd tthhe pposstt onn mmeddiumm.ccomm
clean	read.!.the.!.post.!.on.!.medium.com
clean	medium.com on post the read
clean	r34d 7h3 p057 0n m3d1um c0m
clean	ReAd ThE pOsT oN mEdIuMcOm
clean	r 3 4 d  7 h 3  p 0 5 7  0 n  m 3 d 1 u m . c 0 m
clean	the changelog is on papermc.io
clean	the changelog is on papermc,io
clean	the changelog is on papermc_io
clean	the changelog is on papermc'io
clean	the changelog is on papermc*io
clean	the changelog is on papermcio
clean	the changelog is on papermc io
clean	the changelog is on papermc(dot)io
clean	7h3 ch4ng3l0g 15 0n p4p3rmc.10
clean	t h e  c h a n g e l o g  i s  o n  p a p e r m c . i o
clean	thе chаngеIοg is οn pаpеrmc.iο
clean	THE CHANGELOG IS ON PAPERMC.IO
clean	ThE cHaNgElOg Is On PaPeRmC.iO
clean	theee chaaangelog iiis ooon paaapermc.io
clean	the changelog is on papermc-io
clean	the changelog is on papermc;io
clean	the changelog is on papermc~io
clean	the changelog is on papermc.io the
clean	the chnglg is on pprmc.o
clean	tthhe cchhannggellogg iss onn ppapperrmmcc.io
clean	the.!.changelog.!.is.!.on.!.papermc.io
clean	papermc.io on is changelog the
clean	7h3 ch4ng3l0g 15 0n p4p3rmc 10
clean	7h3 ch4ng3I0g 15 0n p4p3rmc.10
clean	ThE cHaNgElOg Is On PaPeRmCiO
clean	7 h 3  c h 4 n g 3 l 0 g  1 5  0 n  p 4 p 3 r m c . 1 0
clean	that plugin is on dev.bukkit.org
clean	that plugin is on dev,bukkit,org
clean	that plugin is on dev_bukkit_org
clean	that plugin is on dev'bukkit'org
clean	that plugin is on dev*bukkit*org
clean	that plugin is on devbukkitorg
clean	that plugin is on dev bukkit org
clean	that plugin is on dev(dot)bukkit(dot)org
clean	7h47 plug1n 15 0n d3v.bukk17.0rg
clean	t h a t  p l u g i n  i s  o n  d e v . b u k k i t . o r g
clean	thаt pIugin is οn dеv.bukkit.οrg
clean	THAT PLUGIN IS ON DEV.BUKKIT.ORG
clean	ThAt PlUgIn Is On DeV.bUkKiT.oRg
clean	thaaat pluuugin iiis ooon deeev.bukkit.org
clean	that plugin is on dev-bukkit-org
clean	that plugin is on dev;bukkit;org
clean	that plugin is on dev~bukkit~org
clean	that plugin is on dev.bukkit.org tha
clean	that plgn is on dv.bkkt.rg
clean	tthhatt ppllugginn iss onn ddevv.bbukkkkitt.orrgg
clean	that.!.plugin.!.is.!.on.!.dev.bukkit.org
clean	dev.bukkit.org on is plugin that
clean	7h47 plug1n 15 0n d3v bukk17 0rg
clean	7h47 pIug1n 15 0n d3v.bukk17.0rg
clean	ThAt PlUgIn Is On DeVbUkKiToRg
clean	7 h 4 7  p l u g 1 n  1 5  0 n  d 3 v . b u k k 1 7 . 0 r g
clean	the texture pack is on resourcepack.net
clean	the texture pack is on resourcepack,net
clean	the texture pack is on resourcepack_net
clean	the texture pack is on resourcepack'net
clean	the texture pack is on resourcepack*net
clean	the texture pack is on resourcepacknet
clean	the texture pack is on resourcepack net
clean	the texture pack is on resourcepack(dot)net
clean	7h3 73x7ur3 p4ck 15 0n r350urc3p4ck.n37
clean	t h e  t e x t u r e  p a c k  i s  o n  r e s o u r c e p a c k . n e t
clean	thе tеxturе pаck is οn rеsοurcеpаck.nеt
clean	THE TEXTURE PACK IS ON RESOURCEPACK.NET
clean	ThE tExTuRe PaCk Is On ReSoUrCePaCk.NeT
clean	theee teeexture paaack iiis ooon reeesourcepack.net
clean	the texture pack is on resourcepack-net
clean	the texture pack is on resourcepack;net
clean	the texture pack is on resourcepack~net
clean	the texture pack is on resourcepack.net the
clean	the txtre pack is on rsrcpck.nt
clean	tthhe ttexxtturre ppacckk iss onn rressourrcceppacckk.nnett
clean	the.!.texture.!.pack.!.is.!.on.!.resourcepack.net
clean	resourcepack.net on is pack texture the
clean	7h3 73x7ur3 p4ck 15 0n r350urc3p4ck n37
clean	ThE tExTuRe PaCk Is On ReSoUrCePaCkNeT
clean	7 h 3  7 3 x 7 u r 3  p 4 c k  1 5  0 n  r 3 5 0 u r c 3 p 4 c k . n 3 7
clean	the stats are on namemc.com
clean	the stats are on namemc,com
clean	the stats are on namemc_com
clean	the stats are on namemc'com
clean	the stats are on namemc*com
clean	the stats are on namemccom
clean	the stats are on namemc com
clean	the stats are on namemc(dot)com
clean	7h3 57475 4r3 0n n4m3mc.c0m
clean	t h e  s t a t s  a r e  o n  n a m e m c . c o m
clean	thе stаts аrе οn nаmеmc.cοm
clean	THE STATS ARE ON NAMEMC.COM
clean	ThE sTaTs ArE oN nAmEmC.cOm
clean	theee staaats aaare ooon naaamemc.com
clean	the stats are on namemc-com
clean	the stats are on namemc;com
clean	the stats are on namemc~com
clean	the stats are on namemc.com the
clean	the stts are on nmmc.cm
clean	tthhe ssttattss arre onn nnammemmcc.ccomm
clean	the.!.stats.!.are.!.on.!.namemc.com
clean	namemc.com on are stats the
clean	7h3 57475 4r3 0n n4m3mc c0m
clean	ThE sTaTs ArE oN nAmEmCcOm
clean	7 h 3  5 7 4 7 5  4 r 3  0 n  n 4 m 3 m c . c 0 m
clean	the server list is on minecraftservers.org
clean	the server list is on minecraftservers,org
clean	the server list is on minecraftservers_org
clean	the server list is on minecraftservers'org
clean	the server list is on minecraftservers*org
clean	the server list is on minecraftserversorg
clean	the server list is on minecraftservers org
clean	the server list is on minecraftservers(dot)org
clean	7h3 53rv3r l157 15 0n m1n3cr4f753rv3r5.0rg
clean	t h e  s e r v e r  l i s t  i s  o n  m i n e c r a f t s e r v e r s . o r g
clean	thе sеrvеr Iist is οn minеcrаftsеrvеrs.οrg
clean	THE SERVER LIST IS ON MINECRAFTSERVERS.ORG
clean	ThE sErVeR lIsT iS oN mInEcRaFtSeRvErS.oRg
clean	theee seeerver liiist iiis ooon miiinecraftservers.org
clean	the server list is on minecraftservers-org
clean	the server list is on minecraftservers;org
clean	the server list is on minecraftservers~org
clean	the server list is on minecraftservers.org the
clean	the srvr list is on mncrftsrvrs.rg
clean	tthhe sserrvverr llisstt iss onn mminneccrraffttsserrvverrss.orrgg
clean	the.!.server.!.list.!.is.!.on.!.minecraftservers.org
clean	minecraftservers.org on is list server the
clean	7h3 53rv3r l157 15 0n m1n3cr4f753rv3r5 0rg
clean	7h3 53rv3r I157 15 0n m1n3cr4f753rv3r5.0rg
clean	ThE sErVeR lIsT iS oN mInEcRaFtSeRvErSoRg
clean	7 h 3  5 3 r v 3 r  l 1 5 7  1 5  0 n  m 1 n 3 c r 4 f 7 5 3 r v 3 r 5 . 0 r g
clean	the guide is on digminecraft.com
clean	the guide is on digminecraft,com
clean	the guide is on digminecraft_com
clean	the guide is on digminecraft'com
clean	the guide is on digminecraft*com
clean	the guide is on digminecraftcom
clean	the guide is on digminecraft com
clean	the guide is on digminecraft(dot)com
clean	7h3 gu1d3 15 0n d1gm1n3cr4f7.c0m
clean	t h e  g u i d e  i s  o n  d i g m i n e c r a f t . c o m
clean	thе guidе is οn digminеcrаft.cοm
clean	THE GUIDE IS ON DIGMINECRAFT.COM
clean	ThE gUiDe Is On DiGmInEcRaFt.CoM
clean	theee guuuide iiis ooon diiigminecraft.com
clean	the guide is on digminecraft-com
clean	the guide is on digminecraft;com
clean	the guide is on digminecraft~com
clean	the guide is on digminecraft.com the
clean	the gde is on dgmncrft.cm
clean	tthhe gguidde iss onn ddiggmminneccrrafftt.ccomm
clean	the.!.guide.!.is.!.on.!.digminecraft.com
clean	digminecraft.com on is guide the
clean	7h3 gu1d3 15 0n d1gm1n3cr4f7 c0m
clean	ThE gUiDe Is On DiGmInEcRaFtCoM
clean	7 h 3  g u 1 d 3  1 5  0 n  d 1 g m 1 n 3 c r 4 f 7 . c 0 m
advertising	join examplecraft.net
advertising	join examplecraft,net
advertising	join examplecraft_net
advertising	join examplecraft'net
advertising	join examplecraft*net
advertising	join examplecraftnet
advertising	join examplecraft net
advertising	join examplecraft(dot)net
advertising	j01n 3x4mpl3cr4f7.n37
advertising	j o i n  e x a m p l e c r a f t . n e t
advertising	jοin еxаmpIеcrаft.nеt
advertising	JOIN EXAMPLECRAFT.NET
advertising	JoIn ExAmPlEcRaFt.NeT
advertising	joooin eeexamplecraft.net
advertising	join examplecraft-net
advertising	join examplecraft;net
advertising	join examplecraft~net
advertising	join examplecraft.net joi
advertising	join exmplcrft.nt
advertising	jjoinn exxammpplleccrrafftt.nnett
advertising	join.!.examplecraft.net
advertising	examplecraft.net join
advertising	j01n 3x4mpl3cr4f7 n37
advertising	j01n 3x4mpI3cr4f7.n37
advertising	JoIn ExAmPlEcRaFtNeT
advertising	j 0 1 n  3 x 4 m p l 3 c r 4 f 7 . n 3 7
advertising	join play.examplecraft.gg
advertising	join play,examplecraft,gg
advertising	join play_examplecraft_gg
advertising	join play'examplecraft'gg
advertising	join play*examplecraft*gg
advertising	join playexamplecraftgg
advertising	join play examplecraft gg
advertising	join play(dot)examplecraft(dot)gg
advertising	j01n pl4y.3x4mpl3cr4f7.gg
advertising	j o i n  p l a y . e x a m p l e c r a f t . g g
advertising	jοin pIаy.еxаmpIеcrаft.gg
advertising	JOIN PLAY.EXAMPLECRAFT.GG
advertising	JoIn PlAy.ExAmPlEcRaFt.Gg
advertising	joooin plaaay.examplecraft.gg
advertising	join play-examplecraft-gg
advertising	join play;examplecraft;gg
advertising	join play~examplecraft~gg
advertising	join play.examplecraft.gg joi
advertising	join ply.xmplcrft.gg
advertising	jjoinn ppllayy.exxammpplleccrrafftt.gggg
advertising	join.!.play.examplecraft.gg
advertising	play.examplecraft.gg join
advertising	j01n pl4y 3x4mpl3cr4f7 gg
advertising	j01n pI4y.3x4mpI3cr4f7.gg
advertising	JoIn PlAyExAmPlEcRaFtGg
advertising	j 0 1 n  p l 4 y . 3 x 4 m p l 3 c r 4 f 7 . g g
advertising	join mc123.org
advertising	join mc123,org
advertising	join mc123_org
advertising	join mc123'org
advertising	join mc123*org
advertising	join mc123org
advertising	join mc123 org
advertising	join mc123(dot)org
advertising	j01n mc123.0rg
advertising	j o i n  m c 1 2 3 . o r g
advertising	jοin mc123.οrg
advertising	JOIN MC123.ORG
advertising	JoIn Mc123.OrG
advertising	joooin mc123.ooorg
advertising	join mc123-org
advertising	join mc123;org
advertising	join mc123~org
advertising	join mc123.org joi
advertising	join mc123.rg
advertising	jjoinn mmcc123.orrgg
advertising	join.!.mc123.org
advertising	mc123.org join
advertising	j01n mc123 0rg
advertising	JoIn Mc123OrG
advertising	j 0 1 n  m c 1 2 3 . 0 r g
advertising	join coolpvp.xyz
advertising	join coolpvp,xyz
advertising	join coolpvp_xyz
advertising	join coolpvp'xyz
advertising	join coolpvp*xyz
advertising	join coolpvpxyz
advertising	join coolpvp xyz
advertising	join coolpvp(dot)xyz
advertising	j01n c00lpvp.xyz
advertising	j o i n  c o o l p v p . x y z
advertising	jοin cοοIpvp.xyz
advertising	JOIN COOLPVP.XYZ
advertising	JoIn CoOlPvP.xYz
advertising	joooin coooolpvp.xyz
advertising	join coolpvp-xyz
advertising	join coolpvp;xyz
advertising	join coolpvp~xyz
advertising	join coolpvp.xyz joi
advertising	join clpvp.xyz
advertising	jjoinn ccoollppvvpp.xxyyzz
advertising	join.!.coolpvp.xyz
advertising	coolpvp.xyz join
advertising	j01n c00lpvp xyz
advertising	j01n c00Ipvp.xyz
advertising	JoIn CoOlPvPxYz
advertising	j 0 1 n  c 0 0 l p v p . x y z
advertising	join funserver.com
advertising	join funserver,com
advertising	join funserver_com
advertising	join funserver'com
advertising	join funserver*com
advertising	join funservercom
advertising	join funserver com
advertising	join funserver(dot)com
advertising	j01n fun53rv3r.c0m
advertising	j o i n  f u n s e r v e r . c o m
advertising	jοin funsеrvеr.cοm
advertising	JOIN FUNSERVER.COM
advertising	JoIn FuNsErVeR.cOm
advertising	joooin fuuunserver.com
advertising	join funserver-com
advertising	join funserver;com
advertising	join funserver~com
advertising	join funserver.com joi
advertising	join fnsrvr.cm
advertising	jjoinn ffunnsserrvverr.ccomm
advertising	join.!.funserver.com
advertising	funserver.com join
advertising	j01n fun53rv3r c0m
advertising	JoIn FuNsErVeRcOm
advertising	j 0 1 n  f u n 5 3 r v 3 r . c 0 m
advertising	join hypixelclone.net
advertising	join hypixelclone,net
advertising	join hypixelclone_net
advertising	join hypixelclone'net
advertising	join hypixelclone*net
advertising	join hypixelclonenet
advertising	join hypixelclone net
advertising	join hypixelclone(dot)net
advertising	j01n hyp1x3lcl0n3.n37
advertising	j o i n  h y p i x e l c l o n e . n e t
advertising	jοin hypixеIcIοnе.nеt
advertising	JOIN HYPIXELCLONE.NET
advertising	JoIn HyPiXeLcLoNe.NeT
advertising	joooin hypiiixelclone.net
advertising	join hypixelclone-net
advertising	join hypixelclone;net
advertising	join hypixelclone~net
advertising	join hypixelclone.net joi
advertising	join hypxlcln.nt
advertising	jjoinn hhyyppixxellccllonne.nnett
advertising	join.!.hypixelclone.net
advertising	hypixelclone.net join
advertising	j01n hyp1x3lcl0n3 n37
advertising	j01n hyp1x3IcI0n3.n37
advertising	JoIn HyPiXeLcLoNeNeT
advertising	j 0 1 n  h y p 1 x 3 l c l 0 n 3 . n 3 7
advertising	join pvpzone.gg
advertising	join pvpzone,gg
advertising	join pvpzone_gg
advertising	join pvpzone'gg
advertising	join pvpzone*gg
advertising	join pvpzonegg
advertising	join pvpzone gg
advertising	join pvpzone(dot)gg
advertising	j01n pvpz0n3.gg
advertising	j o i n  p v p z o n e . g g
advertising	jοin pvpzοnе.gg
advertising	JOIN PVPZONE.GG
advertising	JoIn PvPzOnE.gG
advertising	joooin pvpzooone.gg
advertising	join pvpzone-gg
advertising	join pvpzone;gg
advertising	join pvpzone~gg
advertising	join pvpzone.gg joi
advertising	join pvpzn.gg
advertising	jjoinn ppvvppzzonne.gggg
advertising	join.!.pvpzone.gg
advertising	pvpzone.gg join
advertising	j01n pvpz0n3 gg
advertising	JoIn PvPzOnEgG
advertising	j 0 1 n  p v p z 0 n 3 . g g
advertising	join survivalcraft.org
advertising	join survivalcraft,org
advertising	join survivalcraft_org
advertising	join survivalcraft'org
advertising	join survivalcraft*org
advertising	join survivalcraftorg
advertising	join survivalcraft org
advertising	join survivalcraft(dot)org
advertising	j01n 5urv1v4lcr4f7.0rg
advertising	j o i n  s u r v i v a l c r a f t . o r g
advertising	jοin survivаIcrаft.οrg
advertising	JOIN SURVIVALCRAFT.ORG
advertising	JoIn SuRvIvAlCrAfT.oRg
advertising	joooin suuurvivalcraft.org
advertising	join survivalcraft-org
advertising	join survivalcraft;org
advertising	join survivalcraft~org
advertising	join survivalcraft.org joi
advertising	join srvvlcrft.rg
advertising	jjoinn ssurrvvivvallccrrafftt.orrgg
advertising	join.!.survivalcraft.org
advertising	survivalcraft.org join
advertising	j01n 5urv1v4lcr4f7 0rg
advertising	j01n 5urv1v4Icr4f7.0rg
advertising	JoIn SuRvIvAlCrAfToRg
advertising	j 0 1 n  5 u r v 1 v 4 l c r 4 f 7 . 0 r g
advertising	join minescape.xyz
advertising	join minescape,xyz
advertising	join minescape_xyz
advertising	join minescape'xyz
advertising	join minescape*xyz
advertising	join minescapexyz
advertising	join minescape xyz
advertising	join minescape(dot)xyz
advertising	j01n m1n35c4p3.xyz
advertising	j o i n  m i n e s c a p e . x y z
advertising	jοin minеscаpе.xyz
advertising	JOIN MINESCAPE.XYZ
advertising	JoIn MiNeScApE.xYz
advertising	joooin miiinescape.xyz
advertising	join minescape-xyz
advertising	join minescape;xyz
advertising	join minescape~xyz
advertising	join minescape.xyz joi
advertising	join mnscp.xyz
advertising	jjoinn mminnessccappe.xxyyzz
advertising	join.!.minescape.xyz
advertising	minescape.xyz join
advertising	j01n m1n35c4p3 xyz
advertising	JoIn MiNeScApExYz
advertising	j 0 1 n  m 1 n 3 5 c 4 p 3 . x y z
advertising	join craftkingdom.net
advertising	join craftkingdom,net
advertising	join craftkingdom_net
advertising	join craftkingdom'net
advertising	join craftkingdom*net
advertising	join craftkingdomnet
advertising	join craftkingdom net
advertising	join craftkingdom(dot)net
advertising	j01n cr4f7k1ngd0m.n37
advertising	j o i n  c r a f t k i n g d o m . n e t
advertising	jοin crаftkingdοm.nеt
advertising	JOIN CRAFTKINGDOM.NET
advertising	JoIn CrAfTkInGdOm.NeT
advertising	joooin craaaftkingdom.net
advertising	join craftkingdom-net
advertising	join craftkingdom;net
advertising	join craftkingdom~net
advertising	join craftkingdom.net joi
advertising	join crftkngdm.nt
advertising	jjoinn ccrraffttkkinnggddomm.nnett
advertising	join.!.craftkingdom.net
advertising	craftkingdom.net join
advertising	j01n cr4f7k1ngd0m n37
advertising	JoIn CrAfTkInGdOmNeT
advertising	j 0 1 n  c r 4 f 7 k 1 n g d 0 m . n 3 7
advertising	join skypvp.gg
advertising	join skypvp,gg
advertising	join skypvp_gg
advertising	join skypvp'gg
advertising	join skypvp*gg
advertising	join skypvpgg
advertising	join skypvp gg
advertising	join skypvp(dot)gg
advertising	j01n 5kypvp.gg
advertising	j o i n  s k y p v p . g g
advertising	jοin skypvp.gg
advertising	JOIN SKYPVP.GG
advertising	JoIn SkYpVp.Gg
advertising	joooin skypvp.gg
advertising	join skypvp-gg
advertising	join skypvp;gg
advertising	join skypvp~gg
advertising	join skypvp.gg joi
advertising	jjoinn sskkyyppvvpp.gggg
advertising	join.!.skypvp.gg
advertising	skypvp.gg join
advertising	j01n 5kypvp gg
advertising	JoIn SkYpVpGg
advertising	j 0 1 n  5 k y p v p . g g
advertising	join bedwars.pro
advertising	join bedwars,pro
advertising	join bedwars_pro
advertising	join bedwars'pro
advertising	join bedwars*pro
advertising	join bedwarspro
advertising	join bedwars pro
advertising	join bedwars(dot)pro
advertising	j01n b3dw4r5.pr0
advertising	j o i n  b e d w a r s . p r o
advertising	jοin bеdwаrs.prο
advertising	JOIN BEDWARS.PRO
advertising	JoIn BeDwArS.pRo
advertising	joooin beeedwars.pro
advertising	join bedwars-pro
advertising	join bedwars;pro
advertising	join bedwars~pro
advertising	join bedwars.pro joi
advertising	join bdwrs.pro
advertising	jjoinn bbeddwwarrss.pprro
advertising	join.!.bedwars.pro
advertising	bedwars.pro join
advertising	j01n b3dw4r5 pr0
advertising	JoIn BeDwArSpRo
advertising	j 0 1 n  b 3 d w 4 r 5 . p r 0
advertising	join anarchy.ml
advertising	join anarchy,ml
advertising	join anarchy_ml
advertising	join anarchy'ml
advertising	join anarchy*ml
advertising	join anarchyml
advertising	join anarchy ml
advertising	join anarchy(dot)ml
advertising	j01n 4n4rchy.ml
advertising	j o i n  a n a r c h y . m l
advertising	jοin аnаrchy.mI
advertising	JOIN ANARCHY.ML
advertising	JoIn AnArChY.mL
advertising	joooin aaanarchy.ml
advertising	join anarchy-ml
advertising	join anarchy;ml
advertising	join anarchy~ml
advertising	join anarchy.ml joi
advertising	join anrchy.ml
advertising	jjoinn annarrcchhyy.mmll
advertising	join.!.anarchy.ml
advertising	anarchy.ml join
advertising	j01n 4n4rchy ml
advertising	j01n 4n4rchy.mI
advertising	JoIn AnArChYmL
advertising	j 0 1 n  4 n 4 r c h y . m l
advertising	join smp.tk
advertising	join smp,tk
advertising	join smp_tk
advertising	join smp'tk
advertising	join smp*tk
advertising	join smptk
advertising	join smp tk
advertising	join smp(dot)tk
advertising	j01n 5mp.7k
advertising	j o i n  s m p . t k
advertising	jοin smp.tk
advertising	JOIN SMP.TK
advertising	JoIn SmP.tK
advertising	joooin smp.tk
advertising	join smp-tk
advertising	join smp;tk
advertising	join smp~tk
advertising	join smp.tk joi
advertising	jjoinn ssmmpp.ttkk
advertising	join.!.smp.tk
advertising	smp.tk join
advertising	j01n 5mp 7k
advertising	JoIn SmPtK
advertising	j 0 1 n  5 m p . 7 k
advertising	join creativecraft.com
advertising	join creativecraft,com
advertising	join creativecraft_com
advertising	join creativecraft'com
advertising	join creativecraft*com
advertising	join creativecraftcom
advertising	join creativecraft com
advertising	join creativecraft(dot)com
advertising	j01n cr3471v3cr4f7.c0m
advertising	j o i n  c r e a t i v e c r a f t . c o m
advertising	jοin crеаtivеcrаft.cοm
advertising	JOIN CREATIVECRAFT.COM
advertising	JoIn CrEaTiVeCrAfT.cOm
advertising	joooin creeeativecraft.com
advertising	join creativecraft-com
advertising	join creativecraft;com
advertising	join creativecraft~com
advertising	join creativecraft.com joi
advertising	join crtvcrft.cm
advertising	jjoinn ccrreattivveccrrafftt.ccomm
advertising	join.!.creativecraft.com
advertising	creativecraft.com join
advertising	j01n cr3471v3cr4f7 c0m
advertising	JoIn CrEaTiVeCrAfTcOm
advertising	j 0 1 n  c r 3 4 7 1 v 3 c r 4 f 7 . c 0 m
advertising	join dragonmc.net
advertising	join dragonmc,net
advertising	join dragonmc_net
advertising	join dragonmc'net
advertising	join dragonmc*net
advertising	join dragonmcnet
advertising	join dragonmc net
advertising	join dragonmc(dot)net
advertising	j01n dr4g0nmc.n37
advertising	j o i n  d r a g o n m c . n e t
advertising	jοin drаgοnmc.nеt
advertising	JOIN DRAGONMC.NET
advertising	JoIn DrAgOnMc.NeT
advertising	joooin draaagonmc.net
advertising	join dragonmc-net
advertising	join dragonmc;net
advertising	join dragonmc~net
advertising	join dragonmc.net joi
advertising	join drgnmc.nt
advertising	jjoinn ddrraggonnmmcc.nnett
advertising	join.!.dragonmc.net
advertising	dragonmc.net join
advertising	j01n dr4g0nmc n37
advertising	JoIn DrAgOnMcNeT
advertising	j 0 1 n  d r 4 g 0 n m c . n 3 7
advertising	join emeraldisle.org
advertising	join emeraldisle,org
advertising	join emeraldisle_org
advertising	join emeraldisle'org
advertising	join emeraldisle*org
advertising	join emeraldisleorg
advertising	join emeraldisle org
advertising	join emeraldisle(dot)org
advertising	j01n 3m3r4ld15l3.0rg
advertising	j o i n  e m e r a l d i s l e . o r g
advertising	jοin еmеrаIdisIе.οrg
advertising	JOIN EMERALDISLE.ORG
advertising	JoIn EmErAlDiSlE.oRg
advertising	joooin eeemeraldisle.org
advertising	join emeraldisle-org
advertising	join emeraldisle;org
advertising	join emeraldisle~org
advertising	join emeraldisle.org joi
advertising	join emrldsl.rg
advertising	jjoinn emmerrallddisslle.orrgg
advertising	join.!.emeraldisle.org
advertising	emeraldisle.org join
advertising	j01n 3m3r4ld15l3 0rg
advertising	j01n 3m3r4Id15I3.0rg
advertising	JoIn EmErAlDiSlEoRg
advertising	j 0 1 n  3 m 3 r 4 l d 1 5 l 3 . 0 r g
advertising	join foxcraft.gg
advertising	join foxcraft,gg
advertising	join foxcraft_gg
advertising	join foxcraft'gg
advertising	join foxcraft*gg
advertising	join foxcraftgg
advertising	join foxcraft gg
advertising	join foxcraft(dot)gg
advertising	j01n f0xcr4f7.gg
advertising	j o i n  f o x c r a f t . g g
advertising	jοin fοxcrаft.gg
advertising	JOIN FOXCRAFT.GG
advertising	JoIn FoXcRaFt.Gg
advertising	joooin foooxcraft.gg
advertising	join foxcraft-gg
advertising	join foxcraft;gg
advertising	join foxcraft~gg
advertising	join foxcraft.gg joi
advertising	join fxcrft.gg
advertising	jjoinn ffoxxccrrafftt.gggg
advertising	join.!.foxcraft.gg
advertising	foxcraft.gg join
advertising	j01n f0xcr4f7 gg
advertising	JoIn FoXcRaFtGg
advertising	j 0 1 n  f 0 x c r 4 f 7 . g g
advertising	join goldrush.xyz
advertising	join goldrush,xyz
advertising	join goldrush_xyz
advertising	join goldrush'xyz
advertising	join goldrush*xyz
advertising	join goldrushxyz
advertising	join goldrush xyz
advertising	join goldrush(dot)xyz
advertising	j01n g0ldru5h.xyz
advertising	j o i n  g o l d r u s h . x y z
advertising	jοin gοIdrush.xyz
advertising	JOIN GOLDRUSH.XYZ
advertising	JoIn GoLdRuSh.XyZ
advertising	joooin goooldrush.xyz
advertising	join goldrush-xyz
advertising	join goldrush;xyz
advertising	join goldrush~xyz
advertising	join goldrush.xyz joi
advertising	join gldrsh.xyz
advertising	jjoinn ggollddrrusshh.xxyyzz
advertising	join.!.goldrush.xyz
advertising	goldrush.xyz join
advertising	j01n g0ldru5h xyz
advertising	j01n g0Idru5h.xyz
advertising	JoIn GoLdRuShXyZ
advertising	j 0 1 n  g 0 l d r u 5 h . x y z
advertising	join icecraft.ml
advertising	join icecraft,ml
advertising	join icecraft_ml
advertising	join icecraft'ml
advertising	join icecraft*ml
advertising	join icecraftml
advertising	join icecraft ml
advertising	join icecraft(dot)ml
advertising	j01n 1c3cr4f7.ml
advertising	j o i n  i c e c r a f t . m l
advertising	jοin icеcrаft.mI
advertising	JOIN ICECRAFT.ML
advertising	JoIn IcEcRaFt.Ml
advertising	joooin iiicecraft.ml
advertising	join icecraft-ml
advertising	join icecraft;ml
advertising	join icecraft~ml
advertising	join icecraft.ml joi
advertising	join iccrft.ml
advertising	jjoinn icceccrrafftt.mmll
advertising	join.!.icecraft.ml
advertising	icecraft.ml join
advertising	j01n 1c3cr4f7 ml
advertising	j01n 1c3cr4f7.mI
advertising	JoIn IcEcRaFtMl
advertising	j 0 1 n  1 c 3 c r 4 f 7 . m l
advertising	join junglecraft.net
advertising	join junglecraft,net
advertising	join junglecraft_net
advertising	join junglecraft'net
advertising	join junglecraft*net
advertising	join junglecraftnet
advertising	join junglecraft net
advertising	join junglecraft(dot)net
advertising	j01n jungl3cr4f7.n37
advertising	j o i n  j u n g l e c r a f t . n e t
advertising	jοin jungIеcrаft.nеt
advertising	JOIN JUNGLECRAFT.NET
advertising	JoIn JuNgLeCrAfT.nEt
advertising	joooin juuunglecraft.net
advertising	join junglecraft-net
advertising	join junglecraft;net
advertising	join junglecraft~net
advertising	join junglecraft.net joi
advertising	join jnglcrft.nt
advertising	jjoinn jjunngglleccrrafftt.nnett
advertising	join.!.junglecraft.net
advertising	junglecraft.net join
advertising	j01n jungl3cr4f7 n37
advertising	j01n jungI3cr4f7.n37
advertising	JoIn JuNgLeCrAfTnEt
advertising	j 0 1 n  j u n g l 3 c r 4 f 7 . n 3 7
advertising	join kingdoms.gg
advertising	join kingdoms,gg
advertising	join kingdoms_gg
advertising	join kingdoms'gg
advertising	join kingdoms*gg
advertising	join kingdomsgg
advertising	join kingdoms gg
advertising	join kingdoms(dot)gg
advertising	j01n k1ngd0m5.gg
advertising	j o i n  k i n g d o m s . g g
advertising	jοin kingdοms.gg
advertising	JOIN KINGDOMS.GG
advertising	JoIn KiNgDoMs.Gg
advertising	joooin kiiingdoms.gg
advertising	join kingdoms-gg
advertising	join kingdoms;gg
advertising	join kingdoms~gg
advertising	join kingdoms.gg joi
advertising	join kngdms.gg
advertising	jjoinn kkinnggddommss.gggg
advertising	join.!.kingdoms.gg
advertising	kingdoms.gg join
advertising	j01n k1ngd0m5 gg
advertising	JoIn KiNgDoMsGg
advertising	j 0 1 n  k 1 n g d 0 m 5 . g g
advertising	join lunarmc.xyz
advertising	join lunarmc,xyz
advertising	join lunarmc_xyz
advertising	join lunarmc'xyz
advertising	join lunarmc*xyz
advertising	join lunarmcxyz
advertising	join lunarmc xyz
advertising	join lunarmc(dot)xyz
advertising	j01n lun4rmc.xyz
advertising	j o i n  l u n a r m c . x y z
advertising	jοin Iunаrmc.xyz
advertising	JOIN LUNARMC.XYZ
advertising	JoIn LuNaRmC.xYz
advertising	joooin luuunarmc.xyz
advertising	join lunarmc-xyz
advertising	join lunarmc;xyz
advertising	join lunarmc~xyz
advertising	join lunarmc.xyz joi
advertising	join lnrmc.xyz
advertising	jjoinn llunnarrmmcc.xxyyzz
advertising	join.!.lunarmc.xyz
advertising	lunarmc.xyz join
advertising	j01n lun4rmc xyz
advertising	j01n Iun4rmc.xyz
advertising	JoIn LuNaRmCxYz
advertising	j 0 1 n  l u n 4 r m c . x y z
advertising	join nethermc.org
advertising	join nethermc,org
advertising	join nethermc_org
advertising	join nethermc'org
advertising	join nethermc*org
advertising	join nethermcorg
advertising	join nethermc org
advertising	join nethermc(dot)org
advertising	j01n n37h3rmc.0rg
advertising	j o i n  n e t h e r m c . o r g
advertising	jοin nеthеrmc.οrg
advertising	JOIN NETHERMC.ORG
advertising	JoIn NeThErMc.OrG
advertising	joooin neeethermc.org
advertising	join nethermc-org
advertising	join nethermc;org
advertising	join nethermc~org
advertising	join nethermc.org joi
advertising	join nthrmc.rg
advertising	jjoinn nnetthherrmmcc.orrgg
advertising	join.!.nethermc.org
advertising	nethermc.org join
advertising	j01n n37h3rmc 0rg
advertising	JoIn NeThErMcOrG
advertising	j 0 1 n  n 3 7 h 3 r m c . 0 r g
advertising	come to examplecraft.net
advertising	come to examplecraft,net
advertising	come to examplecraft_net
advertising	come to examplecraft'net
advertising	come to examplecraft*net
advertising	come to examplecraftnet
advertising	come to examplecraft net
advertising	come to examplecraft(dot)net
advertising	c0m3 70 3x4mpl3cr4f7.n37
advertising	c o m e  t o  e x a m p l e c r a f t . n e t
advertising	cοmе tο еxаmpIеcrаft.nеt
advertising	COME TO EXAMPLECRAFT.NET
advertising	CoMe To ExAmPlEcRaFt.NeT
advertising	cooome tooo eeexamplecraft.net
advertising	come to examplecraft-net
advertising	come to examplecraft;net
advertising	come to examplecraft~net
advertising	come to examplecraft.net com
advertising	come to exmplcrft.nt
advertising	ccomme tto exxammpplleccrrafftt.nnett
advertising	come.!.to.!.examplecraft.net
advertising	examplecraft.net to come
advertising	c0m3 70 3x4mpl3cr4f7 n37
advertising	c0m3 70 3x4mpI3cr4f7.n37
advertising	CoMe To ExAmPlEcRaFtNeT
advertising	c 0 m 3  7 0  3 x 4 m p l 3 c r 4 f 7 . n 3 7
advertising	come to play.examplecraft.gg
advertising	come to play,examplecraft,gg
advertising	come to play_examplecraft_gg
advertising	come to play'examplecraft'gg
advertising	come to play*examplecraft*gg
advertising	come to playexamplecraftgg
advertising	come to play examplecraft gg
advertising	come to play(dot)examplecraft(dot)gg
advertising	c0m3 70 pl4y.3x4mpl3cr4f7.gg
advertising	c o m e  t o  p l a y . e x a m p l e c r a f t . g g
advertising	cοmе tο pIаy.еxаmpIеcrаft.gg
advertising	COME TO PLAY.EXAMPLECRAFT.GG
advertising	CoMe To PlAy.ExAmPlEcRaFt.Gg
advertising	cooome tooo plaaay.examplecraft.gg
advertising	come to play-examplecraft-gg
advertising	come to play;examplecraft;gg
advertising	come to play~examplecraft~gg
advertising	come to play.examplecraft.gg com
advertising	come to ply.xmplcrft.gg
advertising	ccomme tto ppllayy.exxammpplleccrrafftt.gggg
advertising	come.!.to.!.play.examplecraft.gg
advertising	play.examplecraft.gg to come
advertising	c0m3 70 pl4y 3x4mpl3cr4f7 gg
advertising	c0m3 70 pI4y.3x4mpI3cr4f7.gg
advertising	CoMe To PlAyExAmPlEcRaFtGg
advertising	c 0 m 3  7 0  p l 4 y . 3 x 4 m p l 3 c r 4 f 7 . g g
advertising	come to mc123.org
advertising	come to mc123,org
advertising	come to mc123_org
advertising	come to mc123'org
advertising	come to mc123*org
advertising	come to mc123org
advertising	come to mc123 org
advertising	come to mc123(dot)org
advertising	c0m3 70 mc123.0rg
advertising	c o m e  t o  m c 1 2 3 . o r g
advertising	cοmе tο mc123.οrg
advertising	COME TO MC123.ORG
advertising	CoMe To Mc123.OrG
advertising	cooome tooo mc123.ooorg
advertising	come to mc123-org
advertising	come to mc123;org
advertising	come to mc123~org
advertising	come to mc123.org com
advertising	come to mc123.rg
advertising	ccomme tto mmcc123.orrgg
advertising	come.!.to.!.mc123.org
advertising	mc123.org to come
advertising	c0m3 70 mc123 0rg
advertising	CoMe To Mc123OrG
advertising	c 0 m 3  7 0  m c 1 2 3 . 0 r g
advertising	come to coolpvp.xyz
advertising	come to coolpvp,xyz
advertising	come to coolpvp_xyz
advertising	come to coolpvp'xyz
advertising	come to coolpvp*xyz
advertising	come to coolpvpxyz
advertising	come to coolpvp xyz
advertising	come to coolpvp(dot)xyz
advertising	c0m3 70 c00lpvp.xyz
advertising	c o m e  t o  c o o l p v p . x y z
advertising	cοmе tο cοοIpvp.xyz
advertising	COME TO COOLPVP.XYZ
advertising	CoMe To CoOlPvP.xYz
advertising	cooome tooo coooolpvp.xyz
advertising	come to coolpvp-xyz
advertising	come to coolpvp;xyz
advertising	come to coolpvp~xyz
advertising	come to coolpvp.xyz com
advertising	come to clpvp.xyz
advertising	ccomme tto ccoollppvvpp.xxyyzz
advertising	come.!.to.!.coolpvp.xyz
advertising	coolpvp.xyz to come
advertising	c0m3 70 c00lpvp xyz
advertising	c0m3 70 c00Ipvp.xyz
advertising	CoMe To CoOlPvPxYz
advertising	c 0 m 3  7 0  c 0 0 l p v p . x y z
advertising	come to funserver.com
advertising	come to funserver,com
advertising	come to funserver_com
advertising	come to funserver'com
advertising	come to funserver*com
advertising	come to funservercom
advertising	come to funserver com
advertising	come to funserver(dot)com
advertising	c0m3 70 fun53rv3r.c0m
advertising	c o m e  t o  f u n s e r v e r . c o m
advertising	cοmе tο funsеrvеr.cοm
advertising	COME TO FUNSERVER.COM
advertising	CoMe To FuNsErVeR.cOm
advertising	cooome tooo fuuunserver.com
advertising	come to funserver-com
advertising	come to funserver;com
advertising	come to funserver~com
advertising	come to funserver.com com
advertising	come to fnsrvr.cm
advertising	ccomme tto ffunnsserrvverr.ccomm
advertising	come.!.to.!.funserver.com
advertising	funserver.com to come
advertising	c0m3 70 fun53rv3r c0m
advertising	CoMe To FuNsErVeRcOm
advertising	c 0 m 3  7 0  f u n 5 3 r v 3 r . c 0 m
advertising	come to hypixelclone.net
advertising	come to hypixelclone,net
advertising	come to hypixelclone_net
advertising	come to hypixelclone'net
advertising	come to hypixelclone*net
advertising	come to hypixelclonenet
advertising	come to hypixelclone net
advertising	come to hypixelclone(dot)net
advertising	c0m3 70 hyp1x3lcl0n3.n37
advertising	c o m e  t o  h y p i x e l c l o n e . n e t
advertising	cοmе tο hypixеIcIοnе.nеt
advertising	COME TO HYPIXELCLONE.NET
advertising	CoMe To HyPiXeLcLoNe.NeT
advertising	cooome tooo hypiiixelclone.net
advertising	come to hypixelclone-net
advertising	come to hypixelclone;net
advertising	come to hypixelclone~net
advertising	come to hypixelclone.net com
advertising	come to hypxlcln.nt
advertising	ccomme tto hhyyppixxellccllonne.nnett
advertising	come.!.to.!.hypixelclone.net
advertising	hypixelclone.net to come
advertising	c0m3 70 hyp1x3lcl0n3 n37
advertising	c0m3 70 hyp1x3IcI0n3.n37
advertising	CoMe To HyPiXeLcLoNeNeT
advertising	c 0 m 3  7 0  h y p 1 x 3 l c l 0 n 3 . n 3 7
advertising	come to pvpzone.gg
advertising	come to pvpzone,gg
advertising	come to pvpzone_gg
advertising	come to pvpzone'gg
advertising	come to pvpzone*gg
advertising	come to pvpzonegg
advertising	come to pvpzone gg
advertising	come to pvpzone(dot)gg
advertising	c0m3 70 pvpz0n3.gg
advertising	c o m e  t o  p v p z o n e . g g
advertising	cοmе tο pvpzοnе.gg
advertising	COME TO PVPZONE.GG
advertising	CoMe To PvPzOnE.gG
advertising	cooome tooo pvpzooone.gg
advertising	come to pvpzone-gg
advertising	come to pvpzone;gg
advertising	come to pvpzone~gg
advertising	come to pvpzone.gg com
advertising	come to pvpzn.gg
advertising	ccomme tto ppvvppzzonne.gggg
advertising	come.!.to.!.pvpzone.gg
advertising	pvpzone.gg to come
advertising	c0m3 70 pvpz0n3 gg
advertising	CoMe To PvPzOnEgG
advertising	c 0 m 3  7 0  p v p z 0 n 3 . g g
advertising	come to survivalcraft.org
advertising	come to survivalcraft,org
advertising	come to survivalcraft_org
advertising	come to survivalcraft'org
advertising	come to survivalcraft*org
advertising	come to survivalcraftorg
advertising	come to survivalcraft org
advertising	come to survivalcraft(dot)org
advertising	c0m3 70 5urv1v4lcr4f7.0rg
advertising	c o m e  t o  s u r v i v a l c r a f t . o r g
advertising	cοmе tο survivаIcrаft.οrg
advertising	COME TO SURVIVALCRAFT.ORG
advertising	CoMe To SuRvIvAlCrAfT.oRg
advertising	cooome tooo suuurvivalcraft.org
advertising	come to survivalcraft-org
advertising	come to survivalcraft;org
advertising	come to survivalcraft~org
advertising	come to survivalcraft.org com
advertising	come to srvvlcrft.rg
advertising	ccomme tto ssurrvvivvallccrrafftt.orrgg
advertising	come.!.to.!.survivalcraft.org
advertising	survivalcraft.org to come
advertising	c0m3 70 5urv1v4lcr4f7 0rg
advertising	c0m3 70 5urv1v4Icr4f7.0rg
advertising	CoMe To SuRvIvAlCrAfToRg
advertising	c 0 m 3  7 0  5 u r v 1 v 4 l c r 4 f 7 . 0 r g
advertising	come to minescape.xyz
advertising	come to minescape,xyz
advertising	come to minescape_xyz
advertising	come to minescape'xyz
advertising	come to minescape*xyz
advertising	come to minescapexyz
advertising	come to minescape xyz
advertising	come to minescape(dot)xyz
advertising	c0m3 70 m1n35c4p3.xyz
advertising	c o m e  t o  m i n e s c a p e . x y z
advertising	cοmе tο minеscаpе.xyz
advertising	COME TO MINESCAPE.XYZ
advertising	CoMe To MiNeScApE.xYz
advertising	cooome tooo miiinescape.xyz
advertising	come to minescape-xyz
advertising	come to minescape;xyz
advertising	come to minescape~xyz
advertising	come to minescape.xyz com
advertising	come to mnscp.xyz
advertising	ccomme tto mminnessccappe.xxyyzz
advertising	come.!.to.!.minescape.xyz
advertising	minescape.xyz to come
advertising	c0m3 70 m1n35c4p3 xyz
advertising	CoMe To MiNeScApExYz
advertising	c 0 m 3  7 0  m 1 n 3 5 c 4 p 3 . x y z
advertising	come to craftkingdom.net
advertising	come to craftkingdom,net
advertising	come to craftkingdom_net
advertising	come to craftkingdom'net
advertising	come to craftkingdom*net
advertising	come to craftkingdomnet
advertising	come to craftkingdom net
advertising	come to craftkingdom(dot)net
advertising	c0m3 70 cr4f7k1ngd0m.n37
advertising	c o m e  t o  c r a f t k i n g d o m . n e t
advertising	cοmе tο crаftkingdοm.nеt
advertising	COME TO CRAFTKINGDOM.NET
advertising	CoMe To CrAfTkInGdOm.NeT
advertising	cooome tooo craaaftkingdom.net
advertising	come to craftkingdom-net
advertising	come to craftkingdom;net
advertising	come to craftkingdom~net
advertising	come to craftkingdom.net com
advertising	come to crftkngdm.nt
advertising	ccomme tto ccrraffttkkinnggddomm.nnett
advertising	come.!.to.!.craftkingdom.net
advertising	craftkingdom.net to come
advertising	c0m3 70 cr4f7k1ngd0m n37
advertising	CoMe To CrAfTkInGdOmNeT
advertising	c 0 m 3  7 0  c r 4 f 7 k 1 n g d 0 m . n 3 7
advertising	come to skypvp.gg
advertising	come to skypvp,gg
advertising	come to skypvp_gg
advertising	come to skypvp'gg
advertising	come to skypvp*gg
advertising	come to skypvpgg
advertising	come to skypvp gg
advertising	come to skypvp(dot)gg
advertising	c0m3 70 5kypvp.gg
advertising	c o m e  t o  s k y p v p . g g
advertising	cοmе tο skypvp.gg
advertising	COME TO SKYPVP.GG
advertising	CoMe To SkYpVp.Gg
advertising	cooome tooo skypvp.gg
advertising	come to skypvp-gg
advertising	come to skypvp;gg
advertising	come to skypvp~gg
advertising	come to skypvp.gg com
advertising	ccomme tto sskkyyppvvpp.gggg
advertising	come.!.to.!.skypvp.gg
advertising	skypvp.gg to come
advertising	c0m3 70 5kypvp gg
advertising	CoMe To SkYpVpGg
advertising	c 0 m 3  7 0  5 k y p v p . g g
advertising	come to bedwars.pro
advertising	come to bedwars,pro
advertising	come to bedwars_pro
advertising	come to bedwars'pro
advertising	come to bedwars*pro
advertising	come to bedwarspro
advertising	come to bedwars pro
advertising	come to bedwars(dot)pro
advertising	c0m3 70 b3dw4r5.pr0
advertising	c o m e  t o  b e d w a r s . p r o
advertising	cοmе tο bеdwаrs.prο
advertising	COME TO BEDWARS.PRO
advertising	CoMe To BeDwArS.pRo
advertising	cooome tooo beeedwars.pro
advertising	come to bedwars-pro
advertising	come to bedwars;pro
advertising	come to bedwars~pro
advertising	come to bedwars.pro com
advertising	come to bdwrs.pro
advertising	ccomme tto bbeddwwarrss.pprro
advertising	come.!.to.!.bedwars.pro
advertising	bedwars.pro to come
advertising	c0m3 70 b3dw4r5 pr0
advertising	CoMe To BeDwArSpRo
advertising	c 0 m 3  7 0  b 3 d w 4 r 5 . p r 0
advertising	come to anarchy.ml
advertising	come to anarchy,ml
advertising	come to anarchy_ml
advertising	come to anarchy'ml
advertising	come to anarchy*ml
advertising	come to anarchyml
advertising	come to anarchy ml
advertising	come to anarchy(dot)ml
advertising	c0m3 70 4n4rchy.ml
advertising	c o m e  t o  a n a r c h y . m l
advertising	cοmе tο аnаrchy.mI
advertising	COME TO ANARCHY.ML
advertising	CoMe To AnArChY.mL
advertising	cooome tooo aaanarchy.ml
advertising	come to anarchy-ml
advertising	come to anarchy;ml
advertising	come to anarchy~ml
advertising	come to anarchy.ml com
advertising	come to anrchy.ml
advertising	ccomme tto annarrcchhyy.mmll
advertising	come.!.to.!.anarchy.ml
advertising	anarchy.ml to come
advertising	c0m3 70 4n4rchy ml
advertising	c0m3 70 4n4rchy.mI
advertising	CoMe To AnArChYmL
advertising	c 0 m 3  7 0  4 n 4 r c h y . m l
advertising	come to smp.tk
advertising	come to smp,tk
advertising	come to smp_tk
advertising	come to smp'tk
advertising	come to smp*tk
advertising	come to smptk
advertising	come to smp tk
advertising	come to smp(dot)tk
advertising	c0m3 70 5mp.7k
advertising	c o m e  t o  s m p . t k
advertising	cοmе tο smp.tk
advertising	COME TO SMP.TK
advertising	CoMe To SmP.tK
advertising	cooome tooo smp.tk
advertising	come to smp-tk
advertising	come to smp;tk
advertising	come to smp~tk
advertising	come to smp.tk com
advertising	ccomme tto ssmmpp.ttkk
advertising	come.!.to.!.smp.tk
advertising	smp.tk to come
advertising	c0m3 70 5mp 7k
advertising	CoMe To SmPtK
advertising	c 0 m 3  7 0  5 m p . 7 k
advertising	come to creativecraft.com
advertising	come to creativecraft,com
advertising	come to creativecraft_com
advertising	come to creativecraft'com
advertising	come to creativecraft*com
advertising	come to creativecraftcom
advertising	come to creativecraft com
advertising	come to creativecraft(dot)com
advertising	c0m3 70 cr3471v3cr4f7.c0m
advertising	c o m e  t o  c r e a t i v e c r a f t . c o m
advertising	cοmе tο crеаtivеcrаft.cοm
advertising	COME TO CREATIVECRAFT.COM
advertising	CoMe To CrEaTiVeCrAfT.cOm
advertising	cooome tooo creeeativecraft.com
advertising	come to creativecraft-com
advertising	come to creativecraft;com
advertising	come to creativecraft~com
advertising	come to creativecraft.com com
advertising	come to crtvcrft.cm
advertising	ccomme tto ccrreattivveccrrafftt.ccomm
advertising	come.!.to.!.creativecraft.com
advertising	creativecraft.com to come
advertising	c0m3 70 cr3471v3cr4f7 c0m
advertising	CoMe To CrEaTiVeCrAfTcOm
advertising	c 0 m 3  7 0  c r 3 4 7 1 v 3 c r 4 f 7 . c 0 m
advertising	come to dragonmc.net
advertising	come to dragonmc,net
advertising	come to dragonmc_net
advertising	come to dragonmc'net
advertising	come to dragonmc*net
advertising	come to dragonmcnet
advertising	come to dragonmc net
advertising	come to dragonmc(dot)net
advertising	c0m3 70 dr4g0nmc.n37
advertising	c o m e  t o  d r a g o n m c . n e t
advertising	cοmе tο drаgοnmc.nеt
advertising	COME TO DRAGONMC.NET
advertising	CoMe To DrAgOnMc.NeT
advertising	cooome tooo draaagonmc.net
advertising	come to dragonmc-net
advertising	come to dragonmc;net
advertising	come to dragonmc~net
advertising	come to dragonmc.net com
advertising	come to drgnmc.nt
advertising	ccomme tto ddrraggonnmmcc.nnett
advertising	come.!.to.!.dragonmc.net
advertising	dragonmc.net to come
advertising	c0m3 70 dr4g0nmc n37
advertising	CoMe To DrAgOnMcNeT
advertising	c 0 m 3  7 0  d r 4 g 0 n m c . n 3 7
advertising	come to emeraldisle.org
advertising	come to emeraldisle,org
advertising	come to emeraldisle_org
advertising	come to emeraldisle'org
advertising	come to emeraldisle*org
advertising	come to emeraldisleorg
advertising	come to emeraldisle org
advertising	come to emeraldisle(dot)org
advertising	c0m3 70 3m3r4ld15l3.0rg
advertising	c o m e  t o  e m e r a l d i s l e . o r g
advertising	cοmе tο еmеrаIdisIе.οrg
advertising	COME TO EMERALDISLE.ORG
advertising	CoMe To EmErAlDiSlE.oRg
advertising	cooome tooo eeemeraldisle.org
advertising	come to emeraldisle-org
advertising	come to emeraldisle;org
advertising	come to emeraldisle~org
advertising	come to emeraldisle.org com
advertising	come to emrldsl.rg
advertising	ccomme tto emmerrallddisslle.orrgg
advertising	come.!.to.!.emeraldisle.org
advertising	emeraldisle.org to come
advertising	c0m3 70 3m3r4ld15l3 0rg
advertising	c0m3 70 3m3r4Id15I3.0rg
advertising	CoMe To EmErAlDiSlEoRg
advertising	c 0 m 3  7 0  3 m 3 r 4 l d 1 5 l 3 . 0 r g
advertising	come to foxcraft.gg
advertising	come to foxcraft,gg
advertising	come to foxcraft_gg
advertising	come to foxcraft'gg
advertising	come to foxcraft*gg
advertising	come to foxcraftgg
advertising	come to foxcraft gg
advertising	come to foxcraft(dot)gg
advertising	c0m3 70 f0xcr4f7.gg
advertising	c o m e  t o  f o x c r a f t . g g
advertising	cοmе tο fοxcrаft.gg
advertising	COME TO FOXCRAFT.GG
advertising	CoMe To FoXcRaFt.Gg
advertising	cooome tooo foooxcraft.gg
advertising	come to foxcraft-gg
advertising	come to foxcraft;gg
advertising	come to foxcraft~gg
advertising	come to foxcraft.gg com
advertising	come to fxcrft.gg
advertising	ccomme tto ffoxxccrrafftt.gggg
advertising	come.!.to.!.foxcraft.gg
advertising	foxcraft.gg to come
advertising	c0m3 70 f0xcr4f7 gg
advertising	CoMe To FoXcRaFtGg
advertising	c 0 m 3  7 0  f 0 x c r 4 f 7 . g g
advertising	come to goldrush.xyz
advertising	come to goldrush,xyz
advertising	come to goldrush_xyz
advertising	come to goldrush'xyz
advertising	come to goldrush*xyz
advertising	come to goldrushxyz
advertising	come to goldrush xyz
advertising	come to goldrush(dot)xyz
advertising	c0m3 70 g0ldru5h.xyz
advertising	c o m e  t o  g o l d r u s h . x y z
advertising	cοmе tο gοIdrush.xyz
advertising	COME TO GOLDRUSH.XYZ
advertising	CoMe To GoLdRuSh.XyZ
advertising	cooome tooo goooldrush.xyz
advertising	come to goldrush-xyz
advertising	come to goldrush;xyz
advertising	come to goldrush~xyz
advertising	come to goldrush.xyz com
advertising	come to gldrsh.xyz
advertising	ccomme tto ggollddrrusshh.xxyyzz
advertising	come.!.to.!.goldrush.xyz
advertising	goldrush.xyz to come
advertising	c0m3 70 g0ldru5h xyz
advertising	c0m3 70 g0Idru5h.xyz
advertising	CoMe To GoLdRuShXyZ
advertising	c 0 m 3  7 0  g 0 l d r u 5 h . x y z
advertising	come to icecraft.ml
advertising	come to icecraft,ml
advertising	come to icecraft_ml
advertising	come to icecraft'ml
advertising	come to icecraft*ml
advertising	come to icecraftml
advertising	come to icecraft ml
advertising	come to icecraft(dot)ml
advertising	c0m3 70 1c3cr4f7.ml
advertising	c o m e  t o  i c e c r a f t . m l
advertising	cοmе tο icеcrаft.mI
advertising	COME TO ICECRAFT.ML
advertising	CoMe To IcEcRaFt.Ml
advertising	cooome tooo iiicecraft.ml
advertising	come to icecraft-ml
advertising	come to icecraft;ml
advertising	come to icecraft~ml
advertising	come to icecraft.ml com
advertising	come to iccrft.ml
advertising	ccomme tto icceccrrafftt.mmll
advertising	come.!.to.!.icecraft.ml
advertising	icecraft.ml to come
advertising	c0m3 70 1c3cr4f7 ml
advertising	c0m3 70 1c3cr4f7.mI
advertising	CoMe To IcEcRaFtMl
advertising	c 0 m 3  7 0  1 c 3 c r 4 f 7 . m l
advertising	come to junglecraft.net
advertising	come to junglecraft,net
advertising	come to junglecraft_net
advertising	come to junglecraft'net
advertising	come to junglecraft*net
advertising	come to junglecraftnet
advertising	come to junglecraft net
advertising	come to junglecraft(dot)net
advertising	c0m3 70 jungl3cr4f7.n37
advertising	c o m e  t o  j u n g l e c r a f t . n e t
advertising	cοmе tο jungIеcrаft.nеt
advertising	COME TO JUNGLECRAFT.NET
advertising	CoMe To JuNgLeCrAfT.nEt
advertising	cooome tooo juuunglecraft.net
advertising	come to junglecraft-net
advertising	come to junglecraft;net
advertising	come to junglecraft~net
advertising	come to junglecraft.net com
advertising	come to jnglcrft.nt
advertising	ccomme tto jjunngglleccrrafftt.nnett
advertising	come.!.to.!.junglecraft.net
advertising	junglecraft.net to come
advertising	c0m3 70 jungl3cr4f7 n37
advertising	c0m3 70 jungI3cr4f7.n37
advertising	CoMe To JuNgLeCrAfTnEt
advertising	c 0 m 3  7 0  j u n g l 3 c r 4 f 7 . n 3 7
advertising	come to kingdoms.gg
advertising	come to kingdoms,gg
advertising	come to kingdoms_gg
advertising	come to kingdoms'gg
advertising	come to kingdoms*gg
advertising	come to kingdomsgg
advertising	come to kingdoms gg
advertising	come to kingdoms(dot)gg
advertising	c0m3 70 k1ngd0m5.gg
advertising	c o m e  t o  k i n g d o m s . g g
advertising	cοmе tο kingdοms.gg
advertising	COME TO KINGDOMS.GG
advertising	CoMe To KiNgDoMs.Gg
advertising	cooome tooo kiiingdoms.gg
advertising	come to kingdoms-gg
advertising	come to kingdoms;gg
advertising	come to kingdoms~gg
advertising	come to kingdoms.gg com
advertising	come to kngdms.gg
advertising	ccomme tto kkinnggddommss.gggg
advertising	come.!.to.!.kingdoms.gg
advertising	kingdoms.gg to come
advertising	c0m3 70 k1ngd0m5 gg
advertising	CoMe To KiNgDoMsGg
advertising	c 0 m 3  7 0  k 1 n g d 0 m 5 . g g
advertising	come to lunarmc.xyz
advertising	come to lunarmc,xyz
advertising	come to lunarmc_xyz
advertising	come to lunarmc'xyz
advertising	come to lunarmc*xyz
advertising	come to lunarmcxyz
advertising	come to lunarmc xyz
advertising	come to lunarmc(dot)xyz
advertising	c0m3 70 lun4rmc.xyz
advertising	c o m e  t o  l u n a r m c . x y z
advertising	cοmе tο Iunаrmc.xyz
advertising	COME TO LUNARMC.XYZ
advertising	CoMe To LuNaRmC.xYz
advertising	cooome tooo luuunarmc.xyz
advertising	come to lunarmc-xyz
advertising	come to lunarmc;xyz
advertising	come to lunarmc~xyz
advertising	come to lunarmc.xyz com
advertising	come to lnrmc.xyz
advertising	ccomme tto llunnarrmmcc.xxyyzz
advertising	come.!.to.!.lunarmc.xyz
advertising	lunarmc.xyz to come
advertising	c0m3 70 lun4rmc xyz
advertising	c0m3 70 Iun4rmc.xyz
advertising	CoMe To LuNaRmCxYz
advertising	c 0 m 3  7 0  l u n 4 r m c . x y z
advertising	come to nethermc.org
advertising	come to nethermc,org
advertising	come to nethermc_org
advertising	come to nethermc'org
advertising	come to nethermc*org
advertising	come to nethermcorg
advertising	come to nethermc org
advertising	come to nethermc(dot)org
advertising	c0m3 70 n37h3rmc.0rg
advertising	c o m e  t o  n e t h e r m c . o r g
advertising	cοmе tο nеthеrmc.οrg
advertising	COME TO NETHERMC.ORG
advertising	CoMe To NeThErMc.OrG
advertising	cooome tooo neeethermc.org
advertising	come to nethermc-org
advertising	come to nethermc;org
advertising	come to nethermc~org
advertising	come to nethermc.org com
advertising	come to nthrmc.rg
advertising	ccomme tto nnetthherrmmcc.orrgg
advertising	come.!.to.!.nethermc.org
advertising	nethermc.org to come
advertising	c0m3 70 n37h3rmc 0rg
advertising	CoMe To NeThErMcOrG
advertising	c 0 m 3  7 0  n 3 7 h 3 r m c . 0 r g
advertising	try examplecraft.net
advertising	try examplecraft,net
advertising	try examplecraft_net
advertising	try examplecraft'net
advertising	try examplecraft*net
advertising	try examplecraftnet
advertising	try examplecraft net
advertising	try examplecraft(dot)net
advertising	7ry 3x4mpl3cr4f7.n37
advertising	t r y  e x a m p l e c r a f t . n e t
advertising	try еxаmpIеcrаft.nеt
advertising	TRY EXAMPLECRAFT.NET
advertising	TrY eXaMpLeCrAfT.nEt
advertising	try eeexamplecraft.net
advertising	try examplecraft-net
advertising	try examplecraft;net
advertising	try examplecraft~net
advertising	try examplecraft.net try
advertising	try exmplcrft.nt
advertising	ttrryy exxammpplleccrrafftt.nnett
advertising	try.!.examplecraft.net
advertising	examplecraft.net try
advertising	7ry 3x4mpl3cr4f7 n37
advertising	7ry 3x4mpI3cr4f7.n37
advertising	TrY eXaMpLeCrAfTnEt
advertising	7 r y  3 x 4 m p l 3 c r 4 f 7 . n 3 7
advertising	try play.examplecraft.gg
advertising	try play,examplecraft,gg
advertising	try play_examplecraft_gg
advertising	try play'examplecraft'gg
advertising	try play*examplecraft*gg
advertising	try playexamplecraftgg
advertising	try play examplecraft gg
advertising	try play(dot)examplecraft(dot)gg
advertising	7ry pl4y.3x4mpl3cr4f7.gg
advertising	t r y  p l a y . e x a m p l e c r a f t . g g
advertising	try pIаy.еxаmpIеcrаft.gg
advertising	TRY PLAY.EXAMPLECRAFT.GG
advertising	TrY pLaY.eXaMpLeCrAfT.gG
advertising	try plaaay.examplecraft.gg
advertising	try play-examplecraft-gg
advertising	try play;examplecraft;gg
advertising	try play~examplecraft~gg
advertising	try play.examplecraft.gg try
advertising	try ply.xmplcrft.gg
advertising	ttrryy ppllayy.exxammpplleccrrafftt.gggg
advertising	try.!.play.examplecraft.gg
advertising	play.examplecraft.gg try
advertising	7ry pl4y 3x4mpl3cr4f7 gg
advertising	7ry pI4y.3x4mpI3cr4f7.gg
advertising	TrY pLaYeXaMpLeCrAfTgG
advertising	7 r y  p l 4 y . 3 x 4 m p l 3 c r 4 f 7 . g g
advertising	try mc123.org
advertising	try mc123,org
advertising	try mc123_org
advertising	try mc123'org
advertising	try mc123*org
advertising	try mc123org
advertising	try mc123 org
advertising	try mc123(dot)org
advertising	7ry mc123.0rg
advertising	t r y  m c 1 2 3 . o r g
advertising	try mc123.οrg
advertising	TRY MC123.ORG
advertising	TrY mC123.oRg
advertising	try mc123.ooorg
advertising	try mc123-org
advertising	try mc123;org
advertising	try mc123~org
advertising	try mc123.org try
advertising	try mc123.rg
advertising	ttrryy mmcc123.orrgg
advertising	try.!.mc123.org
advertising	mc123.org try
advertising	7ry mc123 0rg
advertising	TrY mC123oRg
advertising	7 r y  m c 1 2 3 . 0 r g
advertising	try coolpvp.xyz
advertising	try coolpvp,xyz
advertising	try coolpvp_xyz
advertising	try coolpvp'xyz
advertising	try coolpvp*xyz
advertising	try coolpvpxyz
advertising	try coolpvp xyz
advertising	try coolpvp(dot)xyz
advertising	7ry c00lpvp.xyz
advertising	t r y  c o o l p v p . x y z
advertising	try cοοIpvp.xyz
advertising	TRY COOLPVP.XYZ
advertising	TrY cOoLpVp.XyZ
advertising	try coooolpvp.xyz
advertising	try coolpvp-xyz
advertising	try coolpvp;xyz
advertising	try coolpvp~xyz
advertising	try coolpvp.xyz try
advertising	try clpvp.xyz
advertising	ttrryy ccoollppvvpp.xxyyzz
advertising	try.!.coolpvp.xyz
advertising	coolpvp.xyz try
advertising	7ry c00lpvp xyz
advertising	7ry c00Ipvp.xyz
advertising	TrY cOoLpVpXyZ
advertising	7 r y  c 0 0 l p v p . x y z
advertising	try funserver.com
advertising	try funserver,com
advertising	try funserver_com
advertising	try funserver'com
advertising	try funserver*com
advertising	try funservercom
advertising	try funserver com
advertising	try funserver(dot)com
advertising	7ry fun53rv3r.c0m
advertising	t r y  f u n s e r v e r . c o m
advertising	try funsеrvеr.cοm
advertising	TRY FUNSERVER.COM
advertising	TrY fUnSeRvEr.CoM
advertising	try fuuunserver.com
advertising	try funserver-com
advertising	try funserver;com
advertising	try funserver~com
advertising	try funserver.com try
advertising	try fnsrvr.cm
advertising	ttrryy ffunnsserrvverr.ccomm
advertising	try.!.funserver.com
advertising	funserver.com try
advertising	7ry fun53rv3r c0m
advertising	TrY fUnSeRvErCoM
advertising	7 r y  f u n 5 3 r v 3 r . c 0 m
advertising	try hypixelclone.net
advertising	try hypixelclone,net
advertising	try hypixelclone_net
advertising	try hypixelclone'net
advertising	try hypixelclone*net
advertising	try hypixelclonenet
advertising	try hypixelclone net
advertising	try hypixelclone(dot)net
advertising	7ry hyp1x3lcl0n3.n37
advertising	t r y  h y p i x e l c l o n e . n e t
advertising	try hypixеIcIοnе.nеt
advertising	TRY HYPIXELCLONE.NET
advertising	TrY hYpIxElClOnE.nEt
advertising	try hypiiixelclone.net
advertising	try hypixelclone-net
advertising	try hypixelclone;net
advertising	try hypixelclone~net
advertising	try hypixelclone.net try
advertising	try hypxlcln.nt
advertising	ttrryy hhyyppixxellccllonne.nnett
advertising	try.!.hypixelclone.net
advertising	hypixelclone.net try
advertising	7ry hyp1x3lcl0n3 n37
advertising	7ry hyp1x3IcI0n3.n37
advertising	TrY hYpIxElClOnEnEt
advertising	7 r y  h y p 1 x 3 l c l 0 n 3 . n 3 7
advertising	try pvpzone.gg
advertising	try pvpzone,gg
advertising	try pvpzone_gg
advertising	try pvpzone'gg
advertising	try pvpzone*gg
advertising	try pvpzonegg
advertising	try pvpzone gg
advertising	try pvpzone(dot)gg
advertising	7ry pvpz0n3.gg
advertising	t r y  p v p z o n e . g g
advertising	try pvpzοnе.gg
advertising	TRY PVPZONE.GG
advertising	TrY pVpZoNe.Gg
advertising	try pvpzooone.gg
advertising	try pvpzone-gg
advertising	try pvpzone;gg
advertising	try pvpzone~gg
advertising	try pvpzone.gg try
advertising	try pvpzn.gg
advertising	ttrryy ppvvppzzonne.gggg
advertising	try.!.pvpzone.gg
advertising	pvpzone.gg try
advertising	7ry pvpz0n3 gg
advertising	TrY pVpZoNeGg
advertising	7 r y  p v p z 0 n 3 . g g
advertising	try survivalcraft.org
advertising	try survivalcraft,org
advertising	try survivalcraft_org
advertising	try survivalcraft'org
advertising	try survivalcraft*org
advertising	try survivalcraftorg
advertising	try survivalcraft org
advertising	try survivalcraft(dot)org
advertising	7ry 5urv1v4lcr4f7.0rg
advertising	t r y  s u r v i v a l c r a f t . o r g
advertising	try survivаIcrаft.οrg
advertising	TRY SURVIVALCRAFT.ORG
advertising	TrY sUrViVaLcRaFt.OrG
advertising	try suuurvivalcraft.org
advertising	try survivalcraft-org
advertising	try survivalcraft;org
advertising	try survivalcraft~org
advertising	try survivalcraft.org try
advertising	try srvvlcrft.rg
advertising	ttrryy ssurrvvivvallccrrafftt.orrgg
advertising	try.!.survivalcraft.org
advertising	survivalcraft.org try
advertising	7ry 5urv1v4lcr4f7 0rg
advertising	7ry 5urv1v4Icr4f7.0rg
advertising	TrY sUrViVaLcRaFtOrG
advertising	7 r y  5 u r v 1 v 4 l c r 4 f 7 . 0 r g
advertising	try minescape.xyz
advertising	try minescape,xyz
advertising	try minescape_xyz
advertising	try minescape'xyz
advertising	try minescape*xyz
advertising	try minescapexyz
advertising	try minescape xyz
advertising	try minescape(dot)xyz
advertising	7ry m1n35c4p3.xyz
advertising	t r y  m i n e s c a p e . x y z
advertising	try minеscаpе.xyz
advertising	TRY MINESCAPE.XYZ
advertising	TrY mInEsCaPe.XyZ
advertising	try miiinescape.xyz
advertising	try minescape-xyz
advertising	try minescape;xyz
advertising	try minescape~xyz
advertising	try minescape.xyz try
advertising	try mnscp.xyz
advertising	ttrryy mminnessccappe.xxyyzz
advertising	try.!.minescape.xyz
advertising	minescape.xyz try
advertising	7ry m1n35c4p3 xyz
advertising	TrY mInEsCaPeXyZ
advertising	7 r y  m 1 n 3 5 c 4 p 3 . x y z
advertising	try craftkingdom.net
advertising	try craftkingdom,net
advertising	try craftkingdom_net
advertising	try craftkingdom'net
advertising	try craftkingdom*net
advertising	try craftkingdomnet
advertising	try craftkingdom net
advertising	try craftkingdom(dot)net
advertising	7ry cr4f7k1ngd0m.n37
advertising	t r y  c r a f t k i n g d o m . n e t
advertising	try crаftkingdοm.nеt
advertising	TRY CRAFTKINGDOM.NET
advertising	TrY cRaFtKiNgDoM.nEt
advertising	try craaaftkingdom.net
advertising	try craftkingdom-net
advertising	try craftkingdom;net
advertising	try craftkingdom~net
advertising	try craftkingdom.net try
advertising	try crftkngdm.nt
advertising	ttrryy ccrraffttkkinnggddomm.nnett
advertising	try.!.craftkingdom.net
advertising	craftkingdom.net try
advertising	7ry cr4f7k1ngd0m n37
advertising	TrY cRaFtKiNgDoMnEt
advertising	7 r y  c r 4 f 7 k 1 n g d 0 m . n 3 7
advertising	try skypvp.gg
advertising	try skypvp,gg
advertising	try skypvp_gg
advertising	try skypvp'gg
advertising	try skypvp*gg
advertising	try skypvpgg
advertising	try skypvp gg
advertising	try skypvp(dot)gg
advertising	7ry 5kypvp.gg
advertising	t r y  s k y p v p . g g
advertising	TRY SKYPVP.GG
advertising	TrY sKyPvP.gG
advertising	try skypvp-gg
advertising	try skypvp;gg
advertising	try skypvp~gg
advertising	try skypvp.gg try
advertising	ttrryy sskkyyppvvpp.gggg
advertising	try.!.skypvp.gg
advertising	skypvp.gg try
advertising	7ry 5kypvp gg
advertising	TrY sKyPvPgG
advertising	7 r y  5 k y p v p . g g
advertising	try bedwars.pro
advertising	try bedwars,pro
advertising	try bedwars_pro
advertising	try bedwars'pro
advertising	try bedwars*pro
advertising	try bedwarspro
advertising	try bedwars pro
advertising	try bedwars(dot)pro
advertising	7ry b3dw4r5.pr0
advertising	t r y  b e d w a r s . p r o
advertising	try bеdwаrs.prο
advertising	TRY BEDWARS.PRO
advertising	TrY bEdWaRs.PrO
advertising	try beeedwars.pro
advertising	try bedwars-pro
advertising	try bedwars;pro
advertising	try bedwars~pro
advertising	try bedwars.pro try
advertising	try bdwrs.pro
advertising	ttrryy bbeddwwarrss.pprro
advertising	try.!.bedwars.pro
advertising	bedwars.pro try
advertising	7ry b3dw4r5 pr0
advertising	TrY bEdWaRsPrO
advertising	7 r y  b 3 d w 4 r 5 . p r 0
advertising	try anarchy.ml
advertising	try anarchy,ml
advertising	try anarchy_ml
advertising	try anarchy'ml
advertising	try anarchy*ml
advertising	try anarchyml
advertising	try anarchy ml
advertising	try anarchy(dot)ml
advertising	7ry 4n4rchy.ml
advertising	t r y  a n a r c h y . m l
advertising	try аnаrchy.mI
advertising	TRY ANARCHY.ML
advertising	TrY aNaRcHy.Ml
advertising	try aaanarchy.ml
advertising	try anarchy-ml
advertising	try anarchy;ml
advertising	try anarchy~ml
advertising	try anarchy.ml try
advertising	try anrchy.ml
advertising	ttrryy annarrcchhyy.mmll
advertising	try.!.anarchy.ml
advertising	anarchy.ml try
advertising	7ry 4n4rchy ml
advertising	7ry 4n4rchy.mI
advertising	TrY aNaRcHyMl
advertising	7 r y  4 n 4 r c h y . m l
advertising	try smp.tk
advertising	try smp,tk
advertising	try smp_tk
advertising	try smp'tk
advertising	try smp*tk
advertising	try smptk
advertising	try smp tk
advertising	try smp(dot)tk
advertising	7ry 5mp.7k
advertising	t r y  s m p . t k
advertising	TRY SMP.TK
advertising	TrY sMp.Tk
advertising	try smp-tk
advertising	try smp;tk
advertising	try smp~tk
advertising	try smp.tk try
advertising	ttrryy ssmmpp.ttkk
advertising	try.!.smp.tk
advertising	smp.tk try
advertising	7ry 5mp 7k
advertising	TrY sMpTk
advertising	7 r y  5 m p . 7 k
advertising	try creativecraft.com
advertising	try creativecraft,com
advertising	try creativecraft_com
advertising	try creativecraft'com
advertising	try creativecraft*com
advertising	try creativecraftcom
advertising	try creativecraft com
advertising	try creativecraft(dot)com
advertising	7ry cr3471v3cr4f7.c0m
advertising	t r y  c r e a t i v e c r a f t . c o m
advertising	try crеаtivеcrаft.cοm
advertising	TRY CREATIVECRAFT.COM
advertising	TrY cReAtIvEcRaFt.CoM
advertising	try creeeativecraft.com
advertising	try creativecraft-com
advertising	try creativecraft;com
advertising	try creativecraft~com
advertising	try creativecraft.com try
advertising	try crtvcrft.cm
advertising	ttrryy ccrreattivveccrrafftt.ccomm
advertising	try.!.creativecraft.com
advertising	creativecraft.com try
advertising	7ry cr3471v3cr4f7 c0m
advertising	TrY cReAtIvEcRaFtCoM
advertising	7 r y  c r 3 4 7 1 v 3 c r 4 f 7 . c 0 m
advertising	try dragonmc.net
advertising	try dragonmc,net
advertising	try dragonmc_net
advertising	try dragonmc'net
advertising	try dragonmc*net
advertising	try dragonmcnet
advertising	try dragonmc net
advertising	try dragonmc(dot)net
advertising	7ry dr4g0nmc.n37
advertising	t r y  d r a g o n m c . n e t
advertising	try drаgοnmc.nеt
advertising	TRY DRAGONMC.NET
advertising	TrY dRaGoNmC.nEt
advertising	try draaagonmc.net
advertising	try dragonmc-net
advertising	try dragonmc;net
advertising	try dragonmc~net
advertising	try dragonmc.net try
advertising	try drgnmc.nt
advertising	ttrryy ddrraggonnmmcc.nnett
advertising	try.!.dragonmc.net
advertising	dragonmc.net try
advertising	7ry dr4g0nmc n37
advertising	TrY dRaGoNmCnEt
advertising	7 r y  d r 4 g 0 n m c . n 3 7
advertising	try emeraldisle.org
advertising	try emeraldisle,org
advertising	try emeraldisle_org
advertising	try emeraldisle'org
advertising	try emeraldisle*org
advertising	try emeraldisleorg
advertising	try emeraldisle org
advertising	try emeraldisle(dot)org
advertising	7ry 3m3r4ld15l3.0rg
advertising	t r y  e m e r a l d i s l e . o r g
advertising	try еmеrаIdisIе.οrg
advertising	TRY EMERALDISLE.ORG
advertising	TrY eMeRaLdIsLe.OrG
advertising	try eeemeraldisle.org
advertising	try emeraldisle-org
advertising	try emeraldisle;org
advertising	try emeraldisle~org
advertising	try emeraldisle.org try
advertising	try emrldsl.rg
advertising	ttrryy emmerrallddisslle.orrgg
advertising	try.!.emeraldisle.org
advertising	emeraldisle.org try
advertising	7ry 3m3r4ld15l3 0rg
advertising	7ry 3m3r4Id15I3.0rg
advertising	TrY eMeRaLdIsLeOrG
advertising	7 r y  3 m 3 r 4 l d 1 5 l 3 . 0 r g
advertising	try foxcraft.gg
advertising	try foxcraft,gg
advertising	try foxcraft_gg
advertising	try foxcraft'gg
advertising	try foxcraft*gg
advertising	try foxcraftgg
advertising	try foxcraft gg
advertising	try foxcraft(dot)gg
advertising	7ry f0xcr4f7.gg
advertising	t r y  f o x c r a f t . g g
advertising	try fοxcrаft.gg
advertising	TRY FOXCRAFT.GG
advertising	TrY fOxCrAfT.gG
advertising	try foooxcraft.gg
advertising	try foxcraft-gg
advertising	try foxcraft;gg
advertising	try foxcraft~gg
advertising	try foxcraft.gg try
advertising	try fxcrft.gg
advertising	ttrryy ffoxxccrrafftt.gggg
advertising	try.!.foxcraft.gg
advertising	foxcraft.gg try
advertising	7ry f0xcr4f7 gg
advertising	TrY fOxCrAfTgG
advertising	7 r y  f 0 x c r 4 f 7 . g g
advertising	try goldrush.xyz
advertising	try goldrush,xyz
advertising	try goldrush_xyz
advertising	try goldrush'xyz
advertising	try goldrush*xyz
advertising	try goldrushxyz
advertising	try goldrush xyz
advertising	try goldrush(dot)xyz
advertising	7ry g0ldru5h.xyz
advertising	t r y  g o l d r u s h . x y z
advertising	try gοIdrush.xyz
advertising	TRY GOLDRUSH.XYZ
advertising	TrY gOlDrUsH.xYz
advertising	try goooldrush.xyz
advertising	try goldrush-xyz
advertising	try goldrush;xyz
advertising	try goldrush~xyz
advertising	try goldrush.xyz try
advertising	try gldrsh.xyz
advertising	ttrryy ggollddrrusshh.xxyyzz
advertising	try.!.goldrush.xyz
advertising	goldrush.xyz try
advertising	7ry g0ldru5h xyz
advertising	7ry g0Idru5h.xyz
advertising	TrY gOlDrUsHxYz
advertising	7 r y  g 0 l d r u 5 h . x y z
advertising	try icecraft.ml
advertising	try icecraft,ml
advertising	try icecraft_ml
advertising	try icecraft'ml
advertising	try icecraft*ml
advertising	try icecraftml
advertising	try icecraft ml
advertising	try icecraft(dot)ml
advertising	7ry 1c3cr4f7.ml
advertising	t r y  i c e c r a f t . m l
advertising	try icеcrаft.mI
advertising	TRY ICECRAFT.ML
advertising	TrY iCeCrAfT.mL
advertising	try iiicecraft.ml
advertising	try icecraft-ml
advertising	try icecraft;ml
advertising	try icecraft~ml
advertising	try icecraft.ml try
advertising	try iccrft.ml
advertising	ttrryy icceccrrafftt.mmll
advertising	try.!.icecraft.ml
advertising	icecraft.ml try
advertising	7ry 1c3cr4f7 ml
advertising	7ry 1c3cr4f7.mI
advertising	TrY iCeCrAfTmL
advertising	7 r y  1 c 3 c r 4 f 7 . m l
advertising	try junglecraft.net
advertising	try junglecraft,net
advertising	try junglecraft_net
advertising	try junglecraft'net
advertising	try junglecraft*net
advertising	try junglecraftnet
advertising	try junglecraft net
advertising	try junglecraft(dot)net
advertising	7ry jungl3cr4f7.n37
advertising	t r y  j u n g l e c r a f t . n e t
advertising	try jungIеcrаft.nеt
advertising	TRY JUNGLECRAFT.NET
advertising	TrY jUnGlEcRaFt.NeT
advertising	try juuunglecraft.net
advertising	try junglecraft-net
advertising	try junglecraft;net
advertising	try junglecraft~net
advertising	try junglecraft.net try
advertising	try jnglcrft.nt
advertising	ttrryy jjunngglleccrrafftt.nnett
advertising	try.!.junglecraft.net
advertising	junglecraft.net try
advertising	7ry jungl3cr4f7 n37
advertising	7ry jungI3cr4f7.n37
advertising	TrY jUnGlEcRaFtNeT
advertising	7 r y  j u n g l 3 c r 4 f 7 . n 3 7
advertising	try kingdoms.gg
advertising	try kingdoms,gg
advertising	try kingdoms_gg
advertising	try kingdoms'gg
advertising	try kingdoms*gg
advertising	try kingdomsgg
advertising	try kingdoms gg
advertising	try kingdoms(dot)gg
advertising	7ry k1ngd0m5.gg
advertising	t r y  k i n g d o m s . g g
advertising	try kingdοms.gg
advertising	TRY KINGDOMS.GG
advertising	TrY kInGdOmS.gG
advertising	try kiiingdoms.gg
advertising	try kingdoms-gg
advertising	try kingdoms;gg
advertising	try kingdoms~gg
advertising	try kingdoms.gg try
advertising	try kngdms.gg
advertising	ttrryy kkinnggddommss.gggg
advertising	try.!.kingdoms.gg
advertising	kingdoms.gg try
advertising	7ry k1ngd0m5 gg
advertising	TrY kInGdOmSgG
advertising	7 r y  k 1 n g d 0 m 5 . g g
advertising	try lunarmc.xyz
advertising	try lunarmc,xyz
advertising	try lunarmc_xyz
advertising	try lunarmc'xyz
advertising	try lunarmc*xyz
advertising	try lunarmcxyz
advertising	try lunarmc xyz
advertising	try lunarmc(dot)xyz
advertising	7ry lun4rmc.xyz
advertising	t r y  l u n a r m c . x y z
advertising	try Iunаrmc.xyz
advertising	TRY LUNARMC.XYZ
advertising	TrY lUnArMc.XyZ
advertising	try luuunarmc.xyz
advertising	try lunarmc-xyz
advertising	try lunarmc;xyz
advertising	try lunarmc~xyz
advertising	try lunarmc.xyz try
advertising	try lnrmc.xyz
advertising	ttrryy llunnarrmmcc.xxyyzz
advertising	try.!.lunarmc.xyz
advertising	lunarmc.xyz try
advertising	7ry lun4rmc xyz
advertising	7ry Iun4rmc.xyz
advertising	TrY lUnArMcXyZ
advertising	7 r y  l u n 4 r m c . x y z
advertising	try nethermc.org
advertising	try nethermc,org
advertising	try nethermc_org
advertising	try nethermc'org
advertising	try nethermc*org
advertising	try nethermcorg
advertising	try nethermc org
advertising	try nethermc(dot)org
advertising	7ry n37h3rmc.0rg
advertising	t r y  n e t h e r m c . o r g
advertising	try nеthеrmc.οrg
advertising	TRY NETHERMC.ORG
advertising	TrY nEtHeRmC.oRg
advertising	try neeethermc.org
advertising	try nethermc-org
advertising	try nethermc;org
advertising	try nethermc~org
advertising	try nethermc.org try
advertising	try nthrmc.rg
advertising	ttrryy nnetthherrmmcc.orrgg
advertising	try.!.nethermc.org
advertising	nethermc.org try
advertising	7ry n37h3rmc 0rg
advertising	TrY nEtHeRmCoRg
advertising	7 r y  n 3 7 h 3 r m c . 0 r g
advertising	check out examplecraft.net
advertising	check out examplecraft,net
advertising	check out examplecraft_net
advertising	check out examplecraft'net
advertising	check out examplecraft*net
advertising	check out examplecraftnet
advertising	check out examplecraft net
advertising	check out examplecraft(dot)net
advertising	ch3ck 0u7 3x4mpl3cr4f7.n37
advertising	c h e c k  o u t  e x a m p l e c r a f t . n e t
advertising	chеck οut еxаmpIеcrаft.nеt
advertising	CHECK OUT EXAMPLECRAFT.NET
advertising	ChEcK oUt ExAmPlEcRaFt.NeT
advertising	cheeeck ooout eeexamplecraft.net
advertising	check out examplecraft-net
advertising	check out examplecraft;net
advertising	check out examplecraft~net
advertising	check out examplecraft.net che
advertising	chck out exmplcrft.nt
advertising	cchhecckk outt exxammpplleccrrafftt.nnett
advertising	check.!.out.!.examplecraft.net
advertising	examplecraft.net out check
advertising	ch3ck 0u7 3x4mpl3cr4f7 n37
advertising	ch3ck 0u7 3x4mpI3cr4f7.n37
advertising	ChEcK oUt ExAmPlEcRaFtNeT
advertising	c h 3 c k  0 u 7  3 x 4 m p l 3 c r 4 f 7 . n 3 7
advertising	check out play.examplecraft.gg
advertising	check out play,examplecraft,gg
advertising	check out play_examplecraft_gg
advertising	check out play'examplecraft'gg
advertising	check out play*examplecraft*gg
advertising	check out playexamplecraftgg
advertising	check out play examplecraft gg
advertising	check out play(dot)examplecraft(dot)gg
advertising	ch3ck 0u7 pl4y.3x4mpl3cr4f7.gg
advertising	c h e c k  o u t  p l a y . e x a m p l e c r a f t . g g
advertising	chеck οut pIаy.еxаmpIеcrаft.gg
advertising	CHECK OUT PLAY.EXAMPLECRAFT.GG
advertising	ChEcK oUt PlAy.ExAmPlEcRaFt.Gg
advertising	cheeeck ooout plaaay.examplecraft.gg
advertising	check out play-examplecraft-gg
advertising	check out play;examplecraft;gg
advertising	check out play~examplecraft~gg
advertising	check out play.examplecraft.gg che
advertising	chck out ply.xmplcrft.gg
advertising	cchhecckk outt ppllayy.exxammpplleccrrafftt.gggg
advertising	check.!.out.!.play.examplecraft.gg
advertising	play.examplecraft.gg out check
advertising	ch3ck 0u7 pl4y 3x4mpl3cr4f7 gg
advertising	ch3ck 0u7 pI4y.3x4mpI3cr4f7.gg
advertising	ChEcK oUt PlAyExAmPlEcRaFtGg
advertising	c h 3 c k  0 u 7  p l 4 y . 3 x 4 m p l 3 c r 4 f 7 . g g
advertising	check out mc123.org
advertising	check out mc123,org
advertising	check out mc123_org
advertising	check out mc123'org
advertising	check out mc123*org
advertising	check out mc123org
advertising	check out mc123 org
advertising	check out mc123(dot)org
advertising	ch3ck 0u7 mc123.0rg
advertising	c h e c k  o u t  m c 1 2 3 . o r g
advertising	chеck οut mc123.οrg
advertising	CHECK OUT MC123.ORG
advertising	ChEcK oUt Mc123.OrG
advertising	cheeeck ooout mc123.ooorg
advertising	check out mc123-org
advertising	check out mc123;org
advertising	check out mc123~org
advertising	check out mc123.org che
advertising	chck out mc123.rg
advertising	cchhecckk outt mmcc123.orrgg
advertising	check.!.out.!.mc123.org
advertising	mc123.org out check
advertising	ch3ck 0u7 mc123 0rg
advertising	ChEcK oUt Mc123OrG
advertising	c h 3 c k  0 u 7  m c 1 2 3 . 0 r g
advertising	check out coolpvp.xyz
advertising	check out coolpvp,xyz
advertising	check out coolpvp_xyz
advertising	check out coolpvp'xyz
advertising	check out coolpvp*xyz
advertising	check out coolpvpxyz
advertising	check out coolpvp xyz
advertising	check out coolpvp(dot)xyz
advertising	ch3ck 0u7 c00lpvp.xyz
advertising	c h e c k  o u t  c o o l p v p . x y z
advertising	chеck οut cοοIpvp.xyz
advertising	CHECK OUT COOLPVP.XYZ
advertising	ChEcK oUt CoOlPvP.xYz
advertising	cheeeck ooout coooolpvp.xyz
advertising	check out coolpvp-xyz
advertising	check out coolpvp;xyz
advertising	check out coolpvp~xyz
advertising	check out coolpvp.xyz che
advertising	chck out clpvp.xyz
advertising	cchhecckk outt ccoollppvvpp.xxyyzz
advertising	check.!.out.!.coolpvp.xyz
advertising	coolpvp.xyz out check
advertising	ch3ck 0u7 c00lpvp xyz
advertising	ch3ck 0u7 c00Ipvp.xyz
advertising	ChEcK oUt CoOlPvPxYz
advertising	c h 3 c k  0 u 7  c 0 0 l p v p . x y z
advertising	check out funserver.com
advertising	check out funserver,com
advertising	check out funserver_com
advertising	check out funserver'com
advertising	check out funserver*com
advertising	check out funservercom
advertising	check out funserver com
advertising	check out funserver(dot)com
advertising	ch3ck 0u7 fun53rv3r.c0m
advertising	c h e c k  o u t  f u n s e r v e r . c o m
advertising	chеck οut funsеrvеr.cοm
advertising	CHECK OUT FUNSERVER.COM
advertising	ChEcK oUt FuNsErVeR.cOm
advertising	cheeeck ooout fuuunserver.com
advertising	check out funserver-com
advertising	check out funserver;com
advertising	check out funserver~com
advertising	check out funserver.com che
advertising	chck out fnsrvr.cm
advertising	cchhecckk outt ffunnsserrvverr.ccomm
advertising	check.!.out.!.funserver.com
advertising	funserver.com out check
advertising	ch3ck 0u7 fun53rv3r c0m
advertising	ChEcK oUt FuNsErVeRcOm
advertising	c h 3 c k  0 u 7  f u n 5 3 r v 3 r . c 0 m
advertising	check out hypixelclone.net
advertising	check out hypixelclone,net
advertising	check out hypixelclone_net
advertising	check out hypixelclone'net
advertising	check out hypixelclone*net
advertising	check out hypixelclonenet
advertising	check out hypixelclone net
advertising	check out hypixelclone(dot)net
advertising	ch3ck 0u7 hyp1x3lcl0n3.n37
advertising	c h e c k  o u t  h y p i x e l c l o n e . n e t
advertising	chеck οut hypixеIcIοnе.nеt
advertising	CHECK OUT HYPIXELCLONE.NET
advertising	ChEcK oUt HyPiXeLcLoNe.NeT
advertising	cheeeck ooout hypiiixelclone.net
advertising	check out hypixelclone-net
advertising	check out hypixelclone;net
advertising	check out hypixelclone~net
advertising	check out hypixelclone.net che
advertising	chck out hypxlcln.nt
advertising	cchhecckk outt hhyyppixxellccllonne.nnett
advertising	check.!.out.!.hypixelclone.net
advertising	hypixelclone.net out check
advertising	ch3ck 0u7 hyp1x3lcl0n3 n37
advertising	ch3ck 0u7 hyp1x3IcI0n3.n37
advertising	ChEcK oUt HyPiXeLcLoNeNeT
advertising	c h 3 c k  0 u 7  h y p 1 x 3 l c l 0 n 3 . n 3 7
advertising	check out pvpzone.gg
advertising	check out pvpzone,gg
advertising	check out pvpzone_gg
advertising	check out pvpzone'gg
advertising	check out pvpzone*gg
advertising	check out pvpzonegg
advertising	check out pvpzone gg
advertising	check out pvpzone(dot)gg
advertising	ch3ck 0u7 pvpz0n3.gg
advertising	c h e c k  o u t  p v p z o n e . g g
advertising	chеck οut pvpzοnе.gg
advertising	CHECK OUT PVPZONE.GG
advertising	ChEcK oUt PvPzOnE.gG
advertising	cheeeck ooout pvpzooone.gg
advertising	check out pvpzone-gg
advertising	check out pvpzone;gg
advertising	check out pvpzone~gg
advertising	check out pvpzone.gg che
advertising	chck out pvpzn.gg
advertising	cchhecckk outt ppvvppzzonne.gggg
advertising	check.!.out.!.pvpzone.gg
advertising	pvpzone.gg out check
advertising	ch3ck 0u7 pvpz0n3 gg
advertising	ChEcK oUt PvPzOnEgG
advertising	c h 3 c k  0 u 7  p v p z 0 n 3 . g g
advertising	check out survivalcraft.org
advertising	check out survivalcraft,org
advertising	check out survivalcraft_org
advertising	check out survivalcraft'org
advertising	check out survivalcraft*org
advertising	check out survivalcraftorg
advertising	check out survivalcraft org
advertising	check out survivalcraft(dot)org
advertising	ch3ck 0u7 5urv1v4lcr4f7.0rg
advertising	c h e c k  o u t  s u r v i v a l c r a f t . o r g
advertising	chеck οut survivаIcrаft.οrg
advertising	CHECK OUT SURVIVALCRAFT.ORG
advertising	ChEcK oUt SuRvIvAlCrAfT.oRg
advertising	cheeeck ooout suuurvivalcraft.org
advertising	check out survivalcraft-org
advertising	check out survivalcraft;org
advertising	check out survivalcraft~org
advertising	check out survivalcraft.org che
advertising	chck out srvvlcrft.rg
advertising	cchhecckk outt ssurrvvivvallccrrafftt.orrgg
advertising	check.!.out.!.survivalcraft.org
advertising	survivalcraft.org out check
advertising	ch3ck 0u7 5urv1v4lcr4f7 0rg
advertising	ch3ck 0u7 5urv1v4Icr4f7.0rg
advertising	ChEcK oUt SuRvIvAlCrAfToRg
advertising	c h 3 c k  0 u 7  5 u r v 1 v 4 l c r 4 f 7 . 0 r g
advertising	check out minescape.xyz
advertising	check out minescape,xyz
advertising	check out minescape_xyz
advertising	check out minescape'xyz
advertising	check out minescape*xyz
advertising	check out minescapexyz
advertising	check out minescape xyz
advertising	check out minescape(dot)xyz
advertising	ch3ck 0u7 m1n35c4p3.xyz
advertising	c h e c k  o u t  m i n e s c a p e . x y z
advertising	chеck οut minеscаpе.xyz
advertising	CHECK OUT MINESCAPE.XYZ
advertising	ChEcK oUt MiNeScApE.xYz
advertising	cheeeck ooout miiinescape.xyz
advertising	check out minescape-xyz
advertising	check out minescape;xyz
advertising	check out minescape~xyz
advertising	check out minescape.xyz che
advertising	chck out mnscp.xyz
advertising	cchhecckk outt mminnessccappe.xxyyzz
advertising	check.!.out.!.minescape.xyz
advertising	minescape.xyz out check
advertising	ch3ck 0u7 m1n35c4p3 xyz
advertising	ChEcK oUt MiNeScApExYz
advertising	c h 3 c k  0 u 7  m 1 n 3 5 c 4 p 3 . x y z
advertising	check out craftkingdom.net
advertising	check out craftkingdom,net
advertising	check out craftkingdom_net
advertising	check out craftkingdom'net
advertising	check out craftkingdom*net
advertising	check out craftkingdomnet
advertising	check out craftkingdom net
advertising	check out craftkingdom(dot)net
advertising	ch3ck 0u7 cr4f7k1ngd0m.n37
advertising	c h e c k  o u t  c r a f t k i n g d o m . n e t
advertising	chеck οut crаftkingdοm.nеt
advertising	CHECK OUT CRAFTKINGDOM.NET
advertising	ChEcK oUt CrAfTkInGdOm.NeT
advertising	cheeeck ooout craaaftkingdom.net
advertising	check out craftkingdom-net
advertising	check out craftkingdom;net
advertising	check out craftkingdom~net
advertising	check out craftkingdom.net che
advertising	chck out crftkngdm.nt
advertising	cchhecckk outt ccrraffttkkinnggddomm.nnett
advertising	check.!.out.!.craftkingdom.net
advertising	craftkingdom.net out check
advertising	ch3ck 0u7 cr4f7k1ngd0m n37
advertising	ChEcK oUt CrAfTkInGdOmNeT
advertising	c h 3 c k  0 u 7  c r 4 f 7 k 1 n g d 0 m . n 3 7
advertising	check out skypvp.gg
advertising	check out skypvp,gg
advertising	check out skypvp_gg
advertising	check out skypvp'gg
advertising	check out skypvp*gg
advertising	check out skypvpgg
advertising	check out skypvp gg
advertising	check out skypvp(dot)gg
advertising	ch3ck 0u7 5kypvp.gg
advertising	c h e c k  o u t  s k y p v p . g g
advertising	chеck οut skypvp.gg
advertising	CHECK OUT SKYPVP.GG
advertising	ChEcK oUt SkYpVp.Gg
advertising	cheeeck ooout skypvp.gg
advertising	check out skypvp-gg
advertising	check out skypvp;gg
advertising	check out skypvp~gg
advertising	check out skypvp.gg che
advertising	chck out skypvp.gg
advertising	cchhecckk outt sskkyyppvvpp.gggg
advertising	check.!.out.!.skypvp.gg
advertising	skypvp.gg out check
advertising	ch3ck 0u7 5kypvp gg
advertising	ChEcK oUt SkYpVpGg
advertising	c h 3 c k  0 u 7  5 k y p v p . g g
advertising	check out bedwars.pro
advertising	check out bedwars,pro
advertising	check out bedwars_pro
advertising	check out bedwars'pro
advertising	check out bedwars*pro
advertising	check out bedwarspro
advertising	check out bedwars pro
advertising	check out bedwars(dot)pro
advertising	ch3ck 0u7 b3dw4r5.pr0
advertising	c h e c k  o u t  b e d w a r s . p r o
advertising	chеck οut bеdwаrs.prο
advertising	CHECK OUT BEDWARS.PRO
advertising	ChEcK oUt BeDwArS.pRo
advertising	cheeeck ooout beeedwars.pro
advertising	check out bedwars-pro
advertising	check out bedwars;pro
advertising	check out bedwars~pro
advertising	check out bedwars.pro che
advertising	chck out bdwrs.pro
advertising	cchhecckk outt bbeddwwarrss.pprro
advertising	check.!.out.!.bedwars.pro
advertising	bedwars.pro out check
advertising	ch3ck 0u7 b3dw4r5 pr0
advertising	ChEcK oUt BeDwArSpRo
advertising	c h 3 c k  0 u 7  b 3 d w 4 r 5 . p r 0
advertising	check out anarchy.ml
advertising	check out anarchy,ml
advertising	check out anarchy_ml
advertising	check out anarchy'ml
advertising	check out anarchy*ml
advertising	check out anarchyml
advertising	check out anarchy ml
advertising	check out anarchy(dot)ml
advertising	ch3ck 0u7 4n4rchy.ml
advertising	c h e c k  o u t  a n a r c h y . m l
advertising	chеck οut аnаrchy.mI
advertising	CHECK OUT ANARCHY.ML
advertising	ChEcK oUt AnArChY.mL
advertising	cheeeck ooout aaanarchy.ml
advertising	check out anarchy-ml
advertising	check out anarchy;ml
advertising	check out anarchy~ml
advertising	check out anarchy.ml che
advertising	chck out anrchy.ml
advertising	cchhecckk outt annarrcchhyy.mmll
advertising	check.!.out.!.anarchy.ml
advertising	anarchy.ml out check
advertising	ch3ck 0u7 4n4rchy ml
advertising	ch3ck 0u7 4n4rchy.mI
advertising	ChEcK oUt AnArChYmL
advertising	c h 3 c k  0 u 7  4 n 4 r c h y . m l
advertising	check out smp.tk
advertising	check out smp,tk
advertising	check out smp_tk
advertising	check out smp'tk
advertising	check out smp*tk
advertising	check out smptk
advertising	check out smp tk
advertising	check out smp(dot)tk
advertising	ch3ck 0u7 5mp.7k
advertising	c h e c k  o u t  s m p . t k
advertising	chеck οut smp.tk
advertising	CHECK OUT SMP.TK
advertising	ChEcK oUt SmP.tK
advertising	cheeeck ooout smp.tk
advertising	check out smp-tk
advertising	check out smp;tk
advertising	check out smp~tk
advertising	check out smp.tk che
advertising	chck out smp.tk
advertising	cchhecckk outt ssmmpp.ttkk
advertising	check.!.out.!.smp.tk
advertising	smp.tk out check
advertising	ch3ck 0u7 5mp 7k
advertising	ChEcK oUt SmPtK
advertising	c h 3 c k  0 u 7  5 m p . 7 k
advertising	check out creativecraft.com
advertising	check out creativecraft,com
advertising	check out creativecraft_com
advertising	check out creativecraft'com
advertising	check out creativecraft*com
advertising	check out creativecraftcom
advertising	check out creativecraft com
advertising	check out creativecraft(dot)com
advertising	ch3ck 0u7 cr3471v3cr4f7.c0m
advertising	c h e c k  o u t  c r e a t i v e c r a f t . c o m
advertising	chеck οut crеаtivеcrаft.cοm
advertising	CHECK OUT CREATIVECRAFT.COM
advertising	ChEcK oUt CrEaTiVeCrAfT.cOm
advertising	cheeeck ooout creeeativecraft.com
advertising	check out creativecraft-com
advertising	check out creativecraft;com
advertising	check out creativecraft~com
advertising	check out creativecraft.com che
advertising	chck out crtvcrft.cm
advertising	cchhecckk outt ccrreattivveccrrafftt.ccomm
advertising	check.!.out.!.creativecraft.com
advertising	creativecraft.com out check
advertising	ch3ck 0u7 cr3471v3cr4f7 c0m
advertising	ChEcK oUt CrEaTiVeCrAfTcOm
advertising	c h 3 c k  0 u 7  c r 3 4 7 1 v 3 c r 4 f 7 . c 0 m
advertising	check out dragonmc.net
advertising	check out dragonmc,net
advertising	check out dragonmc_net
advertising	check out dragonmc'net
advertising	check out dragonmc*net
advertising	check out dragonmcnet
advertising	check out dragonmc net
advertising	check out dragonmc(dot)net
advertising	ch3ck 0u7 dr4g0nmc.n37
advertising	c h e c k  o u t  d r a g o n m c . n e t
advertising	chеck οut drаgοnmc.nеt
advertising	CHECK OUT DRAGONMC.NET
advertising	ChEcK oUt DrAgOnMc.NeT
advertising	cheeeck ooout draaagonmc.net
advertising	check out dragonmc-net
advertising	check out dragonmc;net
advertising	check out dragonmc~net
advertising	check out dragonmc.net che
advertising	chck out drgnmc.nt
advertising	cchhecckk outt ddrraggonnmmcc.nnett
advertising	check.!.out.!.dragonmc.net
advertising	dragonmc.net out check
advertising	ch3ck 0u7 dr4g0nmc n37
advertising	ChEcK oUt DrAgOnMcNeT
advertising	c h 3 c k  0 u 7  d r 4 g 0 n m c . n 3 7
advertising	check out emeraldisle.org
advertising	check out emeraldisle,org
advertising	check out emeraldisle_org
advertising	check out emeraldisle'org
advertising	check out emeraldisle*org
advertising	check out emeraldisleorg
advertising	check out emeraldisle org
advertising	check out emeraldisle(dot)org
advertising	ch3ck 0u7 3m3r4ld15l3.0rg
advertising	c h e c k  o u t  e m e r a l d i s l e . o r g
advertising	chеck οut еmеrаIdisIе.οrg
advertising	CHECK OUT EMERALDISLE.ORG
advertising	ChEcK oUt EmErAlDiSlE.oRg
advertising	cheeeck ooout eeemeraldisle.org
advertising	check out emeraldisle-org
advertising	check out emeraldisle;org
advertising	check out emeraldisle~org
advertising	check out emeraldisle.org che
advertising	chck out emrldsl.rg
advertising	cchhecckk outt emmerrallddisslle.orrgg
advertising	check.!.out.!.emeraldisle.org
advertising	emeraldisle.org out check
advertising	ch3ck 0u7 3m3r4ld15l3 0rg
advertising	ch3ck 0u7 3m3r4Id15I3.0rg
advertising	ChEcK oUt EmErAlDiSlEoRg
advertising	c h 3 c k  0 u 7  3 m 3 r 4 l d 1 5 l 3 . 0 r g
advertising	check out foxcraft.gg
advertising	check out foxcraft,gg
advertising	check out foxcraft_gg
advertising	check out foxcraft'gg
advertising	check out foxcraft*gg
advertising	check out foxcraftgg
advertising	check out foxcraft gg
advertising	check out foxcraft(dot)gg
advertising	ch3ck 0u7 f0xcr4f7.gg
advertising	c h e c k  o u t  f o x c r a f t . g g
advertising	chеck οut fοxcrаft.gg
advertising	CHECK OUT FOXCRAFT.GG
advertising	ChEcK oUt FoXcRaFt.Gg
advertising	cheeeck ooout foooxcraft.gg
advertising	check out foxcraft-gg
advertising	check out foxcraft;gg
advertising	check out foxcraft~gg
advertising	check out foxcraft.gg che
advertising	chck out fxcrft.gg
advertising	cchhecckk outt ffoxxccrrafftt.gggg
advertising	check.!.out.!.foxcraft.gg
advertising	foxcraft.gg out check
advertising	ch3ck 0u7 f0xcr4f7 gg
advertising	ChEcK oUt FoXcRaFtGg
advertising	c h 3 c k  0 u 7  f 0 x c r 4 f 7 . g g
advertising	check out goldrush.xyz
advertising	check out goldrush,xyz
advertising	check out goldrush_xyz
advertising	check out goldrush'xyz
advertising	check out goldrush*xyz
advertising	check out goldrushxyz
advertising	check out goldrush xyz
advertising	check out goldrush(dot)xyz
advertising	ch3ck 0u7 g0ldru5h.xyz
advertising	c h e c k  o u t  g o l d r u s h . x y z
advertising	chеck οut gοIdrush.xyz
advertising	CHECK OUT GOLDRUSH.XYZ
advertising	ChEcK oUt GoLdRuSh.XyZ
advertising	cheeeck ooout goooldrush.xyz
advertising	check out goldrush-xyz
advertising	check out goldrush;xyz
advertising	check out goldrush~xyz
advertising	check out goldrush.xyz che
advertising	chck out gldrsh.xyz
advertising	cchhecckk outt ggollddrrusshh.xxyyzz
advertising	check.!.out.!.goldrush.xyz
advertising	goldrush.xyz out check
advertising	ch3ck 0u7 g0ldru5h xyz
advertising	ch3ck 0u7 g0Idru5h.xyz
advertising	ChEcK oUt GoLdRuShXyZ
advertising	c h 3 c k  0 u 7  g 0 l d r u 5 h . x y z
advertising	check out icecraft.ml
advertising	check out icecraft,ml
advertising	check out icecraft_ml
advertising	check out icecraft'ml
advertising	check out icecraft*ml
advertising	check out icecraftml
advertising	check out icecraft ml
advertising	check out icecraft(dot)ml
advertising	ch3ck 0u7 1c3cr4f7.ml
advertising	c h e c k  o u t  i c e c r a f t . m l
advertising	chеck οut icеcrаft.mI
advertising	CHECK OUT ICECRAFT.ML
advertising	ChEcK oUt IcEcRaFt.Ml
advertising	cheeeck ooout iiicecraft.ml
advertising	check out icecraft-ml
advertising	check out icecraft;ml
advertising	check out icecraft~ml
advertising	check out icecraft.ml che
advertising	chck out iccrft.ml
advertising	cchhecckk outt icceccrrafftt.mmll
advertising	check.!.out.!.icecraft.ml
advertising	icecraft.ml out check
advertising	ch3ck 0u7 1c3cr4f7 ml
advertising	ch3ck 0u7 1c3cr4f7.mI
advertising	ChEcK oUt IcEcRaFtMl
advertising	c h 3 c k  0 u 7  1 c 3 c r 4 f 7 . m l
advertising	check out junglecraft.net
advertising	check out junglecraft,net
advertising	check out junglecraft_net
advertising	check out junglecraft'net
advertising	check out junglecraft*net
advertising	check out junglecraftnet
advertising	check out junglecraft net
advertising	check out junglecraft(dot)net
advertising	ch3ck 0u7 jungl3cr4f7.n37
advertising	c h e c k  o u t  j u n g l e c r a f t . n e t
advertising	chеck οut jungIеcrаft.nеt
advertising	CHECK OUT JUNGLECRAFT.NET
advertising	ChEcK oUt JuNgLeCrAfT.nEt
advertising	cheeeck ooout juuunglecraft.net
advertising	check out junglecraft-net
advertising	check out junglecraft;net
advertising	check out junglecraft~net
advertising	check out junglecraft.net che
advertising	chck out jnglcrft.nt
advertising	cchhecckk outt jjunngglleccrrafftt.nnett
advertising	check.!.out.!.junglecraft.net
advertising	junglecraft.net out check
advertising	ch3ck 0u7 jungl3cr4f7 n37
advertising	ch3ck 0u7 jungI3cr4f7.n37
advertising	ChEcK oUt JuNgLeCrAfTnEt
advertising	c h 3 c k  0 u 7  j u n g l 3 c r 4 f 7 . n 3 7
advertising	check out kingdoms.gg
advertising	check out kingdoms,gg
advertising	check out kingdoms_gg
advertising	check out kingdoms'gg
advertising	check out kingdoms*gg
advertising	check out kingdomsgg
advertising	check out kingdoms gg
advertising	check out kingdoms(dot)gg
advertising	ch3ck 0u7 k1ngd0m5.gg
advertising	c h e c k  o u t  k i n g d o m s . g g
advertising	chеck οut kingdοms.gg
advertising	CHECK OUT KINGDOMS.GG
advertising	ChEcK oUt KiNgDoMs.Gg
advertising	cheeeck ooout kiiingdoms.gg
advertising	check out kingdoms-gg
advertising	check out kingdoms;gg
advertising	check out kingdoms~gg
advertising	check out kingdoms.gg che
advertising	chck out kngdms.gg
advertising	cchhecckk outt kkinnggddommss.gggg
advertising	check.!.out.!.kingdoms.gg
advertising	kingdoms.gg out check
advertising	ch3ck 0u7 k1ngd0m5 gg
advertising	ChEcK oUt KiNgDoMsGg
advertising	c h 3 c k  0 u 7  k 1 n g d 0 m 5 . g g
advertising	check out lunarmc.xyz
advertising	check out lunarmc,xyz
advertising	check out lunarmc_xyz
advertising	check out lunarmc'xyz
advertising	check out lunarmc*xyz
advertising	check out lunarmcxyz
advertising	check out lunarmc xyz
advertising	check out lunarmc(dot)xyz
advertising	ch3ck 0u7 lun4rmc.xyz
advertising	c h e c k  o u t  l u n a r m c . x y z
advertising	chеck οut Iunаrmc.xyz
advertising	CHECK OUT LUNARMC.XYZ
advertising	ChEcK oUt LuNaRmC.xYz
advertising	cheeeck ooout luuunarmc.xyz
advertising	check out lunarmc-xyz
advertising	check out lunarmc;xyz
advertising	check out lunarmc~xyz
advertising	check out lunarmc.xyz che
advertising	chck out lnrmc.xyz
advertising	cchhecckk outt llunnarrmmcc.xxyyzz
advertising	check.!.out.!.lunarmc.xyz
advertising	lunarmc.xyz out check
advertising	ch3ck 0u7 lun4rmc xyz
advertising	ch3ck 0u7 Iun4rmc.xyz
advertising	ChEcK oUt LuNaRmCxYz
advertising	c h 3 c k  0 u 7  l u n 4 r m c . x y z
advertising	check out nethermc.org
advertising	check out nethermc,org
advertising	check out nethermc_org
advertising	check out nethermc'org
advertising	check out nethermc*org
advertising	check out nethermcorg
advertising	check out nethermc org
advertising	check out nethermc(dot)org
advertising	ch3ck 0u7 n37h3rmc.0rg
advertising	c h e c k  o u t  n e t h e r m c . o r g
advertising	chеck οut nеthеrmc.οrg
advertising	CHECK OUT NETHERMC.ORG
advertising	ChEcK oUt NeThErMc.OrG
advertising	cheeeck ooout neeethermc.org
advertising	check out nethermc-org
advertising	check out nethermc;org
advertising	check out nethermc~org
advertising	check out nethermc.org che
advertising	chck out nthrmc.rg
advertising	cchhecckk outt nnetthherrmmcc.orrgg
advertising	check.!.out.!.nethermc.org
advertising	nethermc.org out check
advertising	ch3ck 0u7 n37h3rmc 0rg
advertising	ChEcK oUt NeThErMcOrG
advertising	c h 3 c k  0 u 7  n 3 7 h 3 r m c . 0 r g
advertising	play on examplecraft.net
advertising	play on examplecraft,net
advertising	play on examplecraft_net
advertising	play on examplecraft'net
advertising	play on examplecraft*net
advertising	play on examplecraftnet
advertising	play on examplecraft net
advertising	play on examplecraft(dot)net
advertising	pl4y 0n 3x4mpl3cr4f7.n37
advertising	p l a y  o n  e x a m p l e c r a f t . n e t
advertising	pIаy οn еxаmpIеcrаft.nеt
advertising	PLAY ON EXAMPLECRAFT.NET
advertising	PlAy On ExAmPlEcRaFt.NeT
advertising	plaaay ooon eeexamplecraft.net
advertising	play on examplecraft-net
advertising	play on examplecraft;net
advertising	play on examplecraft~net
advertising	play on examplecraft.net pla
advertising	play on exmplcrft.nt
advertising	ppllayy onn exxammpplleccrrafftt.nnett
advertising	play.!.on.!.examplecraft.net
advertising	examplecraft.net on play
advertising	pl4y 0n 3x4mpl3cr4f7 n37
advertising	pI4y 0n 3x4mpI3cr4f7.n37
advertising	PlAy On ExAmPlEcRaFtNeT
advertising	p l 4 y  0 n  3 x 4 m p l 3 c r 4 f 7 . n 3 7
advertising	play on play.examplecraft.gg
advertising	play on play,examplecraft,gg
advertising	play on play_examplecraft_gg
advertising	play on play'examplecraft'gg
advertising	play on play*examplecraft*gg
advertising	play on playexamplecraftgg
advertising	play on play examplecraft gg
advertising	play on play(dot)examplecraft(dot)gg
advertising	pl4y 0n pl4y.3x4mpl3cr4f7.gg
advertising	p l a y  o n  p l a y . e x a m p l e c r a f t . g g
advertising	pIаy οn pIаy.еxаmpIеcrаft.gg
advertising	PLAY ON PLAY.EXAMPLECRAFT.GG
advertising	PlAy On PlAy.ExAmPlEcRaFt.Gg
advertising	plaaay ooon plaaay.examplecraft.gg
advertising	play on play-examplecraft-gg
advertising	play on play;examplecraft;gg
advertising	play on play~examplecraft~gg
advertising	play on play.examplecraft.gg pla
advertising	play on ply.xmplcrft.gg
advertising	ppllayy onn ppllayy.exxammpplleccrrafftt.gggg
advertising	play.!.on.!.play.examplecraft.gg
advertising	play.examplecraft.gg on play
advertising	pl4y 0n pl4y 3x4mpl3cr4f7 gg
advertising	pI4y 0n pI4y.3x4mpI3cr4f7.gg
advertising	PlAy On PlAyExAmPlEcRaFtGg
advertising	p l 4 y  0 n  p l 4 y . 3 x 4 m p l 3 c r 4 f 7 . g g
advertising	play on mc123.org
advertising	play on mc123,org
advertising	play on mc123_org
advertising	play on mc123'org
advertising	play on mc123*org
advertising	play on mc123org
advertising	play on mc123 org
advertising	play on mc123(dot)org
advertising	pl4y 0n mc123.0rg
advertising	p l a y  o n  m c 1 2 3 . o r g
advertising	pIаy οn mc123.οrg
advertising	PLAY ON MC123.ORG
advertising	PlAy On Mc123.OrG
advertising	plaaay ooon mc123.ooorg
advertising	play on mc123-org
advertising	play on mc123;org
advertising	play on mc123~org
advertising	play on mc123.org pla
advertising	play on mc123.rg
advertising	ppllayy onn mmcc123.orrgg
advertising	play.!.on.!.mc123.org
advertising	mc123.org on play
advertising	pl4y 0n mc123 0rg
advertising	pI4y 0n mc123.0rg
advertising	PlAy On Mc123OrG
advertising	p l 4 y  0 n  m c 1 2 3 . 0 r g
advertising	play on coolpvp.xyz
advertising	play on coolpvp,xyz
advertising	play on coolpvp_xyz
advertising	play on coolpvp'xyz
advertising	play on coolpvp*xyz
advertising	play on coolpvpxyz
advertising	play on coolpvp xyz
advertising	play on coolpvp(dot)xyz
advertising	pl4y 0n c00lpvp.xyz
advertising	p l a y  o n  c o o l p v p . x y z
advertising	pIаy οn cοοIpvp.xyz
advertising	PLAY ON COOLPVP.XYZ
advertising	PlAy On CoOlPvP.xYz
advertising	plaaay ooon coooolpvp.xyz
advertising	play on coolpvp-xyz
advertising	play on coolpvp;xyz
advertising	play on coolpvp~xyz
advertising	play on coolpvp.xyz pla
advertising	play on clpvp.xyz
advertising	ppllayy onn ccoollppvvpp.xxyyzz
advertising	play.!.on.!.coolpvp.xyz
advertising	coolpvp.xyz on play
advertising	pl4y 0n c00lpvp xyz
advertising	pI4y 0n c00Ipvp.xyz
advertising	PlAy On CoOlPvPxYz
advertising	p l 4 y  0 n  c 0 0 l p v p . x y z
advertising	play on funserver.com
advertising	play on funserver,com
advertising	play on funserver_com
advertising	play on funserver'com
advertising	play on funserver*com
advertising	play on funservercom
advertising	play on funserver com
advertising	play on funserver(dot)com
advertising	pl4y 0n fun53rv3r.c0m
advertising	p l a y  o n  f u n s e r v e r . c o m
advertising	pIаy οn funsеrvеr.cοm
advertising	PLAY ON FUNSERVER.COM
advertising	PlAy On FuNsErVeR.cOm
advertising	plaaay ooon fuuunserver.com
advertising	play on funserver-com
advertising	play on funserver;com
advertising	play on funserver~com
advertising	play on funserver.com pla
advertising	play on fnsrvr.cm
advertising	ppllayy onn ffunnsserrvverr.ccomm
advertising	play.!.on.!.funserver.com
advertising	funserver.com on play
advertising	pl4y 0n fun53rv3r c0m
advertising	pI4y 0n fun53rv3r.c0m
advertising	PlAy On FuNsErVeRcOm
advertising	p l 4 y  0 n  f u n 5 3 r v 3 r . c 0 m
advertising	play on hypixelclone.net
advertising	play on hypixelclone,net
advertising	play on hypixelclone_net
advertising	play on hypixelclone'net
advertising	play on hypixelclone*net
advertising	play on hypixelclonenet
advertising	play on hypixelclone net
advertising	play on hypixelclone(dot)net
advertising	pl4y 0n hyp1x3lcl0n3.n37
advertising	p l a y  o n  h y p i x e l c l o n e . n e t
advertising	pIаy οn hypixеIcIοnе.nеt
advertising	PLAY ON HYPIXELCLONE.NET
advertising	PlAy On HyPiXeLcLoNe.NeT
advertising	plaaay ooon hypiiixelclone.net
advertising	play on hypixelclone-net
advertising	play on hypixelclone;net
advertising	play on hypixelclone~net
advertising	play on hypixelclone.net pla
advertising	play on hypxlcln.nt
advertising	ppllayy onn hhyyppixxellccllonne.nnett
advertising	play.!.on.!.hypixelclone.net
advertising	hypixelclone.net on play
advertising	pl4y 0n hyp1x3lcl0n3 n37
advertising	pI4y 0n hyp1x3IcI0n3.n37
advertising	PlAy On HyPiXeLcLoNeNeT
advertising	p l 4 y  0 n  h y p 1 x 3 l c l 0 n 3 . n 3 7
advertising	play on pvpzone.gg
advertising	play on pvpzone,gg
advertising	play on pvpzone_gg
advertising	play on pvpzone'gg
advertising	play on pvpzone*gg
advertising	play on pvpzonegg
advertising	play on pvpzone gg
advertising	play on pvpzone(dot)gg
advertising	pl4y 0n pvpz0n3.gg
advertising	p l a y  o n  p v p z o n e . g g
advertising	pIаy οn pvpzοnе.gg
advertising	PLAY ON PVPZONE.GG
advertising	PlAy On PvPzOnE.gG
advertising	plaaay ooon pvpzooone.gg
advertising	play on pvpzone-gg
advertising	play on pvpzone;gg
advertising	play on pvpzone~gg
advertising	play on pvpzone.gg pla
advertising	play on pvpzn.gg
advertising	ppllayy onn ppvvppzzonne.gggg
advertising	play.!.on.!.pvpzone.gg
advertising	pvpzone.gg on play
advertising	pl4y 0n pvpz0n3 gg
advertising	pI4y 0n pvpz0n3.gg
advertising	PlAy On PvPzOnEgG
advertising	p l 4 y  0 n  p v p z 0 n 3 . g g
advertising	play on survivalcraft.org
advertising	play on survivalcraft,org
advertising	play on survivalcraft_org
advertising	play on survivalcraft'org
advertising	play on survivalcraft*org
advertising	play on survivalcraftorg
advertising	play on survivalcraft org
advertising	play on survivalcraft(dot)org
advertising	pl4y 0n 5urv1v4lcr4f7.0rg
advertising	p l a y  o n  s u r v i v a l c r a f t . o r g
advertising	pIаy οn survivаIcrаft.οrg
advertising	PLAY ON SURVIVALCRAFT.ORG
advertising	PlAy On SuRvIvAlCrAfT.oRg
advertising	plaaay ooon suuurvivalcraft.org
advertising	play on survivalcraft-org
advertising	play on survivalcraft;org
advertising	play on survivalcraft~org
advertising	play on survivalcraft.org pla
advertising	play on srvvlcrft.rg
advertising	ppllayy onn ssurrvvivvallccrrafftt.orrgg
advertising	play.!.on.!.survivalcraft.org
advertising	survivalcraft.org on play
advertising	pl4y 0n 5urv1v4lcr4f7 0rg
advertising	pI4y 0n 5urv1v4Icr4f7.0rg
advertising	PlAy On SuRvIvAlCrAfToRg
advertising	p l 4 y  0 n  5 u r v 1 v 4 l c r 4 f 7 . 0 r g
advertising	play on minescape.xyz
advertising	play on minescape,xyz
advertising	play on minescape_xyz
advertising	play on minescape'xyz
advertising	play on minescape*xyz
advertising	play on minescapexyz
advertising	play on minescape xyz
advertising	play on minescape(dot)xyz
advertising	pl4y 0n m1n35c4p3.xyz
advertising	p l a y  o n  m i n e s c a p e . x y z
advertising	pIаy οn minеscаpе.xyz
advertising	PLAY ON MINESCAPE.XYZ
advertising	PlAy On MiNeScApE.xYz
advertising	plaaay ooon miiinescape.xyz
advertising	play on minescape-xyz
advertising	play on minescape;xyz
advertising	play on minescape~xyz
advertising	play on minescape.xyz pla
advertising	play on mnscp.xyz
advertising	ppllayy onn mminnessccappe.xxyyzz
advertising	play.!.on.!.minescape.xyz
advertising	minescape.xyz on play
advertising	pl4y 0n m1n35c4p3 xyz
advertising	pI4y 0n m1n35c4p3.xyz
advertising	PlAy On MiNeScApExYz
advertising	p l 4 y  0 n  m 1 n 3 5 c 4 p 3 . x y z
advertising	play on craftkingdom.net
advertising	play on craftkingdom,net
advertising	play on craftkingdom_net
advertising	play on craftkingdom'net
advertising	play on craftkingdom*net
advertising	play on craftkingdomnet
advertising	play on craftkingdom net
advertising	play on craftkingdom(dot)net
advertising	pl4y 0n cr4f7k1ngd0m.n37
advertising	p l a y  o n  c r a f t k i n g d o m . n e t
advertising	pIаy οn crаftkingdοm.nеt
advertising	PLAY ON CRAFTKINGDOM.NET
advertising	PlAy On CrAfTkInGdOm.NeT
advertising	plaaay ooon craaaftkingdom.net
advertising	play on craftkingdom-net
advertising	play on craftkingdom;net
advertising	play on craftkingdom~net
advertising	play on craftkingdom.net pla
advertising	play on crftkngdm.nt
advertising	ppllayy onn ccrraffttkkinnggddomm.nnett
advertising	play.!.on.!.craftkingdom.net
advertising	craftkingdom.net on play
advertising	pl4y 0n cr4f7k1ngd0m n37
advertising	pI4y 0n cr4f7k1ngd0m.n37
advertising	PlAy On CrAfTkInGdOmNeT
advertising	p l 4 y  0 n  c r 4 f 7 k 1 n g d 0 m . n 3 7
advertising	play on skypvp.gg
advertising	play on skypvp,gg
advertising	play on skypvp_gg
advertising	play on skypvp'gg
advertising	play on skypvp*gg
advertising	play on skypvpgg
advertising	play on skypvp gg
advertising	play on skypvp(dot)gg
advertising	pl4y 0n 5kypvp.gg
advertising	p l a y  o n  s k y p v p . g g
advertising	pIаy οn skypvp.gg
advertising	PLAY ON SKYPVP.GG
advertising	PlAy On SkYpVp.Gg
advertising	plaaay ooon skypvp.gg
advertising	play on skypvp-gg
advertising	play on skypvp;gg
advertising	play on skypvp~gg
advertising	play on skypvp.gg pla
advertising	ppllayy onn sskkyyppvvpp.gggg
advertising	play.!.on.!.skypvp.gg
advertising	skypvp.gg on play
advertising	pl4y 0n 5kypvp gg
advertising	pI4y 0n 5kypvp.gg
advertising	PlAy On SkYpVpGg
advertising	p l 4 y  0 n  5 k y p v p . g g
advertising	play on bedwars.pro
advertising	play on bedwars,pro
advertising	play on bedwars_pro
advertising	play on bedwars'pro
advertising	play on bedwars*pro
advertising	play on bedwarspro
advertising	play on bedwars pro
advertising	play on bedwars(dot)pro
advertising	pl4y 0n b3dw4r5.pr0
advertising	p l a y  o n  b e d w a r s . p r o
advertising	pIаy οn bеdwаrs.prο
advertising	PLAY ON BEDWARS.PRO
advertising	PlAy On BeDwArS.pRo
advertising	plaaay ooon beeedwars.pro
advertising	play on bedwars-pro
advertising	play on bedwars;pro
advertising	play on bedwars~pro
advertising	play on bedwars.pro pla
advertising	play on bdwrs.pro
advertising	ppllayy onn bbeddwwarrss.pprro
advertising	play.!.on.!.bedwars.pro
advertising	bedwars.pro on play
advertising	pl4y 0n b3dw4r5 pr0
advertising	pI4y 0n b3dw4r5.pr0
advertising	PlAy On BeDwArSpRo
advertising	p l 4 y  0 n  b 3 d w 4 r 5 . p r 0
advertising	play on anarchy.ml
advertising	play on anarchy,ml
advertising	play on anarchy_ml
advertising	play on anarchy'ml
advertising	play on anarchy*ml
advertising	play on anarchyml
advertising	play on anarchy ml
advertising	play on anarchy(dot)ml
advertising	pl4y 0n 4n4rchy.ml
advertising	p l a y  o n  a n a r c h y . m l
advertising	pIаy οn аnаrchy.mI
advertising	PLAY ON ANARCHY.ML
advertising	PlAy On AnArChY.mL
advertising	plaaay ooon aaanarchy.ml
advertising	play on anarchy-ml
advertising	play on anarchy;ml
advertising	play on anarchy~ml
advertising	play on anarchy.ml pla
advertising	play on anrchy.ml
advertising	ppllayy onn annarrcchhyy.mmll
advertising	play.!.on.!.anarchy.ml
advertising	anarchy.ml on play
advertising	pl4y 0n 4n4rchy ml
advertising	pI4y 0n 4n4rchy.mI
advertising	PlAy On AnArChYmL
advertising	p l 4 y  0 n  4 n 4 r c h y . m l
advertising	play on smp.tk
advertising	play on smp,tk
advertising	play on smp_tk
advertising	play on smp'tk
advertising	play on smp*tk
advertising	play on smptk
advertising	play on smp tk
advertising	play on smp(dot)tk
advertising	pl4y 0n 5mp.7k
advertising	p l a y  o n  s m p . t k
advertising	pIаy οn smp.tk
advertising	PLAY ON SMP.TK
advertising	PlAy On SmP.tK
advertising	plaaay ooon smp.tk
advertising	play on smp-tk
advertising	play on smp;tk
advertising	play on smp~tk
advertising	play on smp.tk pla
advertising	ppllayy onn ssmmpp.ttkk
advertising	play.!.on.!.smp.tk
advertising	smp.tk on play
advertising	pl4y 0n 5mp 7k
advertising	pI4y 0n 5mp.7k
advertising	PlAy On SmPtK
advertising	p l 4 y  0 n  5 m p . 7 k
advertising	play on creativecraft.com
advertising	play on creativecraft,com
advertising	play on creativecraft_com
advertising	play on creativecraft'com
advertising	play on creativecraft*com
advertising	play on creativecraftcom
advertising	play on creativecraft com
advertising	play on creativecraft(dot)com
advertising	pl4y 0n cr3471v3cr4f7.c0m
advertising	p l a y  o n  c r e a t i v e c r a f t . c o m
advertising	pIаy οn crеаtivеcrаft.cοm
advertising	PLAY ON CREATIVECRAFT.COM
advertising	PlAy On CrEaTiVeCrAfT.cOm
advertising	plaaay ooon creeeativecraft.com
advertising	play on creativecraft-com
advertising	play on creativecraft;com
advertising	play on creativecraft~com
advertising	play on creativecraft.com pla
advertising	play on crtvcrft.cm
advertising	ppllayy onn ccrreattivveccrrafftt.ccomm
advertising	play.!.on.!.creativecraft.com
advertising	creativecraft.com on play
advertising	pl4y 0n cr3471v3cr4f7 c0m
advertising	pI4y 0n cr3471v3cr4f7.c0m
advertising	PlAy On CrEaTiVeCrAfTcOm
advertising	p l 4 y  0 n  c r 3 4 7 1 v 3 c r 4 f 7 . c 0 m
advertising	play on dragonmc.net
advertising	play on dragonmc,net
advertising	play on dragonmc_net
advertising	play on dragonmc'net
advertising	play on dragonmc*net
advertising	play on dragonmcnet
advertising	play on dragonmc net
advertising	play on dragonmc(dot)net
advertising	pl4y 0n dr4g0nmc.n37
advertising	p l a y  o n  d r a g o n m c . n e t
advertising	pIаy οn drаgοnmc.nеt
advertising	PLAY ON DRAGONMC.NET
advertising	PlAy On DrAgOnMc.NeT
advertising	plaaay ooon draaagonmc.net
advertising	play on dragonmc-net
advertising	play on dragonmc;net
advertising	play on dragonmc~net
advertising	play on dragonmc.net pla
advertising	play on drgnmc.nt
advertising	ppllayy onn ddrraggonnmmcc.nnett
advertising	play.!.on.!.dragonmc.net
advertising	dragonmc.net on play
advertising	pl4y 0n dr4g0nmc n37
advertising	pI4y 0n dr4g0nmc.n37
advertising	PlAy On DrAgOnMcNeT
advertising	p l 4 y  0 n  d r 4 g 0 n m c . n 3 7
advertising	play on emeraldisle.org
advertising	play on emeraldisle,org
advertising	play on emeraldisle_org
advertising	play on emeraldisle'org
advertising	play on emeraldisle*org
advertising	play on emeraldisleorg
advertising	play on emeraldisle org
advertising	play on emeraldisle(dot)org
advertising	pl4y 0n 3m3r4ld15l3.0rg
advertising	p l a y  o n  e m e r a l d i s l e . o r g
advertising	pIаy οn еmеrаIdisIе.οrg
advertising	PLAY ON EMERALDISLE.ORG
advertising	PlAy On EmErAlDiSlE.oRg
advertising	plaaay ooon eeemeraldisle.org
advertising	play on emeraldisle-org
advertising	play on emeraldisle;org
advertising	play on emeraldisle~org
advertising	play on emeraldisle.org pla
advertising	play on emrldsl.rg
advertising	ppllayy onn emmerrallddisslle.orrgg
advertising	play.!.on.!.emeraldisle.org
advertising	emeraldisle.org on play
advertising	pl4y 0n 3m3r4ld15l3 0rg
advertising	pI4y 0n 3m3r4Id15I3.0rg
advertising	PlAy On EmErAlDiSlEoRg
advertising	p l 4 y  0 n  3 m 3 r 4 l d 1 5 l 3 . 0 r g
advertising	play on foxcraft.gg
advertising	play on foxcraft,gg
advertising	play on foxcraft_gg
advertising	play on foxcraft'gg
advertising	play on foxcraft*gg
advertising	play on foxcraftgg
advertising	play on foxcraft gg
advertising	play on foxcraft(dot)gg
advertising	pl4y 0n f0xcr4f7.gg
advertising	p l a y  o n  f o x c r a f t . g g
advertising	pIаy οn fοxcrаft.gg
advertising	PLAY ON FOXCRAFT.GG
advertising	PlAy On FoXcRaFt.Gg
advertising	plaaay ooon foooxcraft.gg
advertising	play on foxcraft-gg
advertising	play on foxcraft;gg
advertising	play on foxcraft~gg
advertising	play on foxcraft.gg pla
advertising	play on fxcrft.gg
advertising	ppllayy onn ffoxxccrrafftt.gggg
advertising	play.!.on.!.foxcraft.gg
advertising	foxcraft.gg on play
advertising	pl4y 0n f0xcr4f7 gg
advertising	pI4y 0n f0xcr4f7.gg
advertising	PlAy On FoXcRaFtGg
advertising	p l 4 y  0 n  f 0 x c r 4 f 7 . g g
advertising	play on goldrush.xyz
advertising	play on goldrush,xyz
advertising	play on goldrush_xyz
advertising	play on goldrush'xyz
advertising	play on goldrush*xyz
advertising	play on goldrushxyz
advertising	play on goldrush xyz
advertising	play on goldrush(dot)xyz
advertising	pl4y 0n g0ldru5h.xyz
advertising	p l a y  o n  g o l d r u s h . x y z
advertising	pIаy οn gοIdrush.xyz
advertising	PLAY ON GOLDRUSH.XYZ
advertising	PlAy On GoLdRuSh.XyZ
advertising	plaaay ooon goooldrush.xyz
advertising	play on goldrush-xyz
advertising	play on goldrush;xyz
advertising	play on goldrush~xyz
advertising	play on goldrush.xyz pla
advertising	play on gldrsh.xyz
advertising	ppllayy onn ggollddrrusshh.xxyyzz
advertising	play.!.on.!.goldrush.xyz
advertising	goldrush.xyz on play
advertising	pl4y 0n g0ldru5h xyz
advertising	pI4y 0n g0Idru5h.xyz
advertising	PlAy On GoLdRuShXyZ
advertising	p l 4 y  0 n  g 0 l d r u 5 h . x y z
advertising	play on icecraft.ml
advertising	play on icecraft,ml
advertising	play on icecraft_ml
advertising	play on icecraft'ml
advertising	play on icecraft*ml
advertising	play on icecraftml
advertising	play on icecraft ml
advertising	play on icecraft(dot)ml
advertising	pl4y 0n 1c3cr4f7.ml
advertising	p l a y  o n  i c e c r a f t . m l
advertising	pIаy οn icеcrаft.mI
advertising	PLAY ON ICECRAFT.ML
advertising	PlAy On IcEcRaFt.Ml
advertising	plaaay ooon iiicecraft.ml
advertising	play on icecraft-ml
advertising	play on icecraft;ml
advertising	play on icecraft~ml
advertising	play on icecraft.ml pla
advertising	play on iccrft.ml
advertising	ppllayy onn icceccrrafftt.mmll
advertising	play.!.on.!.icecraft.ml
advertising	icecraft.ml on play
advertising	pl4y 0n 1c3cr4f7 ml
advertising	pI4y 0n 1c3cr4f7.mI
advertising	PlAy On IcEcRaFtMl
advertising	p l 4 y  0 n  1 c 3 c r 4 f 7 . m l
advertising	play on junglecraft.net
advertising	play on junglecraft,net
advertising	play on junglecraft_net
advertising	play on junglecraft'net
advertising	play on junglecraft*net
advertising	play on junglecraftnet
advertising	play on junglecraft net
advertising	play on junglecraft(dot)net
advertising	pl4y 0n jungl3cr4f7.n37
advertising	p l a y  o n  j u n g l e c r a f t . n e t
advertising	pIаy οn jungIеcrаft.nеt
advertising	PLAY ON JUNGLECRAFT.NET
advertising	PlAy On JuNgLeCrAfT.nEt
advertising	plaaay ooon juuunglecraft.net
advertising	play on junglecraft-net
advertising	play on junglecraft;net
advertising	play on junglecraft~net
advertising	play on junglecraft.net pla
advertising	play on jnglcrft.nt
advertising	ppllayy onn jjunngglleccrrafftt.nnett
advertising	play.!.on.!.junglecraft.net
advertising	junglecraft.net on play
advertising	pl4y 0n jungl3cr4f7 n37
advertising	pI4y 0n jungI3cr4f7.n37
advertising	PlAy On JuNgLeCrAfTnEt
advertising	p l 4 y  0 n  j u n g l 3 c r 4 f 7 . n 3 7
advertising	play on kingdoms.gg
advertising	play on kingdoms,gg
advertising	play on kingdoms_gg
advertising	play on kingdoms'gg
advertising	play on kingdoms*gg
advertising	play on kingdomsgg
advertising	play on kingdoms gg
advertising	play on kingdoms(dot)gg
advertising	pl4y 0n k1ngd0m5.gg
advertising	p l a y  o n  k i n g d o m s . g g
advertising	pIаy οn kingdοms.gg
advertising	PLAY ON KINGDOMS.GG
advertising	PlAy On KiNgDoMs.Gg
advertising	plaaay ooon kiiingdoms.gg
advertising	play on kingdoms-gg
advertising	play on kingdoms;gg
advertising	play on kingdoms~gg
advertising	play on kingdoms.gg pla
advertising	play on kngdms.gg
advertising	ppllayy onn kkinnggddommss.gggg
advertising	play.!.on.!.kingdoms.gg
advertising	kingdoms.gg on play
advertising	pl4y 0n k1ngd0m5 gg
advertising	pI4y 0n k1ngd0m5.gg
advertising	PlAy On KiNgDoMsGg
advertising	p l 4 y  0 n  k 1 n g d 0 m 5 . g g
advertising	play on lunarmc.xyz
advertising	play on lunarmc,xyz
advertising	play on lunarmc_xyz
advertising	play on lunarmc'xyz
advertising	play on lunarmc*xyz
advertising	play on lunarmcxyz
advertising	play on lunarmc xyz
advertising	play on lunarmc(dot)xyz
advertising	pl4y 0n lun4rmc.xyz
advertising	p l a y  o n  l u n a r m c . x y z
advertising	pIаy οn Iunаrmc.xyz
advertising	PLAY ON LUNARMC.XYZ
advertising	PlAy On LuNaRmC.xYz
advertising	plaaay ooon luuunarmc.xyz
advertising	play on lunarmc-xyz
advertising	play on lunarmc;xyz
advertising	play on lunarmc~xyz
advertising	play on lunarmc.xyz pla
advertising	play on lnrmc.xyz
advertising	ppllayy onn llunnarrmmcc.xxyyzz
advertising	play.!.on.!.lunarmc.xyz
advertising	lunarmc.xyz on play
advertising	pl4y 0n lun4rmc xyz
advertising	pI4y 0n Iun4rmc.xyz
advertising	PlAy On LuNaRmCxYz
advertising	p l 4 y  0 n  l u n 4 r m c . x y z
advertising	play on nethermc.org
advertising	play on nethermc,org
advertising	play on nethermc_org
advertising	play on nethermc'org
advertising	play on nethermc*org
advertising	play on nethermcorg
advertising	play on nethermc org
advertising	play on nethermc(dot)org
advertising	pl4y 0n n37h3rmc.0rg
advertising	p l a y  o n  n e t h e r m c . o r g
advertising	pIаy οn nеthеrmc.οrg
advertising	PLAY ON NETHERMC.ORG
advertising	PlAy On NeThErMc.OrG
advertising	plaaay ooon neeethermc.org
advertising	play on nethermc-org
advertising	play on nethermc;org
advertising	play on nethermc~org
advertising	play on nethermc.org pla
advertising	play on nthrmc.rg
advertising	ppllayy onn nnetthherrmmcc.orrgg
advertising	play.!.on.!.nethermc.org
advertising	nethermc.org on play
advertising	pl4y 0n n37h3rmc 0rg
advertising	pI4y 0n n37h3rmc.0rg
advertising	PlAy On NeThErMcOrG
advertising	p l 4 y  0 n  n 3 7 h 3 r m c . 0 r g
advertising	best server is examplecraft.net
advertising	best server is examplecraft,net
advertising	best server is examplecraft_net
advertising	best server is examplecraft'net
advertising	best server is examplecraft*net
advertising	best server is examplecraftnet
advertising	best server is examplecraft net
advertising	best server is examplecraft(dot)net
advertising	b357 53rv3r 15 3x4mpl3cr4f7.n37
advertising	b e s t  s e r v e r  i s  e x a m p l e c r a f t . n e t
advertising	bеst sеrvеr is еxаmpIеcrаft.nеt
advertising	BEST SERVER IS EXAMPLECRAFT.NET
advertising	BeSt SeRvEr Is ExAmPlEcRaFt.NeT
advertising	beeest seeerver iiis eeexamplecraft.net
advertising	best server is examplecraft-net
advertising	best server is examplecraft;net
advertising	best server is examplecraft~net
advertising	best server is examplecraft.net bes
advertising	best srvr is exmplcrft.nt
advertising	bbesstt sserrvverr iss exxammpplleccrrafftt.nnett
advertising	best.!.server.!.is.!.examplecraft.net
advertising	examplecraft.net is server best
advertising	b357 53rv3r 15 3x4mpl3cr4f7 n37
advertising	b357 53rv3r 15 3x4mpI3cr4f7.n37
advertising	BeSt SeRvEr Is ExAmPlEcRaFtNeT
advertising	b 3 5 7  5 3 r v 3 r  1 5  3 x 4 m p l 3 c r 4 f 7 . n 3 7
advertising	best server is play.examplecraft.gg
advertising	best server is play,examplecraft,gg
advertising	best server is play_examplecraft_gg
advertising	best server is play'examplecraft'gg
advertising	best server is play*examplecraft*gg
advertising	best server is playexamplecraftgg
advertising	best server is play examplecraft gg
advertising	best server is play(dot)examplecraft(dot)gg
advertising	b357 53rv3r 15 pl4y.3x4mpl3cr4f7.gg
advertising	b e s t  s e r v e r  i s  p l a y . e x a m p l e c r a f t . g g
advertising	bеst sеrvеr is pIаy.еxаmpIеcrаft.gg
advertising	BEST SERVER IS PLAY.EXAMPLECRAFT.GG
advertising	BeSt SeRvEr Is PlAy.ExAmPlEcRaFt.Gg
advertising	beeest seeerver iiis plaaay.examplecraft.gg
advertising	best server is play-examplecraft-gg
advertising	best server is play;examplecraft;gg
advertising	best server is play~examplecraft~gg
advertising	best server is play.examplecraft.gg bes
advertising	best srvr is ply.xmplcrft.gg
advertising	bbesstt sserrvverr iss ppllayy.exxammpplleccrrafftt.gggg
advertising	best.!.server.!.is.!.play.examplecraft.gg
advertising	play.examplecraft.gg is server best
advertising	b357 53rv3r 15 pl4y 3x4mpl3cr4f7 gg
advertising	b357 53rv3r 15 pI4y.3x4mpI3cr4f7.gg
advertising	BeSt SeRvEr Is PlAyExAmPlEcRaFtGg
advertising	b 3 5 7  5 3 r v 3 r  1 5  p l 4 y . 3 x 4 m p l 3 c r 4 f 7 . g g
advertising	best server is mc123.org
advertising	best server is mc123,org
advertising	best server is mc123_org
advertising	best server is mc123'org
advertising	best server is mc123*org
advertising	best server is mc123org
advertising	best server is mc123 org
advertising	best server is mc123(dot)org
advertising	b357 53rv3r 15 mc123.0rg
advertising	b e s t  s e r v e r  i s  m c 1 2 3 . o r g
advertising	bеst sеrvеr is mc123.οrg
advertising	BEST SERVER IS MC123.ORG
advertising	BeSt SeRvEr Is Mc123.OrG
advertising	beeest seeerver iiis mc123.ooorg
advertising	best server is mc123-org
advertising	best server is mc123;org
advertising	best server is mc123~org
advertising	best server is mc123.org bes
advertising	best srvr is mc123.rg
advertising	bbesstt sserrvverr iss mmcc123.orrgg
advertising	best.!.server.!.is.!.mc123.org
advertising	mc123.org is server best
advertising	b357 53rv3r 15 mc123 0rg
advertising	BeSt SeRvEr Is Mc123OrG
advertising	b 3 5 7  5 3 r v 3 r  1 5  m c 1 2 3 . 0 r g
advertising	best server is coolpvp.xyz
advertising	best server is coolpvp,xyz
advertising	best server is coolpvp_xyz
advertising	best server is coolpvp'xyz
advertising	best server is coolpvp*xyz
advertising	best server is coolpvpxyz
advertising	best server is coolpvp xyz
advertising	best server is coolpvp(dot)xyz
advertising	b357 53rv3r 15 c00lpvp.xyz
advertising	b e s t  s e r v e r  i s  c o o l p v p . x y z
advertising	bеst sеrvеr is cοοIpvp.xyz
advertising	BEST SERVER IS COOLPVP.XYZ
advertising	BeSt SeRvEr Is CoOlPvP.xYz
advertising	beeest seeerver iiis coooolpvp.xyz
advertising	best server is coolpvp-xyz
advertising	best server is coolpvp;xyz
advertising	best server is coolpvp~xyz
advertising	best server is coolpvp.xyz bes
advertising	best srvr is clpvp.xyz
advertising	bbesstt sserrvverr iss ccoollppvvpp.xxyyzz
advertising	best.!.server.!.is.!.coolpvp.xyz
advertising	coolpvp.xyz is server best
advertising	b357 53rv3r 15 c00lpvp xyz
advertising	b357 53rv3r 15 c00Ipvp.xyz
advertising	BeSt SeRvEr Is CoOlPvPxYz
advertising	b 3 5 7  5 3 r v 3 r  1 5  c 0 0 l p v p . x y z
advertising	best server is funserver.com
advertising	best server is funserver,com
advertising	best server is funserver_com
advertising	best server is funserver'com
advertising	best server is funserver*com
advertising	best server is funservercom
advertising	best server is funserver com
advertising	best server is funserver(dot)com
advertising	b357 53rv3r 15 fun53rv3r.c0m
advertising	b e s t  s e r v e r  i s  f u n s e r v e r . c o m
advertising	bеst sеrvеr is funsеrvеr.cοm
advertising	BEST SERVER IS FUNSERVER.COM
advertising	BeSt SeRvEr Is FuNsErVeR.cOm
advertising	beeest seeerver iiis fuuunserver.com
advertising	best server is funserver-com
advertising	best server is funserver;com
advertising	best server is funserver~com
advertising	best server is funserver.com bes
advertising	best srvr is fnsrvr.cm
advertising	bbesstt sserrvverr iss ffunnsserrvverr.ccomm
advertising	best.!.server.!.is.!.funserver.com
advertising	funserver.com is server best
advertising	b357 53rv3r 15 fun53rv3r c0m
advertising	BeSt SeRvEr Is FuNsErVeRcOm
advertising	b 3 5 7  5 3 r v 3 r  1 5  f u n 5 3 r v 3 r . c 0 m
advertising	best server is hypixelclone.net
advertising	best server is hypixelclone,net
advertising	best server is hypixelclone_net
advertising	best server is hypixelclone'net
advertising	best server is hypixelclone*net
advertising	best server is hypixelclonenet
advertising	best server is hypixelclone net
advertising	best server is hypixelclone(dot)net
advertising	b357 53rv3r 15 hyp1x3lcl0n3.n37
advertising	b e s t  s e r v e r  i s  h y p i x e l c l o n e . n e t
advertising	bеst sеrvеr is hypixеIcIοnе.nеt
advertising	BEST SERVER IS HYPIXELCLONE.NET
advertising	BeSt SeRvEr Is HyPiXeLcLoNe.NeT
advertising	beeest seeerver iiis hypiiixelclone.net
advertising	best server is hypixelclone-net
advertising	best server is hypixelclone;net
advertising	best server is hypixelclone~net
advertising	best server is hypixelclone.net bes
advertising	best srvr is hypxlcln.nt
advertising	bbesstt sserrvverr iss hhyyppixxellccllonne.nnett
advertising	best.!.server.!.is.!.hypixelclone.net
advertising	hypixelclone.net is server best
advertising	b357 53rv3r 15 hyp1x3lcl0n3 n37
advertising	b357 53rv3r 15 hyp1x3IcI0n3.n37
advertising	BeSt SeRvEr Is HyPiXeLcLoNeNeT
advertising	b 3 5 7  5 3 r v 3 r  1 5  h y p 1 x 3 l c l 0 n 3 . n 3 7
advertising	best server is pvpzone.gg
advertising	best server is pvpzone,gg
advertising	best server is pvpzone_gg
advertising	best server is pvpzone'gg
advertising	best server is pvpzone*gg
advertising	best server is pvpzonegg
advertising	best server is pvpzone gg
advertising	best server is pvpzone(dot)gg
advertising	b357 53rv3r 15 pvpz0n3.gg
advertising	b e s t  s e r v e r  i s  p v p z o n e . g g
advertising	bеst sеrvеr is pvpzοnе.gg
advertising	BEST SERVER IS PVPZONE.GG
advertising	BeSt SeRvEr Is PvPzOnE.gG
advertising	beeest seeerver iiis pvpzooone.gg
advertising	best server is pvpzone-gg
advertising	best server is pvpzone;gg
advertising	best server is pvpzone~gg
advertising	best server is pvpzone.gg bes
advertising	best srvr is pvpzn.gg
advertising	bbesstt sserrvverr iss ppvvppzzonne.gggg
advertising	best.!.server.!.is.!.pvpzone.gg
advertising	pvpzone.gg is server best
advertising	b357 53rv3r 15 pvpz0n3 gg
advertising	BeSt SeRvEr Is PvPzOnEgG
advertising	b 3 5 7  5 3 r v 3 r  1 5  p v p z 0 n 3 . g g
advertising	best server is survivalcraft.org
advertising	best server is survivalcraft,org
advertising	best server is survivalcraft_org
advertising	best server is survivalcraft'org
advertising	best server is survivalcraft*org
advertising	best server is survivalcraftorg
advertising	best server is survivalcraft org
advertising	best server is survivalcraft(dot)org
advertising	b357 53rv3r 15 5urv1v4lcr4f7.0rg
advertising	b e s t  s e r v e r  i s  s u r v i v a l c r a f t . o r g
advertising	bеst sеrvеr is survivаIcrаft.οrg
advertising	BEST SERVER IS SURVIVALCRAFT.ORG
advertising	BeSt SeRvEr Is SuRvIvAlCrAfT.oRg
advertising	beeest seeerver iiis suuurvivalcraft.org
advertising	best server is survivalcraft-org
advertising	best server is survivalcraft;org
advertising	best server is survivalcraft~org
advertising	best server is survivalcraft.org bes
advertising	best srvr is srvvlcrft.rg
advertising	bbesstt sserrvverr iss ssurrvvivvallccrrafftt.orrgg
advertising	best.!.server.!.is.!.survivalcraft.org
advertising	survivalcraft.org is server best
advertising	b357 53rv3r 15 5urv1v4lcr4f7 0rg
advertising	b357 53rv3r 15 5urv1v4Icr4f7.0rg
advertising	BeSt SeRvEr Is SuRvIvAlCrAfToRg
advertising	b 3 5 7  5 3 r v 3 r  1 5  5 u r v 1 v 4 l c r 4 f 7 . 0 r g
advertising	best server is minescape.xyz
advertising	best server is minescape,xyz
advertising	best server is minescape_xyz
advertising	best server is minescape'xyz
advertising	best server is minescape*xyz
advertising	best server is minescapexyz
advertising	best server is minescape xyz
advertising	best server is minescape(dot)xyz
advertising	b357 53rv3r 15 m1n35c4p3.xyz
advertising	b e s t  s e r v e r  i s  m i n e s c a p e . x y z
advertising	bеst sеrvеr is minеscаpе.xyz
advertising	BEST SERVER IS MINESCAPE.XYZ
advertising	BeSt SeRvEr Is MiNeScApE.xYz
advertising	beeest seeerver iiis miiinescape.xyz
advertising	best server is minescape-xyz
advertising	best server is minescape;xyz
advertising	best server is minescape~xyz
advertising	best server is minescape.xyz bes
advertising	best srvr is mnscp.xyz
advertising	bbesstt sserrvverr iss mminnessccappe.xxyyzz
advertising	best.!.server.!.is.!.minescape.xyz
advertising	minescape.xyz is server best
advertising	b357 53rv3r 15 m1n35c4p3 xyz
advertising	BeSt SeRvEr Is MiNeScApExYz
advertising	b 3 5 7  5 3 r v 3 r  1 5  m 1 n 3 5 c 4 p 3 . x y z
advertising	best server is craftkingdom.net
advertising	best server is craftkingdom,net
advertising	best server is craftkingdom_net
advertising	best server is craftkingdom'net
advertising	best server is craftkingdom*net
advertising	best server is craftkingdomnet
advertising	best server is craftkingdom net
advertising	best server is craftkingdom(dot)net
advertising	b357 53rv3r 15 cr4f7k1ngd0m.n37
advertising	b e s t  s e r v e r  i s  c r a f t k i n g d o m . n e t
advertising	bеst sеrvеr is crаftkingdοm.nеt
advertising	BEST SERVER IS CRAFTKINGDOM.NET
advertising	BeSt SeRvEr Is CrAfTkInGdOm.NeT
advertising	beeest seeerver iiis craaaftkingdom.net
advertising	best server is craftkingdom-net
advertising	best server is craftkingdom;net
advertising	best server is craftkingdom~net
advertising	best server is craftkingdom.net bes
advertising	best srvr is crftkngdm.nt
advertising	bbesstt sserrvverr iss ccrraffttkkinnggddomm.nnett
advertising	best.!.server.!.is.!.craftkingdom.net
advertising	craftkingdom.net is server best
advertising	b357 53rv3r 15 cr4f7k1ngd0m n37
advertising	BeSt SeRvEr Is CrAfTkInGdOmNeT
advertising	b 3 5 7  5 3 r v 3 r  1 5  c r 4 f 7 k 1 n g d 0 m . n 3 7
advertising	best server is skypvp.gg
advertising	best server is skypvp,gg
advertising	best server is skypvp_gg
advertising	best server is skypvp'gg
advertising	best server is skypvp*gg
advertising	best server is skypvpgg
advertising	best server is skypvp gg
advertising	best server is skypvp(dot)gg
advertising	b357 53rv3r 15 5kypvp.gg
advertising	b e s t  s e r v e r  i s  s k y p v p . g g
advertising	bеst sеrvеr is skypvp.gg
advertising	BEST SERVER IS SKYPVP.GG
advertising	BeSt SeRvEr Is SkYpVp.Gg
advertising	beeest seeerver iiis skypvp.gg
advertising	best server is skypvp-gg
advertising	best server is skypvp;gg
advertising	best server is skypvp~gg
advertising	best server is skypvp.gg bes
advertising	best srvr is skypvp.gg
advertising	bbesstt sserrvverr iss sskkyyppvvpp.gggg
advertising	best.!.server.!.is.!.skypvp.gg
advertising	skypvp.gg is server best
advertising	b357 53rv3r 15 5kypvp gg
advertising	BeSt SeRvEr Is SkYpVpGg
advertising	b 3 5 7  5 3 r v 3 r  1 5  5 k y p v p . g g
advertising	best server is bedwars.pro
advertising	best server is bedwars,pro
advertising	best server is bedwars_pro
advertising	best server is bedwars'pro
advertising	best server is bedwars*pro
advertising	best server is bedwarspro
advertising	best server is bedwars pro
advertising	best server is bedwars(dot)pro
advertising	b357 53rv3r 15 b3dw4r5.pr0
advertising	b e s t  s e r v e r  i s  b e d w a r s . p r o
advertising	bеst sеrvеr is bеdwаrs.prο
advertising	BEST SERVER IS BEDWARS.PRO
advertising	BeSt SeRvEr Is BeDwArS.pRo
advertising	beeest seeerver iiis beeedwars.pro
advertising	best server is bedwars-pro
advertising	best server is bedwars;pro
advertising	best server is bedwars~pro
advertising	best server is bedwars.pro bes
advertising	best srvr is bdwrs.pro
advertising	bbesstt sserrvverr iss bbeddwwarrss.pprro
advertising	best.!.server.!.is.!.bedwars.pro
advertising	bedwars.pro is server best
advertising	b357 53rv3r 15 b3dw4r5 pr0
advertising	BeSt SeRvEr Is BeDwArSpRo
advertising	b 3 5 7  5 3 r v 3 r  1 5  b 3 d w 4 r 5 . p r 0
advertising	best server is anarchy.ml
advertising	best server is anarchy,ml
advertising	best server is anarchy_ml
advertising	best server is anarchy'ml
advertising	best server is anarchy*ml
advertising	best server is anarchyml
advertising	best server is anarchy ml
advertising	best server is anarchy(dot)ml
advertising	b357 53rv3r 15 4n4rchy.ml
advertising	b e s t  s e r v e r  i s  a n a r c h y . m l
advertising	bеst sеrvеr is аnаrchy.mI
advertising	BEST SERVER IS ANARCHY.ML
advertising	BeSt SeRvEr Is AnArChY.mL
advertising	beeest seeerver iiis aaanarchy.ml
advertising	best server is anarchy-ml
advertising	best server is anarchy;ml
advertising	best server is anarchy~ml
advertising	best server is anarchy.ml bes
advertising	best srvr is anrchy.ml
advertising	bbesstt sserrvverr iss annarrcchhyy.mmll
advertising	best.!.server.!.is.!.anarchy.ml
advertising	anarchy.ml is server best
advertising	b357 53rv3r 15 4n4rchy ml
advertising	b357 53rv3r 15 4n4rchy.mI
advertising	BeSt SeRvEr Is AnArChYmL
advertising	b 3 5 7  5 3 r v 3 r  1 5  4 n 4 r c h y . m l
advertising	best server is smp.tk
advertising	best server is smp,tk
advertising	best server is smp_tk
advertising	best server is smp'tk
advertising	best server is smp*tk
advertising	best server is smptk
advertising	best server is smp tk
advertising	best server is smp(dot)tk
advertising	b357 53rv3r 15 5mp.7k
advertising	b e s t  s e r v e r  i s  s m p . t k
advertising	bеst sеrvеr is smp.tk
advertising	BEST SERVER IS SMP.TK
advertising	BeSt SeRvEr Is SmP.tK
advertising	beeest seeerver iiis smp.tk
advertising	best server is smp-tk
advertising	best server is smp;tk
advertising	best server is smp~tk
advertising	best server is smp.tk bes
advertising	best srvr is smp.tk
advertising	bbesstt sserrvverr iss ssmmpp.ttkk
advertising	best.!.server.!.is.!.smp.tk
advertising	smp.tk is server best
advertising	b357 53rv3r 15 5mp 7k
advertising	BeSt SeRvEr Is SmPtK
advertising	b 3 5 7  5 3 r v 3 r  1 5  5 m p . 7 k
advertising	best server is creativecraft.com
advertising	best server is creativecraft,com
advertising	best server is creativecraft_com
advertising	best server is creativecraft'com
advertising	best server is creativecraft*com
advertising	best server is creativecraftcom
advertising	best server is creativecraft com
advertising	best server is creativecraft(dot)com
advertising	b357 53rv3r 15 cr3471v3cr4f7.c0m
advertising	b e s t  s e r v e r  i s  c r e a t i v e c r a f t . c o m
advertising	bеst sеrvеr is crеаtivеcrаft.cοm
advertising	BEST SERVER IS CREATIVECRAFT.COM
advertising	BeSt SeRvEr Is CrEaTiVeCrAfT.cOm
advertising	beeest seeerver iiis creeeativecraft.com
advertising	best server is creativecraft-com
advertising	best server is creativecraft;com
advertising	best server is creativecraft~com
advertising	best server is creativecraft.com bes
advertising	best srvr is crtvcrft.cm
advertising	bbesstt sserrvverr iss ccrreattivveccrrafftt.ccomm
advertising	best.!.server.!.is.!.creativecraft.com
advertising	creativecraft.com is server best
advertising	b357 53rv3r 15 cr3471v3cr4f7 c0m
advertising	BeSt SeRvEr Is CrEaTiVeCrAfTcOm
advertising	b 3 5 7  5 3 r v 3 r  1 5  c r 3 4 7 1 v 3 c r 4 f 7 . c 0 m
advertising	best server is dragonmc.net
advertising	best server is dragonmc,net
advertising	best server is dragonmc_net
advertising	best server is dragonmc'net
advertising	best server is dragonmc*net
advertising	best server is dragonmcnet
advertising	best server is dragonmc net
advertising	best server is dragonmc(dot)net
advertising	b357 53rv3r 15 dr4g0nmc.n37
advertising	b e s t  s e r v e r  i s  d r a g o n m c . n e t
advertising	bеst sеrvеr is drаgοnmc.nеt
advertising	BEST SERVER IS DRAGONMC.NET
advertising	BeSt SeRvEr Is DrAgOnMc.NeT
advertising	beeest seeerver iiis draaagonmc.net
advertising	best server is dragonmc-net
advertising	best server is dragonmc;net
advertising	best server is dragonmc~net
advertising	best server is dragonmc.net bes
advertising	best srvr is drgnmc.nt
advertising	bbesstt sserrvverr iss ddrraggonnmmcc.nnett
advertising	best.!.server.!.is.!.dragonmc.net
advertising	dragonmc.net is server best
advertising	b357 53rv3r 15 dr4g0nmc n37
advertising	BeSt SeRvEr Is DrAgOnMcNeT
advertising	b 3 5 7  5 3 r v 3 r  1 5  d r 4 g 0 n m c . n 3 7
advertising	best server is emeraldisle.org
advertising	best server is emeraldisle,org
advertising	best server is emeraldisle_org
advertising	best server is emeraldisle'org
advertising	best server is emeraldisle*org
advertising	best server is emeraldisleorg
advertising	best server is emeraldisle org
advertising	best server is emeraldisle(dot)org
advertising	b357 53rv3r 15 3m3r4ld15l3.0rg
advertising	b e s t  s e r v e r  i s  e m e r a l d i s l e . o r g
advertising	bеst sеrvеr is еmеrаIdisIе.οrg
advertising	BEST SERVER IS EMERALDISLE.ORG
advertising	BeSt SeRvEr Is EmErAlDiSlE.oRg
advertising	beeest seeerver iiis eeemeraldisle.org
advertising	best server is emeraldisle-org
advertising	best server is emeraldisle;org
advertising	best server is emeraldisle~org
advertising	best server is emeraldisle.org bes
advertising	best srvr is emrldsl.rg
advertising	bbesstt sserrvverr iss emmerrallddisslle.orrgg
advertising	best.!.server.!.is.!.emeraldisle.org
advertising	emeraldisle.org is server best
advertising	b357 53rv3r 15 3m3r4ld15l3 0rg
advertising	b357 53rv3r 15 3m3r4Id15I3.0rg
advertising	BeSt SeRvEr Is EmErAlDiSlEoRg
advertising	b 3 5 7  5 3 r v 3 r  1 5  3 m 3 r 4 l d 1 5 l 3 . 0 r g
advertising	best server is foxcraft.gg
advertising	best server is foxcraft,gg
advertising	best server is foxcraft_gg
advertising	best server is foxcraft'gg
advertising	best server is foxcraft*gg
advertising	best server is foxcraftgg
advertising	best server is foxcraft gg
advertising	best server is foxcraft(dot)gg
advertising	b357 53rv3r 15 f0xcr4f7.gg
advertising	b e s t  s e r v e r  i s  f o x c r a f t . g g
advertising	bеst sеrvеr is fοxcrаft.gg
advertising	BEST SERVER IS FOXCRAFT.GG
advertising	BeSt SeRvEr Is FoXcRaFt.Gg
advertising	beeest seeerver iiis foooxcraft.gg
advertising	best server is foxcraft-gg
advertising	best server is foxcraft;gg
advertising	best server is foxcraft~gg
advertising	best server is foxcraft.gg bes
advertising	best srvr is fxcrft.gg
advertising	bbesstt sserrvverr iss ffoxxccrrafftt.gggg
advertising	best.!.server.!.is.!.foxcraft.gg
advertising	foxcraft.gg is server best
advertising	b357 53rv3r 15 f0xcr4f7 gg
advertising	BeSt SeRvEr Is FoXcRaFtGg
advertising	b 3 5 7  5 3 r v 3 r  1 5  f 0 x c r 4 f 7 . g g
advertising	best server is goldrush.xyz
advertising	best server is goldrush,xyz
advertising	best server is goldrush_xyz
advertising	best server is goldrush'xyz
advertising	best server is goldrush*xyz
advertising	best server is goldrushxyz
advertising	best server is goldrush xyz
advertising	best server is goldrush(dot)xyz
advertising	b357 53rv3r 15 g0ldru5h.xyz
advertising	b e s t  s e r v e r  i s  g o l d r u s h . x y z
advertising	bеst sеrvеr is gοIdrush.xyz
advertising	BEST SERVER IS GOLDRUSH.XYZ
advertising	BeSt SeRvEr Is GoLdRuSh.XyZ
advertising	beeest seeerver iiis goooldrush.xyz
advertising	best server is goldrush-xyz
advertising	best server is goldrush;xyz
advertising	best server is goldrush~xyz
advertising	best server is goldrush.xyz bes
advertising	best srvr is gldrsh.xyz
advertising	bbesstt sserrvverr iss ggollddrrusshh.xxyyzz
advertising	best.!.server.!.is.!.goldrush.xyz
advertising	goldrush.xyz is server best
advertising	b357 53rv3r 15 g0ldru5h xyz
advertising	b357 53rv3r 15 g0Idru5h.xyz
advertising	BeSt SeRvEr Is GoLdRuShXyZ
advertising	b 3 5 7  5 3 r v 3 r  1 5  g 0 l d r u 5 h . x y z
advertising	best server is icecraft.ml
advertising	best server is icecraft,ml
advertising	best server is icecraft_ml
advertising	best server is icecraft'ml
advertising	best server is icecraft*ml
advertising	best server is icecraftml
advertising	best server is icecraft ml
advertising	best server is icecraft(dot)ml
advertising	b357 53rv3r 15 1c3cr4f7.ml
advertising	b e s t  s e r v e r  i s  i c e c r a f t . m l
advertising	bеst sеrvеr is icеcrаft.mI
advertising	BEST SERVER IS ICECRAFT.ML
advertising	BeSt SeRvEr Is IcEcRaFt.Ml
advertising	beeest seeerver iiis iiicecraft.ml
advertising	best server is icecraft-ml
advertising	best server is icecraft;ml
advertising	best server is icecraft~ml
advertising	best server is icecraft.ml bes
advertising	best srvr is iccrft.ml
advertising	bbesstt sserrvverr iss icceccrrafftt.mmll
advertising	best.!.server.!.is.!.icecraft.ml
advertising	icecraft.ml is server best
advertising	b357 53rv3r 15 1c3cr4f7 ml
advertising	b357 53rv3r 15 1c3cr4f7.mI
advertising	BeSt SeRvEr Is IcEcRaFtMl
advertising	b 3 5 7  5 3 r v 3 r  1 5  1 c 3 c r 4 f 7 . m l
advertising	best server is junglecraft.net
advertising	best server is junglecraft,net
advertising	best server is junglecraft_net
advertising	best server is junglecraft'net
advertising	best server is junglecraft*net
advertising	best server is junglecraftnet
advertising	best server is junglecraft net
advertising	best server is junglecraft(dot)net
advertising	b357 53rv3r 15 jungl3cr4f7.n37
advertising	b e s t  s e r v e r  i s  j u n g l e c r a f t . n e t
advertising	bеst sеrvеr is jungIеcrаft.nеt
advertising	BEST SERVER IS JUNGLECRAFT.NET
advertising	BeSt SeRvEr Is JuNgLeCrAfT.nEt
advertising	beeest seeerver iiis juuunglecraft.net
advertising	best server is junglecraft-net
advertising	best server is junglecraft;net
advertising	best server is junglecraft~net
advertising	best server is junglecraft.net bes
advertising	best srvr is jnglcrft.nt
advertising	bbesstt sserrvverr iss jjunngglleccrrafftt.nnett
advertising	best.!.server.!.is.!.junglecraft.net
advertising	junglecraft.net is server best
advertising	b357 53rv3r 15 jungl3cr4f7 n37
advertising	b357 53rv3r 15 jungI3cr4f7.n37
advertising	BeSt SeRvEr Is JuNgLeCrAfTnEt
advertising	b 3 5 7  5 3 r v 3 r  1 5  j u n g l 3 c r 4 f 7 . n 3 7
advertising	best server is kingdoms.gg
advertising	best server is kingdoms,gg
advertising	best server is kingdoms_gg
advertising	best server is kingdoms'gg
advertising	best server is kingdoms*gg
advertising	best server is kingdomsgg
advertising	best server is kingdoms gg
advertising	best server is kingdoms(dot)gg
advertising	b357 53rv3r 15 k1ngd0m5.gg
advertising	b e s t  s e r v e r  i s  k i n g d o m s . g g
advertising	bеst sеrvеr is kingdοms.gg
advertising	BEST SERVER IS KINGDOMS.GG
advertising	BeSt SeRvEr Is KiNgDoMs.Gg
advertising	beeest seeerver iiis kiiingdoms.gg
advertising	best server is kingdoms-gg
advertising	best server is kingdoms;gg
advertising	best server is kingdoms~gg
advertising	best server is kingdoms.gg bes
advertising	best srvr is kngdms.gg
advertising	bbesstt sserrvverr iss kkinnggddommss.gggg
advertising	best.!.server.!.is.!.kingdoms.gg
advertising	kingdoms.gg is server best
advertising	b357 53rv3r 15 k1ngd0m5 gg
advertising	BeSt SeRvEr Is KiNgDoMsGg
advertising	b 3 5 7  5 3 r v 3 r  1 5  k 1 n g d 0 m 5 . g g
advertising	best server is lunarmc.xyz
advertising	best server is lunarmc,xyz
advertising	best server is lunarmc_xyz
advertising	best server is lunarmc'xyz
advertising	best server is lunarmc*xyz
advertising	best server is lunarmcxyz
advertising	best server is lunarmc xyz
advertising	best server is lunarmc(dot)xyz
advertising	b357 53rv3r 15 lun4rmc.xyz
advertising	b e s t  s e r v e r  i s  l u n a r m c . x y z
advertising	bеst sеrvеr is Iunаrmc.xyz
advertising	BEST SERVER IS LUNARMC.XYZ
advertising	BeSt SeRvEr Is LuNaRmC.xYz
advertising	beeest seeerver iiis luuunarmc.xyz
advertising	best server is lunarmc-xyz
advertising	best server is lunarmc;xyz
advertising	best server is lunarmc~xyz
advertising	best server is lunarmc.xyz bes
advertising	best srvr is lnrmc.xyz
advertising	bbesstt sserrvverr iss llunnarrmmcc.xxyyzz
advertising	best.!.server.!.is.!.lunarmc.xyz
advertising	lunarmc.xyz is server best
advertising	b357 53rv3r 15 lun4rmc xyz
advertising	b357 53rv3r 15 Iun4rmc.xyz
advertising	BeSt SeRvEr Is LuNaRmCxYz
advertising	b 3 5 7  5 3 r v 3 r  1 5  l u n 4 r m c . x y z
advertising	best server is nethermc.org
advertising	best server is nethermc,org
advertising	best server is nethermc_org
advertising	best server is nethermc'org
advertising	best server is nethermc*org
advertising	best server is nethermcorg
advertising	best server is nethermc org
advertising	best server is nethermc(dot)org
advertising	b357 53rv3r 15 n37h3rmc.0rg
advertising	b e s t  s e r v e r  i s  n e t h e r m c . o r g
advertising	bеst sеrvеr is nеthеrmc.οrg
advertising	BEST SERVER IS NETHERMC.ORG
advertising	BeSt SeRvEr Is NeThErMc.OrG
advertising	beeest seeerver iiis neeethermc.org
advertising	best server is nethermc-org
advertising	best server is nethermc;org
advertising	best server is nethermc~org
advertising	best server is nethermc.org bes
advertising	best srvr is nthrmc.rg
advertising	bbesstt sserrvverr iss nnetthherrmmcc.orrgg
advertising	best.!.server.!.is.!.nethermc.org
advertising	nethermc.org is server best
advertising	b357 53rv3r 15 n37h3rmc 0rg
advertising	BeSt SeRvEr Is NeThErMcOrG
advertising	b 3 5 7  5 3 r v 3 r  1 5  n 3 7 h 3 r m c . 0 r g
advertising	free ranks at examplecraft.net
advertising	free ranks at examplecraft,net
advertising	free ranks at examplecraft_net
advertising	free ranks at examplecraft'net
advertising	free ranks at examplecraft*net
advertising	free ranks at examplecraftnet
advertising	free ranks at examplecraft net
advertising	free ranks at examplecraft(dot)net
advertising	fr33 r4nk5 47 3x4mpl3cr4f7.n37
advertising	f r e e  r a n k s  a t  e x a m p l e c r a f t . n e t
advertising	frее rаnks аt еxаmpIеcrаft.nеt
advertising	FREE RANKS AT EXAMPLECRAFT.NET
advertising	FrEe RaNkS aT eXaMpLeCrAfT.nEt
advertising	freeee raaanks aaat eeexamplecraft.net
advertising	free ranks at examplecraft-net
advertising	free ranks at examplecraft;net
advertising	free ranks at examplecraft~net
advertising	free ranks at examplecraft.net fre
advertising	free rnks at exmplcrft.nt
advertising	ffrree rrannkkss att exxammpplleccrrafftt.nnett
advertising	free.!.ranks.!.at.!.examplecraft.net
advertising	examplecraft.net at ranks free
advertising	fr33 r4nk5 47 3x4mpl3cr4f7 n37
advertising	fr33 r4nk5 47 3x4mpI3cr4f7.n37
advertising	FrEe RaNkS aT eXaMpLeCrAfTnEt
advertising	f r 3 3  r 4 n k 5  4 7  3 x 4 m p l 3 c r 4 f 7 . n 3 7
advertising	free ranks at play.examplecraft.gg
advertising	free ranks at play,examplecraft,gg
advertising	free ranks at play_examplecraft_gg
advertising	free ranks at play'examplecraft'gg
advertising	free ranks at play*examplecraft*gg
advertising	free ranks at playexamplecraftgg
advertising	free ranks at play examplecraft gg
advertising	free ranks at play(dot)examplecraft(dot)gg
advertising	fr33 r4nk5 47 pl4y.3x4mpl3cr4f7.gg
advertising	f r e e  r a n k s  a t  p l a y . e x a m p l e c r a f t . g g
advertising	frее rаnks аt pIаy.еxаmpIеcrаft.gg
advertising	FREE RANKS AT PLAY.EXAMPLECRAFT.GG
advertising	FrEe RaNkS aT pLaY.eXaMpLeCrAfT.gG
advertising	freeee raaanks aaat plaaay.examplecraft.gg
advertising	free ranks at play-examplecraft-gg
advertising	free ranks at play;examplecraft;gg
advertising	free ranks at play~examplecraft~gg
advertising	free ranks at play.examplecraft.gg fre
advertising	free rnks at ply.xmplcrft.gg
advertising	ffrree rrannkkss att ppllayy.exxammpplleccrrafftt.gggg
advertising	free.!.ranks.!.at.!.play.examplecraft.gg
advertising	play.examplecraft.gg at ranks free
advertising	fr33 r4nk5 47 pl4y 3x4mpl3cr4f7 gg
advertising	fr33 r4nk5 47 pI4y.3x4mpI3cr4f7.gg
advertising	FrEe RaNkS aT pLaYeXaMpLeCrAfTgG
advertising	f r 3 3  r 4 n k 5  4 7  p l 4 y . 3 x 4 m p l 3 c r 4 f 7 . g g
advertising	free ranks at mc123.org
advertising	free ranks at mc123,org
advertising	free ranks at mc123_org
advertising	free ranks at mc123'org
advertising	free ranks at mc123*org
advertising	free ranks at mc123org
advertising	free ranks at mc123 org
advertising	free ranks at mc123(dot)org
advertising	fr33 r4nk5 47 mc123.0rg
advertising	f r e e  r a n k s  a t  m c 1 2 3 . o r g
advertising	frее rаnks аt mc123.οrg
advertising	FREE RANKS AT MC123.ORG
advertising	FrEe RaNkS aT mC123.oRg
advertising	freeee raaanks aaat mc123.ooorg
advertising	free ranks at mc123-org
advertising	free ranks at mc123;org
advertising	free ranks at mc123~org
advertising	free ranks at mc123.org fre
advertising	free rnks at mc123.rg
advertising	ffrree rrannkkss att mmcc123.orrgg
advertising	free.!.ranks.!.at.!.mc123.org
advertising	mc123.org at ranks free
advertising	fr33 r4nk5 47 mc123 0rg
advertising	FrEe RaNkS aT mC123oRg
advertising	f r 3 3  r 4 n k 5  4 7  m c 1 2 3 . 0 r g
advertising	free ranks at coolpvp.xyz
advertising	free ranks at coolpvp,xyz
advertising	free ranks at coolpvp_xyz
advertising	free ranks at coolpvp'xyz
advertising	free ranks at coolpvp*xyz
advertising	free ranks at coolpvpxyz
advertising	free ranks at coolpvp xyz
advertising	free ranks at coolpvp(dot)xyz
advertising	fr33 r4nk5 47 c00lpvp.xyz
advertising	f r e e  r a n k s  a t  c o o l p v p . x y z
advertising	frее rаnks аt cοοIpvp.xyz
advertising	FREE RANKS AT COOLPVP.XYZ
advertising	FrEe RaNkS aT cOoLpVp.XyZ
advertising	freeee raaanks aaat coooolpvp.xyz
advertising	free ranks at coolpvp-xyz
advertising	free ranks at coolpvp;xyz
advertising	free ranks at coolpvp~xyz
advertising	free ranks at coolpvp.xyz fre
advertising	free rnks at clpvp.xyz
advertising	ffrree rrannkkss att ccoollppvvpp.xxyyzz
advertising	free.!.ranks.!.at.!.coolpvp.xyz
advertising	coolpvp.xyz at ranks free
advertising	fr33 r4nk5 47 c00lpvp xyz
advertising	fr33 r4nk5 47 c00Ipvp.xyz
advertising	FrEe RaNkS aT cOoLpVpXyZ
advertising	f r 3 3  r 4 n k 5  4 7  c 0 0 l p v p . x y z
advertising	free ranks at funserver.com
advertising	free ranks at funserver,com
advertising	free ranks at funserver_com
advertising	free ranks at funserver'com
advertising	free ranks at funserver*com
advertising	free ranks at funservercom
advertising	free ranks at funserver com
advertising	free ranks at funserver(dot)com
advertising	fr33 r4nk5 47 fun53rv3r.c0m
advertising	f r e e  r a n k s  a t  f u n s e r v e r . c o m
advertising	frее rаnks аt funsеrvеr.cοm
advertising	FREE RANKS AT FUNSERVER.COM
advertising	FrEe RaNkS aT fUnSeRvEr.CoM
advertising	freeee raaanks aaat fuuunserver.com
advertising	free ranks at funserver-com
advertising	free ranks at funserver;com
advertising	free ranks at funserver~com
advertising	free ranks at funserver.com fre
advertising	free rnks at fnsrvr.cm
advertising	ffrree rrannkkss att ffunnsserrvverr.ccomm
advertising	free.!.ranks.!.at.!.funserver.com
advertising	funserver.com at ranks free
advertising	fr33 r4nk5 47 fun53rv3r c0m
advertising	FrEe RaNkS aT fUnSeRvErCoM
advertising	f r 3 3  r 4 n k 5  4 7  f u n 5 3 r v 3 r . c 0 m
advertising	free ranks at hypixelclone.net
advertising	free ranks at hypixelclone,net
advertising	free ranks at hypixelclone_net
advertising	free ranks at hypixelclone'net
advertising	free ranks at hypixelclone*net
advertising	free ranks at hypixelclonenet
advertising	free ranks at hypixelclone net
advertising	free ranks at hypixelclone(dot)net
advertising	fr33 r4nk5 47 hyp1x3lcl0n3.n37
advertising	f r e e  r a n k s  a t  h y p i x e l c l o n e . n e t
advertising	frее rаnks аt hypixеIcIοnе.nеt
advertising	FREE RANKS AT HYPIXELCLONE.NET
advertising	FrEe RaNkS aT hYpIxElClOnE.nEt
advertising	freeee raaanks aaat hypiiixelclone.net
advertising	free ranks at hypixelclone-net
advertising	free ranks at hypixelclone;net
advertising	free ranks at hypixelclone~net
advertising	free ranks at hypixelclone.net fre
advertising	free rnks at hypxlcln.nt
advertising	ffrree rrannkkss att hhyyppixxellccllonne.nnett
advertising	free.!.ranks.!.at.!.hypixelclone.net
advertising	hypixelclone.net at ranks free
advertising	fr33 r4nk5 47 hyp1x3lcl0n3 n37
advertising	fr33 r4nk5 47 hyp1x3IcI0n3.n37
advertising	FrEe RaNkS aT hYpIxElClOnEnEt
advertising	f r 3 3  r 4 n k 5  4 7  h y p 1 x 3 l c l 0 n 3 . n 3 7
advertising	free ranks at pvpzone.gg
advertising	free ranks at pvpzone,gg
advertising	free ranks at pvpzone_gg
advertising	free ranks at pvpzone'gg
advertising	free ranks at pvpzone*gg
advertising	free ranks at pvpzonegg
advertising	free ranks at pvpzone gg
advertising	free ranks at pvpzone(dot)gg
advertising	fr33 r4nk5 47 pvpz0n3.gg
advertising	f r e e  r a n k s  a t  p v p z o n e . g g
advertising	frее rаnks аt pvpzοnе.gg
advertising	FREE RANKS AT PVPZONE.GG
advertising	FrEe RaNkS aT pVpZoNe.Gg
advertising	freeee raaanks aaat pvpzooone.gg
advertising	free ranks at pvpzone-gg
advertising	free ranks at pvpzone;gg
advertising	free ranks at pvpzone~gg
advertising	free ranks at pvpzone.gg fre
advertising	free rnks at pvpzn.gg
advertising	ffrree rrannkkss att ppvvppzzonne.gggg
advertising	free.!.ranks.!.at.!.pvpzone.gg
advertising	pvpzone.gg at ranks free
advertising	fr33 r4nk5 47 pvpz0n3 gg
advertising	FrEe RaNkS aT pVpZoNeGg
advertising	f r 3 3  r 4 n k 5  4 7  p v p z 0 n 3 . g g
advertising	free ranks at survivalcraft.org
advertising	free ranks at survivalcraft,org
advertising	free ranks at survivalcraft_org
advertising	free ranks at survivalcraft'org
advertising	free ranks at survivalcraft*org
advertising	free ranks at survivalcraftorg
advertising	free ranks at survivalcraft org
advertising	free ranks at survivalcraft(dot)org
advertising	fr33 r4nk5 47 5urv1v4lcr4f7.0rg
advertising	f r e e  r a n k s  a t  s u r v i v a l c r a f t . o r g
advertising	frее rаnks аt survivаIcrаft.οrg
advertising	FREE RANKS AT SURVIVALCRAFT.ORG
advertising	FrEe RaNkS aT sUrViVaLcRaFt.OrG
advertising	freeee raaanks aaat suuurvivalcraft.org
advertising	free ranks at survivalcraft-org
advertising	free ranks at survivalcraft;org
advertising	free ranks at survivalcraft~org
advertising	free ranks at survivalcraft.org fre
advertising	free rnks at srvvlcrft.rg
advertising	ffrree rrannkkss att ssurrvvivvallccrrafftt.orrgg
advertising	free.!.ranks.!.at.!.survivalcraft.org
advertising	survivalcraft.org at ranks free
advertising	fr33 r4nk5 47 5urv1v4lcr4f7 0rg
advertising	fr33 r4nk5 47 5urv1v4Icr4f7.0rg
advertising	FrEe RaNkS aT sUrViVaLcRaFtOrG
advertising	f r 3 3  r 4 n k 5  4 7  5 u r v 1 v 4 l c r 4 f 7 . 0 r g
advertising	free ranks at minescape.xyz
advertising	free ranks at minescape,xyz
advertising	free ranks at minescape_xyz
advertising	free ranks at minescape'xyz
advertising	free ranks at minescape*xyz
advertising	free ranks at minescapexyz
advertising	free ranks at minescape xyz
advertising	free ranks at minescape(dot)xyz
advertising	fr33 r4nk5 47 m1n35c4p3.xyz
advertising	f r e e  r a n k s  a t  m i n e s c a p e . x y z
advertising	frее rаnks аt minеscаpе.xyz
advertising	FREE RANKS AT MINESCAPE.XYZ
advertising	FrEe RaNkS aT mInEsCaPe.XyZ
advertising	freeee raaanks aaat miiinescape.xyz
advertising	free ranks at minescape-xyz
advertising	free ranks at minescape;xyz
advertising	free ranks at minescape~xyz
advertising	free ranks at minescape.xyz fre
advertising	free rnks at mnscp.xyz
advertising	ffrree rrannkkss att mminnessccappe.xxyyzz
advertising	free.!.ranks.!.at.!.minescape.xyz
advertising	minescape.xyz at ranks free
advertising	fr33 r4nk5 47 m1n35c4p3 xyz
advertising	FrEe RaNkS aT mInEsCaPeXyZ
advertising	f r 3 3  r 4 n k 5  4 7  m 1 n 3 5 c 4 p 3 . x y z
advertising	free ranks at craftkingdom.net
advertising	free ranks at craftkingdom,net
advertising	free ranks at craftkingdom_net
advertising	free ranks at craftkingdom'net
advertising	free ranks at craftkingdom*net
advertising	free ranks at craftkingdomnet
advertising	free ranks at craftkingdom net
advertising	free ranks at craftkingdom(dot)net
advertising	fr33 r4nk5 47 cr4f7k1ngd0m.n37
advertising	f r e e  r a n k s  a t  c r a f t k i n g d o m . n e t
advertising	frее rаnks аt crаftkingdοm.nеt
advertising	FREE RANKS AT CRAFTKINGDOM.NET
advertising	FrEe RaNkS aT cRaFtKiNgDoM.nEt
advertising	freeee raaanks aaat craaaftkingdom.net
advertising	free ranks at craftkingdom-net
advertising	free ranks at craftkingdom;net
advertising	free ranks at craftkingdom~net
advertising	free ranks at craftkingdom.net fre
advertising	free rnks at crftkngdm.nt
advertising	ffrree rrannkkss att ccrraffttkkinnggddomm.nnett
advertising	free.!.ranks.!.at.!.craftkingdom.net
advertising	craftkingdom.net at ranks free
advertising	fr33 r4nk5 47 cr4f7k1ngd0m n37
advertising	FrEe RaNkS aT cRaFtKiNgDoMnEt
advertising	f r 3 3  r 4 n k 5  4 7  c r 4 f 7 k 1 n g d 0 m . n 3 7
advertising	free ranks at skypvp.gg
advertising	free ranks at skypvp,gg
advertising	free ranks at skypvp_gg
advertising	free ranks at skypvp'gg
advertising	free ranks at skypvp*gg
advertising	free ranks at skypvpgg
advertising	free ranks at skypvp gg
advertising	free ranks at skypvp(dot)gg
advertising	fr33 r4nk5 47 5kypvp.gg
advertising	f r e e  r a n k s  a t  s k y p v p . g g
advertising	frее rаnks аt skypvp.gg
advertising	FREE RANKS AT SKYPVP.GG
advertising	FrEe RaNkS aT sKyPvP.gG
advertising	freeee raaanks aaat skypvp.gg
advertising	free ranks at skypvp-gg
advertising	free ranks at skypvp;gg
advertising	free ranks at skypvp~gg
advertising	free ranks at skypvp.gg fre
advertising	free rnks at skypvp.gg
advertising	ffrree rrannkkss att sskkyyppvvpp.gggg
advertising	free.!.ranks.!.at.!.skypvp.gg
advertising	skypvp.gg at ranks free
advertising	fr33 r4nk5 47 5kypvp gg
advertising	FrEe RaNkS aT sKyPvPgG
advertising	f r 3 3  r 4 n k 5  4 7  5 k y p v p . g g
advertising	free ranks at bedwars.pro
advertising	free ranks at bedwars,pro
advertising	free ranks at bedwars_pro
advertising	free ranks at bedwars'pro
advertising	free ranks at bedwars*pro
advertising	free ranks at bedwarspro
advertising	free ranks at bedwars pro
advertising	free ranks at bedwars(dot)pro
advertising	fr33 r4nk5 47 b3dw4r5.pr0
advertising	f r e e  r a n k s  a t  b e d w a r s . p r o
advertising	frее rаnks аt bеdwаrs.prο
advertising	FREE RANKS AT BEDWARS.PRO
advertising	FrEe RaNkS aT bEdWaRs.PrO
advertising	freeee raaanks aaat beeedwars.pro
advertising	free ranks at bedwars-pro
advertising	free ranks at bedwars;pro
advertising	free ranks at bedwars~pro
advertising	free ranks at bedwars.pro fre
advertising	free rnks at bdwrs.pro
advertising	ffrree rrannkkss att bbeddwwarrss.pprro
advertising	free.!.ranks.!.at.!.bedwars.pro
advertising	bedwars.pro at ranks free
advertising	fr33 r4nk5 47 b3dw4r5 pr0
advertising	FrEe RaNkS aT bEdWaRsPrO
advertising	f r 3 3  r 4 n k 5  4 7  b 3 d w 4 r 5 . p r 0
advertising	free ranks at anarchy.ml
advertising	free ranks at anarchy,ml
advertising	free ranks at anarchy_ml
advertising	free ranks at anarchy'ml
advertising	free ranks at anarchy*ml
advertising	free ranks at anarchyml
advertising	free ranks at anarchy ml
advertising	free ranks at anarchy(dot)ml
advertising	fr33 r4nk5 47 4n4rchy.ml
advertising	f r e e  r a n k s  a t  a n a r c h y . m l
advertising	frее rаnks аt аnаrchy.mI
advertising	FREE RANKS AT ANARCHY.ML
advertising	FrEe RaNkS aT aNaRcHy.Ml
advertising	freeee raaanks aaat aaanarchy.ml
advertising	free ranks at anarchy-ml
advertising	free ranks at anarchy;ml
advertising	free ranks at anarchy~ml
advertising	free ranks at anarchy.ml fre
advertising	free rnks at anrchy.ml
advertising	ffrree rrannkkss att annarrcchhyy.mmll
advertising	free.!.ranks.!.at.!.anarchy.ml
advertising	anarchy.ml at ranks free
advertising	fr33 r4nk5 47 4n4rchy ml
advertising	fr33 r4nk5 47 4n4rchy.mI
advertising	FrEe RaNkS aT aNaRcHyMl
advertising	f r 3 3  r 4 n k 5  4 7  4 n 4 r c h y . m l
advertising	free ranks at smp.tk
advertising	free ranks at smp,tk
advertising	free ranks at smp_tk
advertising	free ranks at smp'tk
advertising	free ranks at smp*tk
advertising	free ranks at smptk
advertising	free ranks at smp tk
advertising	free ranks at smp(dot)tk
advertising	fr33 r4nk5 47 5mp.7k
advertising	f r e e  r a n k s  a t  s m p . t k
advertising	frее rаnks аt smp.tk
advertising	FREE RANKS AT SMP.TK
advertising	FrEe RaNkS aT sMp.Tk
advertising	freeee raaanks aaat smp.tk
advertising	free ranks at smp-tk
advertising	free ranks at smp;tk
advertising	free ranks at smp~tk
advertising	free ranks at smp.tk fre
advertising	free rnks at smp.tk
advertising	ffrree rrannkkss att ssmmpp.ttkk
advertising	free.!.ranks.!.at.!.smp.tk
advertising	smp.tk at ranks free
advertising	fr33 r4nk5 47 5mp 7k
advertising	FrEe RaNkS aT sMpTk
advertising	f r 3 3  r 4 n k 5  4 7  5 m p . 7 k
advertising	free ranks at creativecraft.com
advertising	free ranks at creativecraft,com
advertising	free ranks at creativecraft_com
advertising	free ranks at creativecraft'com
advertising	free ranks at creativecraft*com
advertising	free ranks at creativecraftcom
advertising	free ranks at creativecraft com
advertising	free ranks at creativecraft(dot)com
advertising	fr33 r4nk5 47 cr3471v3cr4f7.c0m
advertising	f r e e  r a n k s  a t  c r e a t i v e c r a f t . c o m
advertising	frее rаnks аt crеаtivеcrаft.cοm
advertising	FREE RANKS AT CREATIVECRAFT.COM
advertising	FrEe RaNkS aT cReAtIvEcRaFt.CoM
advertising	freeee raaanks aaat creeeativecraft.com
advertising	free ranks at creativecraft-com
advertising	free ranks at creativecraft;com
advertising	free ranks at creativecraft~com
advertising	free ranks at creativecraft.com fre
advertising	free rnks at crtvcrft.cm
advertising	ffrree rrannkkss att ccrreattivveccrrafftt.ccomm
advertising	free.!.ranks.!.at.!.creativecraft.com
advertising	creativecraft.com at ranks free
advertising	fr33 r4nk5 47 cr3471v3cr4f7 c0m
advertising	FrEe RaNkS aT cReAtIvEcRaFtCoM
advertising	f r 3 3  r 4 n k 5  4 7  c r 3 4 7 1 v 3 c r 4 f 7 . c 0 m
advertising	free ranks at dragonmc.net
advertising	free ranks at dragonmc,net
advertising	free ranks at dragonmc_net
advertising	free ranks at dragonmc'net
advertising	free ranks at dragonmc*net
advertising	free ranks at dragonmcnet
advertising	free ranks at dragonmc net
advertising	free ranks at dragonmc(dot)net
advertising	fr33 r4nk5 47 dr4g0nmc.n37
advertising	f r e e  r a n k s  a t  d r a g o n m c . n e t
advertising	frее rаnks аt drаgοnmc.nеt
advertising	FREE RANKS AT DRAGONMC.NET
advertising	FrEe RaNkS aT dRaGoNmC.nEt
advertising	freeee raaanks aaat draaagonmc.net
advertising	free ranks at dragonmc-net
advertising	free ranks at dragonmc;net
advertising	free ranks at dragonmc~net
advertising	free ranks at dragonmc.net fre
advertising	free rnks at drgnmc.nt
advertising	ffrree rrannkkss att ddrraggonnmmcc.nnett
advertising	free.!.ranks.!.at.!.dragonmc.net
advertising	dragonmc.net at ranks free
advertising	fr33 r4nk5 47 dr4g0nmc n37
advertising	FrEe RaNkS aT dRaGoNmCnEt
advertising	f r 3 3  r 4 n k 5  4 7  d r 4 g 0 n m c . n 3 7
advertising	free ranks at emeraldisle.org
advertising	free ranks at emeraldisle,org
advertising	free ranks at emeraldisle_org
advertising	free ranks at emeraldisle'org
advertising	free ranks at emeraldisle*org
advertising	free ranks at emeraldisleorg
advertising	free ranks at emeraldisle org
advertising	free ranks at emeraldisle(dot)org
advertising	fr33 r4nk5 47 3m3r4ld15l3.0rg
advertising	f r e e  r a n k s  a t  e m e r a l d i s l e . o r g
advertising	frее rаnks аt еmеrаIdisIе.οrg
advertising	FREE RANKS AT EMERALDISLE.ORG
advertising	FrEe RaNkS aT eMeRaLdIsLe.OrG
advertising	freeee raaanks aaat eeemeraldisle.org
advertising	free ranks at emeraldisle-org
advertising	free ranks at emeraldisle;org
advertising	free ranks at emeraldisle~org
advertising	free ranks at emeraldisle.org fre
advertising	free rnks at emrldsl.rg
advertising	ffrree rrannkkss att emmerrallddisslle.orrgg
advertising	free.!.ranks.!.at.!.emeraldisle.org
advertising	emeraldisle.org at ranks free
advertising	fr33 r4nk5 47 3m3r4ld15l3 0rg
advertising	fr33 r4nk5 47 3m3r4Id15I3.0rg
advertising	FrEe RaNkS aT eMeRaLdIsLeOrG
advertising	f r 3 3  r 4 n k 5  4 7  3 m 3 r 4 l d 1 5 l 3 . 0 r g
advertising	free ranks at foxcraft.gg
advertising	free ranks at foxcraft,gg
advertising	free ranks at foxcraft_gg
advertising	free ranks at foxcraft'gg
advertising	free ranks at foxcraft*gg
advertising	free ranks at foxcraftgg
advertising	free ranks at foxcraft gg
advertising	free ranks at foxcraft(dot)gg
advertising	fr33 r4nk5 47 f0xcr4f7.gg
advertising	f r e e  r a n k s  a t  f o x c r a f t . g g
advertising	frее rаnks аt fοxcrаft.gg
advertising	FREE RANKS AT FOXCRAFT.GG
advertising	FrEe RaNkS aT fOxCrAfT.gG
advertising	freeee raaanks aaat foooxcraft.gg
advertising	free ranks at foxcraft-gg
advertising	free ranks at foxcraft;gg
advertising	free ranks at foxcraft~gg
advertising	free ranks at foxcraft.gg fre
advertising	free rnks at fxcrft.gg
advertising	ffrree rrannkkss att ffoxxccrrafftt.gggg
advertising	free.!.ranks.!.at.!.foxcraft.gg
advertising	foxcraft.gg at ranks free
advertising	fr33 r4nk5 47 f0xcr4f7 gg
advertising	FrEe RaNkS aT fOxCrAfTgG
advertising	f r 3 3  r 4 n k 5  4 7  f 0 x c r 4 f 7 . g g
advertising	free ranks at goldrush.xyz
advertising	free ranks at goldrush,xyz
advertising	free ranks at goldrush_xyz
advertising	free ranks at goldrush'xyz
advertising	free ranks at goldrush*xyz
advertising	free ranks at goldrushxyz
advertising	free ranks at goldrush xyz
advertising	free ranks at goldrush(dot)xyz
advertising	fr33 r4nk5 47 g0ldru5h.xyz
advertising	f r e e  r a n k s  a t  g o l d r u s h . x y z
advertising	frее rаnks аt gοIdrush.xyz
advertising	FREE RANKS AT GOLDRUSH.XYZ
advertising	FrEe RaNkS aT gOlDrUsH.xYz
advertising	freeee raaanks aaat goooldrush.xyz
advertising	free ranks at goldrush-xyz
advertising	free ranks at goldrush;xyz
advertising	free ranks at goldrush~xyz
advertising	free ranks at goldrush.xyz fre
advertising	free rnks at gldrsh.xyz
advertising	ffrree rrannkkss att ggollddrrusshh.xxyyzz
advertising	free.!.ranks.!.at.!.goldrush.xyz
advertising	goldrush.xyz at ranks free
advertising	fr33 r4nk5 47 g0ldru5h xyz
advertising	fr33 r4nk5 47 g0Idru5h.xyz
advertising	FrEe RaNkS aT gOlDrUsHxYz
advertising	f r 3 3  r 4 n k 5  4 7  g 0 l d r u 5 h . x y z
advertising	free ranks at icecraft.ml
advertising	free ranks at icecraft,ml
advertising	free ranks at icecraft_ml
advertising	free ranks at icecraft'ml
advertising	free ranks at icecraft*ml
advertising	free ranks at icecraftml
advertising	free ranks at icecraft ml
advertising	free ranks at icecraft(dot)ml
advertising	fr33 r4nk5 47 1c3cr4f7.ml
advertising	f r e e  r a n k s  a t  i c e c r a f t . m l
advertising	frее rаnks аt icеcrаft.mI
advertising	FREE RANKS AT ICECRAFT.ML
advertising	FrEe RaNkS aT iCeCrAfT.mL
advertising	freeee raaanks aaat iiicecraft.ml
advertising	free ranks at icecraft-ml
advertising	free ranks at icecraft;ml
advertising	free ranks at icecraft~ml
advertising	free ranks at icecraft.ml fre
advertising	free rnks at iccrft.ml
advertising	ffrree rrannkkss att icceccrrafftt.mmll
advertising	free.!.ranks.!.at.!.icecraft.ml
advertising	icecraft.ml at ranks free
advertising	fr33 r4nk5 47 1c3cr4f7 ml
advertising	fr33 r4nk5 47 1c3cr4f7.mI
advertising	FrEe RaNkS aT iCeCrAfTmL
advertising	f r 3 3  r 4 n k 5  4 7  1 c 3 c r 4 f 7 . m l
advertising	free ranks at junglecraft.net
advertising	free ranks at junglecraft,net
advertising	free ranks at junglecraft_net
advertising	free ranks at junglecraft'net
advertising	free ranks at junglecraft*net
advertising	free ranks at junglecraftnet
advertising	free ranks at junglecraft net
advertising	free ranks at junglecraft(dot)net
advertising	fr33 r4nk5 47 jungl3cr4f7.n37
advertising	f r e e  r a n k s  a t  j u n g l e c r a f t . n e t
advertising	frее rаnks аt jungIеcrаft.nеt
advertising	FREE RANKS AT JUNGLECRAFT.NET
advertising	FrEe RaNkS aT jUnGlEcRaFt.NeT
advertising	freeee raaanks aaat juuunglecraft.net
advertising	free ranks at junglecraft-net
advertising	free ranks at junglecraft;net
advertising	free ranks at junglecraft~net
advertising	free ranks at junglecraft.net fre
advertising	free rnks at jnglcrft.nt
advertising	ffrree rrannkkss att jjunngglleccrrafftt.nnett
advertising	free.!.ranks.!.at.!.junglecraft.net
advertising	junglecraft.net at ranks free
advertising	fr33 r4nk5 47 jungl3cr4f7 n37
advertising	fr33 r4nk5 47 jungI3cr4f7.n37
advertising	FrEe RaNkS aT jUnGlEcRaFtNeT
advertising	f r 3 3  r 4 n k 5  4 7  j u n g l 3 c r 4 f 7 . n 3 7
advertising	free ranks at kingdoms.gg
advertising	free ranks at kingdoms,gg
advertising	free ranks at kingdoms_gg
advertising	free ranks at kingdoms'gg
advertising	free ranks at kingdoms*gg
advertising	free ranks at kingdomsgg
advertising	free ranks at kingdoms gg
advertising	free ranks at kingdoms(dot)gg
advertising	fr33 r4nk5 47 k1ngd0m5.gg
advertising	f r e e  r a n k s  a t  k i n g d o m s . g g
advertising	frее rаnks аt kingdοms.gg
advertising	FREE RANKS AT KINGDOMS.GG
advertising	FrEe RaNkS aT kInGdOmS.gG
advertising	freeee raaanks aaat kiiingdoms.gg
advertising	free ranks at kingdoms-gg
advertising	free ranks at kingdoms;gg
advertising	free ranks at kingdoms~gg
advertising	free ranks at kingdoms.gg fre
advertising	free rnks at kngdms.gg
advertising	ffrree rrannkkss att kkinnggddommss.gggg
advertising	free.!.ranks.!.at.!.kingdoms.gg
advertising	kingdoms.gg at ranks free
advertising	fr33 r4nk5 47 k1ngd0m5 gg
advertising	FrEe RaNkS aT kInGdOmSgG
advertising	f r 3 3  r 4 n k 5  4 7  k 1 n g d 0 m 5 . g g
advertising	free ranks at lunarmc.xyz
advertising	free ranks at lunarmc,xyz
advertising	free ranks at lunarmc_xyz
advertising	free ranks at lunarmc'xyz
advertising	free ranks at lunarmc*xyz
advertising	free ranks at lunarmcxyz
advertising	free ranks at lunarmc xyz
advertising	free ranks at lunarmc(dot)xyz
advertising	fr33 r4nk5 47 lun4rmc.xyz
advertising	f r e e  r a n k s  a t  l u n a r m c . x y z
advertising	frее rаnks аt Iunаrmc.xyz
advertising	FREE RANKS AT LUNARMC.XYZ
advertising	FrEe RaNkS aT lUnArMc.XyZ
advertising	freeee raaanks aaat luuunarmc.xyz
advertising	free ranks at lunarmc-xyz
advertising	free ranks at lunarmc;xyz
advertising	free ranks at lunarmc~xyz
advertising	free ranks at lunarmc.xyz fre
advertising	free rnks at lnrmc.xyz
advertising	ffrree rrannkkss att llunnarrmmcc.xxyyzz
advertising	free.!.ranks.!.at.!.lunarmc.xyz
advertising	lunarmc.xyz at ranks free
advertising	fr33 r4nk5 47 lun4rmc xyz
advertising	fr33 r4nk5 47 Iun4rmc.xyz
advertising	FrEe RaNkS aT lUnArMcXyZ
advertising	f r 3 3  r 4 n k 5  4 7  l u n 4 r m c . x y z
advertising	free ranks at nethermc.org
advertising	free ranks at nethermc,org
advertising	free ranks at nethermc_org
advertising	free ranks at nethermc'org
advertising	free ranks at nethermc*org
advertising	free ranks at nethermcorg
advertising	free ranks at nethermc org
advertising	free ranks at nethermc(dot)org
advertising	fr33 r4nk5 47 n37h3rmc.0rg
advertising	f r e e  r a n k s  a t  n e t h e r m c . o r g
advertising	frее rаnks аt nеthеrmc.οrg
advertising	FREE RANKS AT NETHERMC.ORG
advertising	FrEe RaNkS aT nEtHeRmC.oRg
advertising	freeee raaanks aaat neeethermc.org
advertising	free ranks at nethermc-org
advertising	free ranks at nethermc;org
advertising	free ranks at nethermc~org
advertising	free ranks at nethermc.org fre
advertising	free rnks at nthrmc.rg
advertising	ffrree rrannkkss att nnetthherrmmcc.orrgg
advertising	free.!.ranks.!.at.!.nethermc.org
advertising	nethermc.org at ranks free
advertising	fr33 r4nk5 47 n37h3rmc 0rg
advertising	FrEe RaNkS aT nEtHeRmCoRg
advertising	f r 3 3  r 4 n k 5  4 7  n 3 7 h 3 r m c . 0 r g
advertising	come play examplecraft.net
advertising	come play examplecraft,net
advertising	come play examplecraft_net
advertising	come play examplecraft'net
advertising	come play examplecraft*net
advertising	come play examplecraftnet
advertising	come play examplecraft net
advertising	come play examplecraft(dot)net
advertising	c0m3 pl4y 3x4mpl3cr4f7.n37
advertising	c o m e  p l a y  e x a m p l e c r a f t . n e t
advertising	cοmе pIаy еxаmpIеcrаft.nеt
advertising	COME PLAY EXAMPLECRAFT.NET
advertising	CoMe PlAy ExAmPlEcRaFt.NeT
advertising	cooome plaaay eeexamplecraft.net
advertising	come play examplecraft-net
advertising	come play examplecraft;net
advertising	come play examplecraft~net
advertising	come play examplecraft.net com
advertising	come play exmplcrft.nt
advertising	ccomme ppllayy exxammpplleccrrafftt.nnett
advertising	come.!.play.!.examplecraft.net
advertising	examplecraft.net play come
advertising	c0m3 pl4y 3x4mpl3cr4f7 n37
advertising	c0m3 pI4y 3x4mpI3cr4f7.n37
advertising	CoMe PlAy ExAmPlEcRaFtNeT
advertising	c 0 m 3  p l 4 y  3 x 4 m p l 3 c r 4 f 7 . n 3 7
advertising	come play play.examplecraft.gg
advertising	come play play,examplecraft,gg
advertising	come play play_examplecraft_gg
advertising	come play play'examplecraft'gg
advertising	come play play*examplecraft*gg
advertising	come play playexamplecraftgg
advertising	come play play examplecraft gg
advertising	come play play(dot)examplecraft(dot)gg
advertising	c0m3 pl4y pl4y.3x4mpl3cr4f7.gg
advertising	c o m e  p l a y  p l a y . e x a m p l e c r a f t . g g
advertising	cοmе pIаy pIаy.еxаmpIеcrаft.gg
advertising	COME PLAY PLAY.EXAMPLECRAFT.GG
advertising	CoMe PlAy PlAy.ExAmPlEcRaFt.Gg
advertising	cooome plaaay plaaay.examplecraft.gg
advertising	come play play-examplecraft-gg
advertising	come play play;examplecraft;gg
advertising	come play play~examplecraft~gg
advertising	come play play.examplecraft.gg com
advertising	come play ply.xmplcrft.gg
advertising	ccomme ppllayy ppllayy.exxammpplleccrrafftt.gggg
advertising	come.!.play.!.play.examplecraft.gg
advertising	play.examplecraft.gg play come
advertising	c0m3 pl4y pl4y 3x4mpl3cr4f7 gg
advertising	c0m3 pI4y pI4y.3x4mpI3cr4f7.gg
advertising	CoMe PlAy PlAyExAmPlEcRaFtGg
advertising	c 0 m 3  p l 4 y  p l 4 y . 3 x 4 m p l 3 c r 4 f 7 . g g
advertising	come play mc123.org
advertising	come play mc123,org
advertising	come play mc123_org
advertising	come play mc123'org
advertising	come play mc123*org
advertising	come play mc123org
advertising	come play mc123 org
advertising	come play mc123(dot)org
advertising	c0m3 pl4y mc123.0rg
advertising	c o m e  p l a y  m c 1 2 3 . o r g
advertising	cοmе pIаy mc123.οrg
advertising	COME PLAY MC123.ORG
advertising	CoMe PlAy Mc123.OrG
advertising	cooome plaaay mc123.ooorg
advertising	come play mc123-org
advertising	come play mc123;org
advertising	come play mc123~org
advertising	come play mc123.org com
advertising	come play mc123.rg
advertising	ccomme ppllayy mmcc123.orrgg
advertising	come.!.play.!.mc123.org
advertising	mc123.org play come
advertising	c0m3 pl4y mc123 0rg
advertising	c0m3 pI4y mc123.0rg
advertising	CoMe PlAy Mc123OrG
advertising	c 0 m 3  p l 4 y  m c 1 2 3 . 0 r g
advertising	come play coolpvp.xyz
advertising	come play coolpvp,xyz
advertising	come play coolpvp_xyz
advertising	come play coolpvp'xyz
advertising	come play coolpvp*xyz
advertising	come play coolpvpxyz
advertising	come play coolpvp xyz
advertising	come play coolpvp(dot)xyz
advertising	c0m3 pl4y c00lpvp.xyz
advertising	c o m e  p l a y  c o o l p v p . x y z
advertising	cοmе pIаy cοοIpvp.xyz
advertising	COME PLAY COOLPVP.XYZ
advertising	CoMe PlAy CoOlPvP.xYz
advertising	cooome plaaay coooolpvp.xyz
advertising	come play coolpvp-xyz
advertising	come play coolpvp;xyz
advertising	come play coolpvp~xyz
advertising	come play coolpvp.xyz com
advertising	come play clpvp.xyz
advertising	ccomme ppllayy ccoollppvvpp.xxyyzz
advertising	come.!.play.!.coolpvp.xyz
advertising	coolpvp.xyz play come
advertising	c0m3 pl4y c00lpvp xyz
advertising	c0m3 pI4y c00Ipvp.xyz
advertising	CoMe PlAy CoOlPvPxYz
advertising	c 0 m 3  p l 4 y  c 0 0 l p v p . x y z
advertising	come play funserver.com
advertising	come play funserver,com
advertising	come play funserver_com
advertising	come play funserver'com
advertising	come play funserver*com
advertising	come play funservercom
advertising	come play funserver com
advertising	come play funserver(dot)com
advertising	c0m3 pl4y fun53rv3r.c0m
advertising	c o m e  p l a y  f u n s e r v e r . c o m
advertising	cοmе pIаy funsеrvеr.cοm
advertising	COME PLAY FUNSERVER.COM
advertising	CoMe PlAy FuNsErVeR.cOm
advertising	cooome plaaay fuuunserver.com
advertising	come play funserver-com
advertising	come play funserver;com
advertising	come play funserver~com
advertising	come play funserver.com com
advertising	come play fnsrvr.cm
advertising	ccomme ppllayy ffunnsserrvverr.ccomm
advertising	come.!.play.!.funserver.com
advertising	funserver.com play come
advertising	c0m3 pl4y fun53rv3r c0m
advertising	c0m3 pI4y fun53rv3r.c0m
advertising	CoMe PlAy FuNsErVeRcOm
advertising	c 0 m 3  p l 4 y  f u n 5 3 r v 3 r . c 0 m
advertising	come play hypixelclone.net
advertising	come play hypixelclone,net
advertising	come play hypixelclone_net
advertising	come play hypixelclone'net
advertising	come play hypixelclone*net
advertising	come play hypixelclonenet
advertising	come play hypixelclone net
advertising	come play hypixelclone(dot)net
advertising	c0m3 pl4y hyp1x3lcl0n3.n37
advertising	c o m e  p l a y  h y p i x e l c l o n e . n e t
advertising	cοmе pIаy hypixеIcIοnе.nеt
advertising	COME PLAY HYPIXELCLONE.NET
advertising	CoMe PlAy HyPiXeLcLoNe.NeT
advertising	cooome plaaay hypiiixelclone.net
advertising	come play hypixelclone-net
advertising	come play hypixelclone;net
advertising	come play hypixelclone~net
advertising	come play hypixelclone.net com
advertising	come play hypxlcln.nt
advertising	ccomme ppllayy hhyyppixxellccllonne.nnett
advertising	come.!.play.!.hypixelclone.net
advertising	hypixelclone.net play come
advertising	c0m3 pl4y hyp1x3lcl0n3 n37
advertising	c0m3 pI4y hyp1x3IcI0n3.n37
advertising	CoMe PlAy HyPiXeLcLoNeNeT
advertising	c 0 m 3  p l 4 y  h y p 1 x 3 l c l 0 n 3 . n 3 7
advertising	come play pvpzone.gg
advertising	come play pvpzone,gg
advertising	come play pvpzone_gg
advertising	come play pvpzone'gg
advertising	come play pvpzone*gg
advertising	come play pvpzonegg
advertising	come play pvpzone gg
advertising	come play pvpzone(dot)gg
advertising	c0m3 pl4y pvpz0n3.gg
advertising	c o m e  p l a y  p v p z o n e . g g
advertising	cοmе pIаy pvpzοnе.gg
advertising	COME PLAY PVPZONE.GG
advertising	CoMe PlAy PvPzOnE.gG
advertising	cooome plaaay pvpzooone.gg
advertising	come play pvpzone-gg
advertising	come play pvpzone;gg
advertising	come play pvpzone~gg
advertising	come play pvpzone.gg com
advertising	come play pvpzn.gg
advertising	ccomme ppllayy ppvvppzzonne.gggg
advertising	come.!.play.!.pvpzone.gg
advertising	pvpzone.gg play come
advertising	c0m3 pl4y pvpz0n3 gg
advertising	c0m3 pI4y pvpz0n3.gg
advertising	CoMe PlAy PvPzOnEgG
advertising	c 0 m 3  p l 4 y  p v p z 0 n 3 . g g
advertising	come play survivalcraft.org
advertising	come play survivalcraft,org
advertising	come play survivalcraft_org
advertising	come play survivalcraft'org
advertising	come play survivalcraft*org
advertising	come play survivalcraftorg
advertising	come play survivalcraft org
advertising	come play survivalcraft(dot)org
advertising	c0m3 pl4y 5urv1v4lcr4f7.0rg
advertising	c o m e  p l a y  s u r v i v a l c r a f t . o r g
advertising	cοmе pIаy survivаIcrаft.οrg
advertising	COME PLAY SURVIVALCRAFT.ORG
advertising	CoMe PlAy SuRvIvAlCrAfT.oRg
advertising	cooome plaaay suuurvivalcraft.org
advertising	come play survivalcraft-org
advertising	come play survivalcraft;org
advertising	come play survivalcraft~org
advertising	come play survivalcraft.org com
advertising	come play srvvlcrft.rg
advertising	ccomme ppllayy ssurrvvivvallccrrafftt.orrgg
advertising	come.!.play.!.survivalcraft.org
advertising	survivalcraft.org play come
advertising	c0m3 pl4y 5urv1v4lcr4f7 0rg
advertising	c0m3 pI4y 5urv1v4Icr4f7.0rg
advertising	CoMe PlAy SuRvIvAlCrAfToRg
advertising	c 0 m 3  p l 4 y  5 u r v 1 v 4 l c r 4 f 7 . 0 r g
advertising	come play minescape.xyz
advertising	come play minescape,xyz
advertising	come play minescape_xyz
advertising	come play minescape'xyz
advertising	come play minescape*xyz
advertising	come play minescapexyz
advertising	come play minescape xyz
advertising	come play minescape(dot)xyz
advertising	c0m3 pl4y m1n35c4p3.xyz
advertising	c o m e  p l a y  m i n e s c a p e . x y z
advertising	cοmе pIаy minеscаpе.xyz
advertising	COME PLAY MINESCAPE.XYZ
advertising	CoMe PlAy MiNeScApE.xYz
advertising	cooome plaaay miiinescape.xyz
advertising	come play minescape-xyz
advertising	come play minescape;xyz
advertising	come play minescape~xyz
advertising	come play minescape.xyz com
advertising	come play mnscp.xyz
advertising	ccomme ppllayy mminnessccappe.xxyyzz
advertising	come.!.play.!.minescape.xyz
advertising	minescape.xyz play come
advertising	c0m3 pl4y m1n35c4p3 xyz
advertising	c0m3 pI4y m1n35c4p3.xyz
advertising	CoMe PlAy MiNeScApExYz
advertising	c 0 m 3  p l 4 y  m 1 n 3 5 c 4 p 3 . x y z
advertising	come play craftkingdom.net
advertising	come play craftkingdom,net
advertising	come play craftkingdom_net
advertising	come play craftkingdom'net
advertising	come play craftkingdom*net
advertising	come play craftkingdomnet
advertising	come play craftkingdom net
advertising	come play craftkingdom(dot)net
advertising	c0m3 pl4y cr4f7k1ngd0m.n37
advertising	c o m e  p l a y  c r a f t k i n g d o m . n e t
advertising	cοmе pIаy crаftkingdοm.nеt
advertising	COME PLAY CRAFTKINGDOM.NET
advertising	CoMe PlAy CrAfTkInGdOm.NeT
advertising	cooome plaaay craaaftkingdom.net
advertising	come play craftkingdom-net
advertising	come play craftkingdom;net
advertising	come play craftkingdom~net
advertising	come play craftkingdom.net com
advertising	come play crftkngdm.nt
advertising	ccomme ppllayy ccrraffttkkinnggddomm.nnett
advertising	come.!.play.!.craftkingdom.net
advertising	craftkingdom.net play come
advertising	c0m3 pl4y cr4f7k1ngd0m n37
advertising	c0m3 pI4y cr4f7k1ngd0m.n37
advertising	CoMe PlAy CrAfTkInGdOmNeT
advertising	c 0 m 3  p l 4 y  c r 4 f 7 k 1 n g d 0 m . n 3 7
advertising	come play skypvp.gg
advertising	come play skypvp,gg
advertising	come play skypvp_gg
advertising	come play skypvp'gg
advertising	come play skypvp*gg
advertising	come play skypvpgg
advertising	come play skypvp gg
advertising	come play skypvp(dot)gg
advertising	c0m3 pl4y 5kypvp.gg
advertising	c o m e  p l a y  s k y p v p . g g
advertising	cοmе pIаy skypvp.gg
advertising	COME PLAY SKYPVP.GG
advertising	CoMe PlAy SkYpVp.Gg
advertising	cooome plaaay skypvp.gg
advertising	come play skypvp-gg
advertising	come play skypvp;gg
advertising	come play skypvp~gg
advertising	come play skypvp.gg com
advertising	ccomme ppllayy sskkyyppvvpp.gggg
advertising	come.!.play.!.skypvp.gg
advertising	skypvp.gg play come
advertising	c0m3 pl4y 5kypvp gg
advertising	c0m3 pI4y 5kypvp.gg
advertising	CoMe PlAy SkYpVpGg
advertising	c 0 m 3  p l 4 y  5 k y p v p . g g
advertising	come play bedwars.pro
advertising	come play bedwars,pro
advertising	come play bedwars_pro
advertising	come play bedwars'pro
advertising	come play bedwars*pro
advertising	come play bedwarspro
advertising	come play bedwars pro
advertising	come play bedwars(dot)pro
advertising	c0m3 pl4y b3dw4r5.pr0
advertising	c o m e  p l a y  b e d w a r s . p r o
advertising	cοmе pIаy bеdwаrs.prο
advertising	COME PLAY BEDWARS.PRO
advertising	CoMe PlAy BeDwArS.pRo
advertising	cooome plaaay beeedwars.pro
advertising	come play bedwars-pro
advertising	come play bedwars;pro
advertising	come play bedwars~pro
advertising	come play bedwars.pro com
advertising	come play bdwrs.pro
advertising	ccomme ppllayy bbeddwwarrss.pprro
advertising	come.!.play.!.bedwars.pro
advertising	bedwars.pro play come
advertising	c0m3 pl4y b3dw4r5 pr0
advertising	c0m3 pI4y b3dw4r5.pr0
advertising	CoMe PlAy BeDwArSpRo
advertising	c 0 m 3  p l 4 y  b 3 d w 4 r 5 . p r 0
advertising	come play anarchy.ml
advertising	come play anarchy,ml
advertising	come play anarchy_ml
advertising	come play anarchy'ml
advertising	come play anarchy*ml
advertising	come play anarchyml
advertising	come play anarchy ml
advertising	come play anarchy(dot)ml
advertising	c0m3 pl4y 4n4rchy.ml
advertising	c o m e  p l a y  a n a r c h y . m l
advertising	cοmе pIаy аnаrchy.mI
advertising	COME PLAY ANARCHY.ML
advertising	CoMe PlAy AnArChY.mL
advertising	cooome plaaay aaanarchy.ml
advertising	come play anarchy-ml
advertising	come play anarchy;ml
advertising	come play anarchy~ml
advertising	come play anarchy.ml com
advertising	come play anrchy.ml
advertising	ccomme ppllayy annarrcchhyy.mmll
advertising	come.!.play.!.anarchy.ml
advertising	anarchy.ml play come
advertising	c0m3 pl4y 4n4rchy ml
advertising	c0m3 pI4y 4n4rchy.mI
advertising	CoMe PlAy AnArChYmL
advertising	c 0 m 3  p l 4 y  4 n 4 r c h y . m l
advertising	come play smp.tk
advertising	come play smp,tk
advertising	come play smp_tk
advertising	come play smp'tk
advertising	come play smp*tk
advertising	come play smptk
advertising	come play smp tk
advertising	come play smp(dot)tk
advertising	c0m3 pl4y 5mp.7k
advertising	c o m e  p l a y  s m p . t k
advertising	cοmе pIаy smp.tk
advertising	COME PLAY SMP.TK
advertising	CoMe PlAy SmP.tK
advertising	cooome plaaay smp.tk
advertising	come play smp-tk
advertising	come play smp;tk
advertising	come play smp~tk
advertising	come play smp.tk com
advertising	ccomme ppllayy ssmmpp.ttkk
advertising	come.!.play.!.smp.tk
advertising	smp.tk play come
advertising	c0m3 pl4y 5mp 7k
advertising	c0m3 pI4y 5mp.7k
advertising	CoMe PlAy SmPtK
advertising	c 0 m 3  p l 4 y  5 m p . 7 k
advertising	come play creativecraft.com
advertising	come play creativecraft,com
advertising	come play creativecraft_com
advertising	come play creativecraft'com
advertising	come play creativecraft*com
advertising	come play creativecraftcom
advertising	come play creativecraft com
advertising	come play creativecraft(dot)com
advertising	c0m3 pl4y cr3471v3cr4f7.c0m
advertising	c o m e  p l a y  c r e a t i v e c r a f t . c o m
advertising	cοmе pIаy crеаtivеcrаft.cοm
advertising	COME PLAY CREATIVECRAFT.COM
advertising	CoMe PlAy CrEaTiVeCrAfT.cOm
advertising	cooome plaaay creeeativecraft.com
advertising	come play creativecraft-com
advertising	come play creativecraft;com
advertising	come play creativecraft~com
advertising	come play creativecraft.com com
advertising	come play crtvcrft.cm
advertising	ccomme ppllayy ccrreattivveccrrafftt.ccomm
advertising	come.!.play.!.creativecraft.com
advertising	creativecraft.com play come
advertising	c0m3 pl4y cr3471v3cr4f7 c0m
advertising	c0m3 pI4y cr3471v3cr4f7.c0m
advertising	CoMe PlAy CrEaTiVeCrAfTcOm
advertising	c 0 m 3  p l 4 y  c r 3 4 7 1 v 3 c r 4 f 7 . c 0 m
advertising	come play dragonmc.net
advertising	come play dragonmc,net
advertising	come play dragonmc_net
advertising	come play dragonmc'net
advertising	come play dragonmc*net
advertising	come play dragonmcnet
advertising	come play dragonmc net
advertising	come play dragonmc(dot)net
advertising	c0m3 pl4y dr4g0nmc.n37
advertising	c o m e  p l a y  d r a g o n m c . n e t
advertising	cοmе pIаy drаgοnmc.nеt
advertising	COME PLAY DRAGONMC.NET
advertising	CoMe PlAy DrAgOnMc.NeT
advertising	cooome plaaay draaagonmc.net
advertising	come play dragonmc-net
advertising	come play dragonmc;net
advertising	come play dragonmc~net
advertising	come play dragonmc.net com
advertising	come play drgnmc.nt
advertising	ccomme ppllayy ddrraggonnmmcc.nnett
advertising	come.!.play.!.dragonmc.net
advertising	dragonmc.net play come
advertising	c0m3 pl4y dr4g0nmc n37
advertising	c0m3 pI4y dr4g0nmc.n37
advertising	CoMe PlAy DrAgOnMcNeT
advertising	c 0 m 3  p l 4 y  d r 4 g 0 n m c . n 3 7
advertising	come play emeraldisle.org
advertising	come play emeraldisle,org
advertising	come play emeraldisle_org
advertising	come play emeraldisle'org
advertising	come play emeraldisle*org
advertising	come play emeraldisleorg
advertising	come play emeraldisle org
advertising	come play emeraldisle(dot)org
advertising	c0m3 pl4y 3m3r4ld15l3.0rg
advertising	c o m e  p l a y  e m e r a l d i s l e . o r g
advertising	cοmе pIаy еmеrаIdisIе.οrg
advertising	COME PLAY EMERALDISLE.ORG
advertising	CoMe PlAy EmErAlDiSlE.oRg
advertising	cooome plaaay eeemeraldisle.org
advertising	come play emeraldisle-org
advertising	come play emeraldisle;org
advertising	come play emeraldisle~org
advertising	come play emeraldisle.org com
advertising	come play emrldsl.rg
advertising	ccomme ppllayy emmerrallddisslle.orrgg
advertising	come.!.play.!.emeraldisle.org
advertising	emeraldisle.org play come
advertising	c0m3 pl4y 3m3r4ld15l3 0rg
advertising	c0m3 pI4y 3m3r4Id15I3.0rg
advertising	CoMe PlAy EmErAlDiSlEoRg
advertising	c 0 m 3  p l 4 y  3 m 3 r 4 l d 1 5 l 3 . 0 r g
advertising	come play foxcraft.gg
advertising	come play foxcraft,gg
advertising	come play foxcraft_gg
advertising	come play foxcraft'gg
advertising	come play foxcraft*gg
advertising	come play foxcraftgg
advertising	come play foxcraft gg
advertising	come play foxcraft(dot)gg
advertising	c0m3 pl4y f0xcr4f7.gg
advertising	c o m e  p l a y  f o x c r a f t . g g
advertising	cοmе pIаy fοxcrаft.gg
advertising	COME PLAY FOXCRAFT.GG
advertising	CoMe PlAy FoXcRaFt.Gg
advertising	cooome plaaay foooxcraft.gg
advertising	come play foxcraft-gg
advertising	come play foxcraft;gg
advertising	come play foxcraft~gg
advertising	come play foxcraft.gg com
advertising	come play fxcrft.gg
advertising	ccomme ppllayy ffoxxccrrafftt.gggg
advertising	come.!.play.!.foxcraft.gg
advertising	foxcraft.gg play come
advertising	c0m3 pl4y f0xcr4f7 gg
advertising	c0m3 pI4y f0xcr4f7.gg
advertising	CoMe PlAy FoXcRaFtGg
advertising	c 0 m 3  p l 4 y  f 0 x c r 4 f 7 . g g
advertising	come play goldrush.xyz
advertising	come play goldrush,xyz
advertising	come play goldrush_xyz
advertising	come play goldrush'xyz
advertising	come play goldrush*xyz
advertising	come play goldrushxyz
advertising	come play goldrush xyz
advertising	come play goldrush(dot)xyz
advertising	c0m3 pl4y g0ldru5h.xyz
advertising	c o m e  p l a y  g o l d r u s h . x y z
advertising	cοmе pIаy gοIdrush.xyz
advertising	COME PLAY GOLDRUSH.XYZ
advertising	CoMe PlAy GoLdRuSh.XyZ
advertising	cooome plaaay goooldrush.xyz
advertising	come play goldrush-xyz
advertising	come play goldrush;xyz
advertising	come play goldrush~xyz
advertising	come play goldrush.xyz com
advertising	come play gldrsh.xyz
advertising	ccomme ppllayy ggollddrrusshh.xxyyzz
advertising	come.!.play.!.goldrush.xyz
advertising	goldrush.xyz play come
advertising	c0m3 pl4y g0ldru5h xyz
advertising	c0m3 pI4y g0Idru5h.xyz
advertising	CoMe PlAy GoLdRuShXyZ
advertising	c 0 m 3  p l 4 y  g 0 l d r u 5 h . x y z
advertising	come play icecraft.ml
advertising	come play icecraft,ml
advertising	come play icecraft_ml
advertising	come play icecraft'ml
advertising	come play icecraft*ml
advertising	come play icecraftml
advertising	come play icecraft ml
advertising	come play icecraft(dot)ml
advertising	c0m3 pl4y 1c3cr4f7.ml
advertising	c o m e  p l a y  i c e c r a f t . m l
advertising	cοmе pIаy icеcrаft.mI
advertising	COME PLAY ICECRAFT.ML
advertising	CoMe PlAy IcEcRaFt.Ml
advertising	cooome plaaay iiicecraft.ml
advertising	come play icecraft-ml
advertising	come play icecraft;ml
advertising	come play icecraft~ml
advertising	come play icecraft.ml com
advertising	come play iccrft.ml
advertising	ccomme ppllayy icceccrrafftt.mmll
advertising	come.!.play.!.icecraft.ml
advertising	icecraft.ml play come
advertising	c0m3 pl4y 1c3cr4f7 ml
advertising	c0m3 pI4y 1c3cr4f7.mI
advertising	CoMe PlAy IcEcRaFtMl
advertising	c 0 m 3  p l 4 y  1 c 3 c r 4 f 7 . m l
advertising	come play junglecraft.net
advertising	come play junglecraft,net
advertising	come play junglecraft_net
advertising	come play junglecraft'net
advertising	come play junglecraft*net
advertising	come play junglecraftnet
advertising	come play junglecraft net
advertising	come play junglecraft(dot)net
advertising	c0m3 pl4y jungl3cr4f7.n37
advertising	c o m e  p l a y  j u n g l e c r a f t . n e t
advertising	cοmе pIаy jungIеcrаft.nеt
advertising	COME PLAY JUNGLECRAFT.NET
advertising	CoMe PlAy JuNgLeCrAfT.nEt
advertising	cooome plaaay juuunglecraft.net
advertising	come play junglecraft-net
advertising	come play junglecraft;net
advertising	come play junglecraft~net
advertising	come play junglecraft.net com
advertising	come play jnglcrft.nt
advertising	ccomme ppllayy jjunngglleccrrafftt.nnett
advertising	come.!.play.!.junglecraft.net
advertising	junglecraft.net play come
advertising	c0m3 pl4y jungl3cr4f7 n37
advertising	c0m3 pI4y jungI3cr4f7.n37
advertising	CoMe PlAy JuNgLeCrAfTnEt
advertising	c 0 m 3  p l 4 y  j u n g l 3 c r 4 f 7 . n 3 7
advertising	come play kingdoms.gg
advertising	come play kingdoms,gg
advertising	come play kingdoms_gg
advertising	come play kingdoms'gg
advertising	come play kingdoms*gg
advertising	come play kingdomsgg
advertising	come play kingdoms gg
advertising	come play kingdoms(dot)gg
advertising	c0m3 pl4y k1ngd0m5.gg
advertising	c o m e  p l a y  k i n g d o m s . g g
advertising	cοmе pIаy kingdοms.gg
advertising	COME PLAY KINGDOMS.GG
advertising	CoMe PlAy KiNgDoMs.Gg
advertising	cooome plaaay kiiingdoms.gg
advertising	come play kingdoms-gg
advertising	come play kingdoms;gg
advertising	come play kingdoms~gg
advertising	come play kingdoms.gg com
advertising	come play kngdms.gg
advertising	ccomme ppllayy kkinnggddommss.gggg
advertising	come.!.play.!.kingdoms.gg
advertising	kingdoms.gg play come
advertising	c0m3 pl4y k1ngd0m5 gg
advertising	c0m3 pI4y k1ngd0m5.gg
advertising	CoMe PlAy KiNgDoMsGg
advertising	c 0 m 3  p l 4 y  k 1 n g d 0 m 5 . g g
advertising	come play lunarmc.xyz
advertising	come play lunarmc,xyz
advertising	come play lunarmc_xyz
advertising	come play lunarmc'xyz
advertising	come play lunarmc*xyz
advertising	come play lunarmcxyz
advertising	come play lunarmc xyz
advertising	come play lunarmc(dot)xyz
advertising	c0m3 pl4y lun4rmc.xyz
advertising	c o m e  p l a y  l u n a r m c . x y z
advertising	cοmе pIаy Iunаrmc.xyz
advertising	COME PLAY LUNARMC.XYZ
advertising	CoMe PlAy LuNaRmC.xYz
advertising	cooome plaaay luuunarmc.xyz
advertising	come play lunarmc-xyz
advertising	come play lunarmc;xyz
advertising	come play lunarmc~xyz
advertising	come play lunarmc.xyz com
advertising	come play lnrmc.xyz
advertising	ccomme ppllayy llunnarrmmcc.xxyyzz
advertising	come.!.play.!.lunarmc.xyz
advertising	lunarmc.xyz play come
advertising	c0m3 pl4y lun4rmc xyz
advertising	c0m3 pI4y Iun4rmc.xyz
advertising	CoMe PlAy LuNaRmCxYz
advertising	c 0 m 3  p l 4 y  l u n 4 r m c . x y z
advertising	come play nethermc.org
advertising	come play nethermc,org
advertising	come play nethermc_org
advertising	come play nethermc'org
advertising	come play nethermc*org
advertising	come play nethermcorg
advertising	come play nethermc org
advertising	come play nethermc(dot)org
advertising	c0m3 pl4y n37h3rmc.0rg
advertising	c o m e  p l a y  n e t h e r m c . o r g
advertising	cοmе pIаy nеthеrmc.οrg
advertising	COME PLAY NETHERMC.ORG
advertising	CoMe PlAy NeThErMc.OrG
advertising	cooome plaaay neeethermc.org
advertising	come play nethermc-org
advertising	come play nethermc;org
advertising	come play nethermc~org
advertising	come play nethermc.org com
advertising	come play nthrmc.rg
advertising	ccomme ppllayy nnetthherrmmcc.orrgg
advertising	come.!.play.!.nethermc.org
advertising	nethermc.org play come
advertising	c0m3 pl4y n37h3rmc 0rg
advertising	c0m3 pI4y n37h3rmc.0rg
advertising	CoMe PlAy NeThErMcOrG
advertising	c 0 m 3  p l 4 y  n 3 7 h 3 r m c . 0 r g
advertising	everyone join examplecraft.net
advertising	everyone join examplecraft,net
advertising	everyone join examplecraft_net
advertising	everyone join examplecraft'net
advertising	everyone join examplecraft*net
advertising	everyone join examplecraftnet
advertising	everyone join examplecraft net
advertising	everyone join examplecraft(dot)net
advertising	3v3ry0n3 j01n 3x4mpl3cr4f7.n37
advertising	e v e r y o n e  j o i n  e x a m p l e c r a f t . n e t
advertising	еvеryοnе jοin еxаmpIеcrаft.nеt
advertising	EVERYONE JOIN EXAMPLECRAFT.NET
advertising	EvErYoNe JoIn ExAmPlEcRaFt.NeT
advertising	eeeveryone joooin eeexamplecraft.net
advertising	everyone join examplecraft-net
advertising	everyone join examplecraft;net
advertising	everyone join examplecraft~net
advertising	everyone join examplecraft.net eve
advertising	evryne join exmplcrft.nt
advertising	evverryyonne jjoinn exxammpplleccrrafftt.nnett
advertising	everyone.!.join.!.examplecraft.net
advertising	examplecraft.net join everyone
advertising	3v3ry0n3 j01n 3x4mpl3cr4f7 n37
advertising	3v3ry0n3 j01n 3x4mpI3cr4f7.n37
advertising	EvErYoNe JoIn ExAmPlEcRaFtNeT
advertising	3 v 3 r y 0 n 3  j 0 1 n  3 x 4 m p l 3 c r 4 f 7 . n 3 7
advertising	everyone join play.examplecraft.gg
advertising	everyone join play,examplecraft,gg
advertising	everyone join play_examplecraft_gg
advertising	everyone join play'examplecraft'gg
advertising	everyone join play*examplecraft*gg
advertising	everyone join playexamplecraftgg
advertising	everyone join play examplecraft gg
advertising	everyone join play(dot)examplecraft(dot)gg
advertising	3v3ry0n3 j01n pl4y.3x4mpl3cr4f7.gg
advertising	e v e r y o n e  j o i n  p l a y . e x a m p l e c r a f t . g g
advertising	еvеryοnе jοin pIаy.еxаmpIеcrаft.gg
advertising	EVERYONE JOIN PLAY.EXAMPLECRAFT.GG
advertising	EvErYoNe JoIn PlAy.ExAmPlEcRaFt.Gg
advertising	eeeveryone joooin plaaay.examplecraft.gg
advertising	everyone join play-examplecraft-gg
advertising	everyone join play;examplecraft;gg
advertising	everyone join play~examplecraft~gg
advertising	everyone join play.examplecraft.gg eve
advertising	evryne join ply.xmplcrft.gg
advertising	evverryyonne jjoinn ppllayy.exxammpplleccrrafftt.gggg
advertising	everyone.!.join.!.play.examplecraft.gg
advertising	play.examplecraft.gg join everyone
advertising	3v3ry0n3 j01n pl4y 3x4mpl3cr4f7 gg
advertising	3v3ry0n3 j01n pI4y.3x4mpI3cr4f7.gg
advertising	EvErYoNe JoIn PlAyExAmPlEcRaFtGg
advertising	3 v 3 r y 0 n 3  j 0 1 n  p l 4 y . 3 x 4 m p l 3 c r 4 f 7 . g g
advertising	everyone join mc123.org
advertising	everyone join mc123,org
advertising	everyone join mc123_org
advertising	everyone join mc123'org
advertising	everyone join mc123*org
advertising	everyone join mc123org
advertising	everyone join mc123 org
advertising	everyone join mc123(dot)org
advertising	3v3ry0n3 j01n mc123.0rg
advertising	e v e r y o n e  j o i n  m c 1 2 3 . o r g
advertising	еvеryοnе jοin mc123.οrg
advertising	EVERYONE JOIN MC123.ORG
advertising	EvErYoNe JoIn Mc123.OrG
advertising	eeeveryone joooin mc123.ooorg
advertising	everyone join mc123-org
advertising	everyone join mc123;org
advertising	everyone join mc123~org
advertising	everyone join mc123.org eve
advertising	evryne join mc123.rg
advertising	evverryyonne jjoinn mmcc123.orrgg
advertising	everyone.!.join.!.mc123.org
advertising	mc123.org join everyone
advertising	3v3ry0n3 j01n mc123 0rg
advertising	EvErYoNe JoIn Mc123OrG
advertising	3 v 3 r y 0 n 3  j 0 1 n  m c 1 2 3 . 0 r g
advertising	everyone join coolpvp.xyz
advertising	everyone join coolpvp,xyz
advertising	everyone join coolpvp_xyz
advertising	everyone join coolpvp'xyz
advertising	everyone join coolpvp*xyz
advertising	everyone join coolpvpxyz
advertising	everyone join coolpvp xyz
advertising	everyone join coolpvp(dot)xyz
advertising	3v3ry0n3 j01n c00lpvp.xyz
advertising	e v e r y o n e  j o i n  c o o l p v p . x y z
advertising	еvеryοnе jοin cοοIpvp.xyz
advertising	EVERYONE JOIN COOLPVP.XYZ
advertising	EvErYoNe JoIn CoOlPvP.xYz
advertising	eeeveryone joooin coooolpvp.xyz
advertising	everyone join coolpvp-xyz
advertising	everyone join coolpvp;xyz
advertising	everyone join coolpvp~xyz
advertising	everyone join coolpvp.xyz eve
advertising	evryne join clpvp.xyz
advertising	evverryyonne jjoinn ccoollppvvpp.xxyyzz
advertising	everyone.!.join.!.coolpvp.xyz
advertising	coolpvp.xyz join everyone
advertising	3v3ry0n3 j01n c00lpvp xyz
advertising	3v3ry0n3 j01n c00Ipvp.xyz
advertising	EvErYoNe JoIn CoOlPvPxYz
advertising	3 v 3 r y 0 n 3  j 0 1 n  c 0 0 l p v p . x y z
advertising	everyone join funserver.com
advertising	everyone join funserver,com
advertising	everyone join funserver_com
advertising	everyone join funserver'com
advertising	everyone join funserver*com
advertising	everyone join funservercom
advertising	everyone join funserver com
advertising	everyone join funserver(dot)com
advertising	3v3ry0n3 j01n fun53rv3r.c0m
advertising	e v e r y o n e  j o i n  f u n s e r v e r . c o m
advertising	еvеryοnе jοin funsеrvеr.cοm
advertising	EVERYONE JOIN FUNSERVER.COM
advertising	EvErYoNe JoIn FuNsErVeR.cOm
advertising	eeeveryone joooin fuuunserver.com
advertising	everyone join funserver-com
advertising	everyone join funserver;com
advertising	everyone join funserver~com
advertising	everyone join funserver.com eve
advertising	evryne join fnsrvr.cm
advertising	evverryyonne jjoinn ffunnsserrvverr.ccomm
advertising	everyone.!.join.!.funserver.com
advertising	funserver.com join everyone
advertising	3v3ry0n3 j01n fun53rv3r c0m
advertising	EvErYoNe JoIn FuNsErVeRcOm
advertising	3 v 3 r y 0 n 3  j 0 1 n  f u n 5 3 r v 3 r . c 0 m
advertising	everyone join hypixelclone.net
advertising	everyone join hypixelclone,net
advertising	everyone join hypixelclone_net
advertising	everyone join hypixelclone'net
advertising	everyone join hypixelclone*net
advertising	everyone join hypixelclonenet
advertising	everyone join hypixelclone net
advertising	everyone join hypixelclone(dot)net
advertising	3v3ry0n3 j01n hyp1x3lcl0n3.n37
advertising	e v e r y o n e  j o i n  h y p i x e l c l o n e . n e t
advertising	еvеryοnе jοin hypixеIcIοnе.nеt
advertising	EVERYONE JOIN HYPIXELCLONE.NET
advertising	EvErYoNe JoIn HyPiXeLcLoNe.NeT
advertising	eeeveryone joooin hypiiixelclone.net
advertising	everyone join hypixelclone-net
advertising	everyone join hypixelclone;net
advertising	everyone join hypixelclone~net
advertising	everyone join hypixelclone.net eve
advertising	evryne join hypxlcln.nt
advertising	evverryyonne jjoinn hhyyppixxellccllonne.nnett
advertising	everyone.!.join.!.hypixelclone.net
advertising	hypixelclone.net join everyone
advertising	3v3ry0n3 j01n hyp1x3lcl0n3 n37
advertising	3v3ry0n3 j01n hyp1x3IcI0n3.n37
advertising	EvErYoNe JoIn HyPiXeLcLoNeNeT
advertising	3 v 3 r y 0 n 3  j 0 1 n  h y p 1 x 3 l c l 0 n 3 . n 3 7
advertising	everyone join pvpzone.gg
advertising	everyone join pvpzone,gg
advertising	everyone join pvpzone_gg
advertising	everyone join pvpzone'gg
advertising	everyone join pvpzone*gg
advertising	everyone join pvpzonegg
advertising	everyone join pvpzone gg
advertising	everyone join pvpzone(dot)gg
advertising	3v3ry0n3 j01n pvpz0n3.gg
advertising	e v e r y o n e  j o i n  p v p z o n e . g g
advertising	еvеryοnе jοin pvpzοnе.gg
advertising	EVERYONE JOIN PVPZONE.GG
advertising	EvErYoNe JoIn PvPzOnE.gG
advertising	eeeveryone joooin pvpzooone.gg
advertising	everyone join pvpzone-gg
advertising	everyone join pvpzone;gg
advertising	everyone join pvpzone~gg
advertising	everyone join pvpzone.gg eve
advertising	evryne join pvpzn.gg
advertising	evverryyonne jjoinn ppvvppzzonne.gggg
advertising	everyone.!.join.!.pvpzone.gg
advertising	pvpzone.gg join everyone
advertising	3v3ry0n3 j01n pvpz0n3 gg
advertising	EvErYoNe JoIn PvPzOnEgG
advertising	3 v 3 r y 0 n 3  j 0 1 n  p v p z 0 n 3 . g g
advertising	everyone join survivalcraft.org
advertising	everyone join survivalcraft,org
advertising	everyone join survivalcraft_org
advertising	everyone join survivalcraft'org
advertising	everyone join survivalcraft*org
advertising	everyone join survivalcraftorg
advertising	everyone join survivalcraft org
advertising	everyone join survivalcraft(dot)org
advertising	3v3ry0n3 j01n 5urv1v4lcr4f7.0rg
advertising	e v e r y o n e  j o i n  s u r v i v a l c r a f t . o r g
advertising	еvеryοnе jοin survivаIcrаft.οrg
advertising	EVERYONE JOIN SURVIVALCRAFT.ORG
advertising	EvErYoNe JoIn SuRvIvAlCrAfT.oRg
advertising	eeeveryone joooin suuurvivalcraft.org
advertising	everyone join survivalcraft-org
advertising	everyone join survivalcraft;org
advertising	everyone join survivalcraft~org
advertising	everyone join survivalcraft.org eve
advertising	evryne join srvvlcrft.rg
advertising	evverryyonne jjoinn ssurrvvivvallccrrafftt.orrgg
advertising	everyone.!.join.!.survivalcraft.org
advertising	survivalcraft.org join everyone
advertising	3v3ry0n3 j01n 5urv1v4lcr4f7 0rg
advertising	3v3ry0n3 j01n 5urv1v4Icr4f7.0rg
advertising	EvErYoNe JoIn SuRvIvAlCrAfToRg
advertising	3 v 3 r y 0 n 3  j 0 1 n  5 u r v 1 v 4 l c r 4 f 7 . 0 r g
advertising	everyone join minescape.xyz
advertising	everyone join minescape,xyz
advertising	everyone join minescape_xyz
advertising	everyone join minescape'xyz
advertising	everyone join minescape*xyz
advertising	everyone join minescapexyz
advertising	everyone join minescape xyz
advertising	everyone join minescape(dot)xyz
advertising	3v3ry0n3 j01n m1n35c4p3.xyz
advertising	e v e r y o n e  j o i n  m i n e s c a p e . x y z
advertising	еvеryοnе jοin minеscаpе.xyz
advertising	EVERYONE JOIN MINESCAPE.XYZ
advertising	EvErYoNe JoIn MiNeScApE.xYz
advertising	eeeveryone joooin miiinescape.xyz
advertising	everyone join minescape-xyz
advertising	everyone join minescape;xyz
advertising	everyone join minescape~xyz
advertising	everyone join minescape.xyz eve
advertising	evryne join mnscp.xyz
advertising	evverryyonne jjoinn mminnessccappe.xxyyzz
advertising	everyone.!.join.!.minescape.xyz
advertising	minescape.xyz join everyone
advertising	3v3ry0n3 j01n m1n35c4p3 xyz
advertising	EvErYoNe JoIn MiNeScApExYz
advertising	3 v 3 r y 0 n 3  j 0 1 n  m 1 n 3 5 c 4 p 3 . x y z
advertising	everyone join craftkingdom.net
advertising	everyone join craftkingdom,net
advertising	everyone join craftkingdom_net
advertising	everyone join craftkingdom'net
advertising	everyone join craftkingdom*net
advertising	everyone join craftkingdomnet
advertising	everyone join craftkingdom net
advertising	everyone join craftkingdom(dot)net
advertising	3v3ry0n3 j01n cr4f7k1ngd0m.n37
advertising	e v e r y o n e  j o i n  c r a f t k i n g d o m . n e t
advertising	еvеryοnе jοin crаftkingdοm.nеt
advertising	EVERYONE JOIN CRAFTKINGDOM.NET
advertising	EvErYoNe JoIn CrAfTkInGdOm.NeT
advertising	eeeveryone joooin craaaftkingdom.net
advertising	everyone join craftkingdom-net
advertising	everyone join craftkingdom;net
advertising	everyone join craftkingdom~net
advertising	everyone join craftkingdom.net eve
advertising	evryne join crftkngdm.nt
advertising	evverryyonne jjoinn ccrraffttkkinnggddomm.nnett
advertising	everyone.!.join.!.craftkingdom.net
advertising	craftkingdom.net join everyone
advertising	3v3ry0n3 j01n cr4f7k1ngd0m n37
advertising	EvErYoNe JoIn CrAfTkInGdOmNeT
advertising	3 v 3 r y 0 n 3  j 0 1 n  c r 4 f 7 k 1 n g d 0 m . n 3 7
advertising	everyone join skypvp.gg
advertising	everyone join skypvp,gg
advertising	everyone join skypvp_gg
advertising	everyone join skypvp'gg
advertising	everyone join skypvp*gg
advertising	everyone join skypvpgg
advertising	everyone join skypvp gg
advertising	everyone join skypvp(dot)gg
advertising	3v3ry0n3 j01n 5kypvp.gg
advertising	e v e r y o n e  j o i n  s k y p v p . g g
advertising	еvеryοnе jοin skypvp.gg
advertising	EVERYONE JOIN SKYPVP.GG
advertising	EvErYoNe JoIn SkYpVp.Gg
advertising	eeeveryone joooin skypvp.gg
advertising	everyone join skypvp-gg
advertising	everyone join skypvp;gg
advertising	everyone join skypvp~gg
advertising	everyone join skypvp.gg eve
advertising	evryne join skypvp.gg
advertising	evverryyonne jjoinn sskkyyppvvpp.gggg
advertising	everyone.!.join.!.skypvp.gg
advertising	skypvp.gg join everyone
advertising	3v3ry0n3 j01n 5kypvp gg
advertising	EvErYoNe JoIn SkYpVpGg
advertising	3 v 3 r y 0 n 3  j 0 1 n  5 k y p v p . g g
advertising	everyone join bedwars.pro
advertising	everyone join bedwars,pro
advertising	everyone join bedwars_pro
advertising	everyone join bedwars'pro
advertising	everyone join bedwars*pro
advertising	everyone join bedwarspro
advertising	everyone join bedwars pro
advertising	everyone join bedwars(dot)pro
advertising	3v3ry0n3 j01n b3dw4r5.pr0
advertising	e v e r y o n e  j o i n  b e d w a r s . p r o
advertising	еvеryοnе jοin bеdwаrs.prο
advertising	EVERYONE JOIN BEDWARS.PRO
advertising	EvErYoNe JoIn BeDwArS.pRo
advertising	eeeveryone joooin beeedwars.pro
advertising	everyone join bedwars-pro
advertising	everyone join bedwars;pro
advertising	everyone join bedwars~pro
advertising	everyone join bedwars.pro eve
advertising	evryne join bdwrs.pro
advertising	evverryyonne jjoinn bbeddwwarrss.pprro
advertising	everyone.!.join.!.bedwars.pro
advertising	bedwars.pro join everyone
advertising	3v3ry0n3 j01n b3dw4r5 pr0
advertising	EvErYoNe JoIn BeDwArSpRo
advertising	3 v 3 r y 0 n 3  j 0 1 n  b 3 d w 4 r 5 . p r 0
advertising	everyone join anarchy.ml
advertising	everyone join anarchy,ml
advertising	everyone join anarchy_ml
advertising	everyone join anarchy'ml
advertising	everyone join anarchy*ml
advertising	everyone join anarchyml
advertising	everyone join anarchy ml
advertising	everyone join anarchy(dot)ml
advertising	3v3ry0n3 j01n 4n4rchy.ml
advertising	e v e r y o n e  j o i n  a n a r c h y . m l
advertising	еvеryοnе jοin аnаrchy.mI
advertising	EVERYONE JOIN ANARCHY.ML
advertising	EvErYoNe JoIn AnArChY.mL
advertising	eeeveryone joooin aaanarchy.ml
advertising	everyone join anarchy-ml
advertising	everyone join anarchy;ml
advertising	everyone join anarchy~ml
advertising	everyone join anarchy.ml eve
advertising	evryne join anrchy.ml
advertising	evverryyonne jjoinn annarrcchhyy.mmll
advertising	everyone.!.join.!.anarchy.ml
advertising	anarchy.ml join everyone
advertising	3v3ry0n3 j01n 4n4rchy ml
advertising	3v3ry0n3 j01n 4n4rchy.mI
advertising	EvErYoNe JoIn AnArChYmL
advertising	3 v 3 r y 0 n 3  j 0 1 n  4 n 4 r c h y . m l
advertising	everyone join smp.tk
advertising	everyone join smp,tk
advertising	everyone join smp_tk
advertising	everyone join smp'tk
advertising	everyone join smp*tk
advertising	everyone join smptk
advertising	everyone join smp tk
advertising	everyone join smp(dot)tk
advertising	3v3ry0n3 j01n 5mp.7k
advertising	e v e r y o n e  j o i n  s m p . t k
advertising	еvеryοnе jοin smp.tk
advertising	EVERYONE JOIN SMP.TK
advertising	EvErYoNe JoIn SmP.tK
advertising	eeeveryone joooin smp.tk
advertising	everyone join smp-tk
advertising	everyone join smp;tk
advertising	everyone join smp~tk
advertising	everyone join smp.tk eve
advertising	evryne join smp.tk
advertising	evverryyonne jjoinn ssmmpp.ttkk
advertising	everyone.!.join.!.smp.tk
advertising	smp.tk join everyone
advertising	3v3ry0n3 j01n 5mp 7k
advertising	EvErYoNe JoIn SmPtK
advertising	3 v 3 r y 0 n 3  j 0 1 n  5 m p . 7 k
advertising	everyone join creativecraft.com
advertising	everyone join creativecraft,com
advertising	everyone join creativecraft_com
advertising	everyone join creativecraft'com
advertising	everyone join creativecraft*com
advertising	everyone join creativecraftcom
advertising	everyone join creativecraft com
advertising	everyone join creativecraft(dot)com
advertising	3v3ry0n3 j01n cr3471v3cr4f7.c0m
advertising	e v e r y o n e  j o i n  c r e a t i v e c r a f t . c o m
advertising	еvеryοnе jοin crеаtivеcrаft.cοm
advertising	EVERYONE JOIN CREATIVECRAFT.COM
advertising	EvErYoNe JoIn CrEaTiVeCrAfT.cOm
advertising	eeeveryone joooin creeeativecraft.com
advertising	everyone join creativecraft-com
advertising	everyone join creativecraft;com
advertising	everyone join creativecraft~com
advertising	everyone join creativecraft.com eve
advertising	evryne join crtvcrft.cm
advertising	evverryyonne jjoinn ccrreattivveccrrafftt.ccomm
advertising	everyone.!.join.!.creativecraft.com
advertising	creativecraft.com join everyone
advertising	3v3ry0n3 j01n cr3471v3cr4f7 c0m
advertising	EvErYoNe JoIn CrEaTiVeCrAfTcOm
advertising	3 v 3 r y 0 n 3  j 0 1 n  c r 3 4 7 1 v 3 c r 4 f 7 . c 0 m
advertising	everyone join dragonmc.net
advertising	everyone join dragonmc,net
advertising	everyone join dragonmc_net
advertising	everyone join dragonmc'net
advertising	everyone join dragonmc*net
advertising	everyone join dragonmcnet
advertising	everyone join dragonmc net
advertising	everyone join dragonmc(dot)net
advertising	3v3ry0n3 j01n dr4g0nmc.n37
advertising	e v e r y o n e  j o i n  d r a g o n m c . n e t
advertising	еvеryοnе jοin drаgοnmc.nеt
advertising	EVERYONE JOIN DRAGONMC.NET
advertising	EvErYoNe JoIn DrAgOnMc.NeT
advertising	eeeveryone joooin draaagonmc.net
advertising	everyone join dragonmc-net
advertising	everyone join dragonmc;net
advertising	everyone join dragonmc~net
advertising	everyone join dragonmc.net eve
advertising	evryne join drgnmc.nt
advertising	evverryyonne jjoinn ddrraggonnmmcc.nnett
advertising	everyone.!.join.!.dragonmc.net
advertising	dragonmc.net join everyone
advertising	3v3ry0n3 j01n dr4g0nmc n37
advertising	EvErYoNe JoIn DrAgOnMcNeT
advertising	3 v 3 r y 0 n 3  j 0 1 n  d r 4 g 0 n m c . n 3 7
advertising	everyone join emeraldisle.org
advertising	everyone join emeraldisle,org
advertising	everyone join emeraldisle_org
advertising	everyone join emeraldisle'org
advertising	everyone join emeraldisle*org
advertising	everyone join emeraldisleorg
advertising	everyone join emeraldisle org
advertising	everyone join emeraldisle(dot)org
advertising	3v3ry0n3 j01n 3m3r4ld15l3.0rg
advertising	e v e r y o n e  j o i n  e m e r a l d i s l e . o r g
advertising	еvеryοnе jοin еmеrаIdisIе.οrg
advertising	EVERYONE JOIN EMERALDISLE.ORG
advertising	EvErYoNe JoIn EmErAlDiSlE.oRg
advertising	eeeveryone joooin eeemeraldisle.org
advertising	everyone join emeraldisle-org
advertising	everyone join emeraldisle;org
advertising	everyone join emeraldisle~org
advertising	everyone join emeraldisle.org eve
advertising	evryne join emrldsl.rg
advertising	evverryyonne jjoinn emmerrallddisslle.orrgg
advertising	everyone.!.join.!.emeraldisle.org
advertising	emeraldisle.org join everyone
advertising	3v3ry0n3 j01n 3m3r4ld15l3 0rg
advertising	3v3ry0n3 j01n 3m3r4Id15I3.0rg
advertising	EvErYoNe JoIn EmErAlDiSlEoRg
advertising	3 v 3 r y 0 n 3  j 0 1 n  3 m 3 r 4 l d 1 5 l 3 . 0 r g
advertising	everyone join foxcraft.gg
advertising	everyone join foxcraft,gg
advertising	everyone join foxcraft_gg
advertising	everyone join foxcraft'gg
advertising	everyone join foxcraft*gg
advertising	everyone join foxcraftgg
advertising	everyone join foxcraft gg
advertising	everyone join foxcraft(dot)gg
advertising	3v3ry0n3 j01n f0xcr4f7.gg
advertising	e v e r y o n e  j o i n  f o x c r a f t . g g
advertising	еvеryοnе jοin fοxcrаft.gg
advertising	EVERYONE JOIN FOXCRAFT.GG
advertising	EvErYoNe JoIn FoXcRaFt.Gg
advertising	eeeveryone joooin foooxcraft.gg
advertising	everyone join foxcraft-gg
advertising	everyone join foxcraft;gg
advertising	everyone join foxcraft~gg
advertising	everyone join foxcraft.gg eve
advertising	evryne join fxcrft.gg
advertising	evverryyonne jjoinn ffoxxccrrafftt.gggg
advertising	everyone.!.join.!.foxcraft.gg
advertising	foxcraft.gg join everyone
advertising	3v3ry0n3 j01n f0xcr4f7 gg
advertising	EvErYoNe JoIn FoXcRaFtGg
advertising	3 v 3 r y 0 n 3  j 0 1 n  f 0 x c r 4 f 7 . g g
advertising	everyone join goldrush.xyz
advertising	everyone join goldrush,xyz
advertising	everyone join goldrush_xyz
advertising	everyone join goldrush'xyz
advertising	everyone join goldrush*xyz
advertising	everyone join goldrushxyz
advertising	everyone join goldrush xyz
advertising	everyone join goldrush(dot)xyz
advertising	3v3ry0n3 j01n g0ldru5h.xyz
advertising	e v e r y o n e  j o i n  g o l d r u s h . x y z
advertising	еvеryοnе jοin gοIdrush.xyz
advertising	EVERYONE JOIN GOLDRUSH.XYZ
advertising	EvErYoNe JoIn GoLdRuSh.XyZ
advertising	eeeveryone joooin goooldrush.xyz
advertising	everyone join goldrush-xyz
advertising	everyone join goldrush;xyz
advertising	everyone join goldrush~xyz
advertising	everyone join goldrush.xyz eve
advertising	evryne join gldrsh.xyz
advertising	evverryyonne jjoinn ggollddrrusshh.xxyyzz
advertising	everyone.!.join.!.goldrush.xyz
advertising	goldrush.xyz join everyone
advertising	3v3ry0n3 j01n g0ldru5h xyz
advertising	3v3ry0n3 j01n g0Idru5h.xyz
advertising	EvErYoNe JoIn GoLdRuShXyZ
advertising	3 v 3 r y 0 n 3  j 0 1 n  g 0 l d r u 5 h . x y z
advertising	everyone join icecraft.ml
advertising	everyone join icecraft,ml
advertising	everyone join icecraft_ml
advertising	everyone join icecraft'ml
advertising	everyone join icecraft*ml
advertising	everyone join icecraftml
advertising	everyone join icecraft ml
advertising	everyone join icecraft(dot)ml
advertising	3v3ry0n3 j01n 1c3cr4f7.ml
advertising	e v e r y o n e  j o i n  i c e c r a f t . m l
advertising	еvеryοnе jοin icеcrаft.mI
advertising	EVERYONE JOIN ICECRAFT.ML
advertising	EvErYoNe JoIn IcEcRaFt.Ml
advertising	eeeveryone joooin iiicecraft.ml
advertising	everyone join icecraft-ml
advertising	everyone join icecraft;ml
advertising	everyone join icecraft~ml
advertising	everyone join icecraft.ml eve
advertising	evryne join iccrft.ml
advertising	evverryyonne jjoinn icceccrrafftt.mmll
advertising	everyone.!.join.!.icecraft.ml
advertising	icecraft.ml join everyone
advertising	3v3ry0n3 j01n 1c3cr4f7 ml
advertising	3v3ry0n3 j01n 1c3cr4f7.mI
advertising	EvErYoNe JoIn IcEcRaFtMl
advertising	3 v 3 r y 0 n 3  j 0 1 n  1 c 3 c r 4 f 7 . m l
advertising	everyone join junglecraft.net
advertising	everyone join junglecraft,net
advertising	everyone join junglecraft_net
advertising	everyone join junglecraft'net
advertising	everyone join junglecraft*net
advertising	everyone join junglecraftnet
advertising	everyone join junglecraft net
advertising	everyone join junglecraft(dot)net
advertising	3v3ry0n3 j01n jungl3cr4f7.n37
advertising	e v e r y o n e  j o i n  j u n g l e c r a f t . n e t
advertising	еvеryοnе jοin jungIеcrаft.nеt
advertising	EVERYONE JOIN JUNGLECRAFT.NET
advertising	EvErYoNe JoIn JuNgLeCrAfT.nEt
advertising	eeeveryone joooin juuunglecraft.net
advertising	everyone join junglecraft-net
advertising	everyone join junglecraft;net
advertising	everyone join junglecraft~net
advertising	everyone join junglecraft.net eve
advertising	evryne join jnglcrft.nt
advertising	evverryyonne jjoinn jjunngglleccrrafftt.nnett
advertising	everyone.!.join.!.junglecraft.net
advertising	junglecraft.net join everyone
advertising	3v3ry0n3 j01n jungl3cr4f7 n37
advertising	3v3ry0n3 j01n jungI3cr4f7.n37
advertising	EvErYoNe JoIn JuNgLeCrAfTnEt
advertising	3 v 3 r y 0 n 3  j 0 1 n  j u n g l 3 c r 4 f 7 . n 3 7
advertising	everyone join kingdoms.gg
advertising	everyone join kingdoms,gg
advertising	everyone join kingdoms_gg
advertising	everyone join kingdoms'gg
advertising	everyone join kingdoms*gg
advertising	everyone join kingdomsgg
advertising	everyone join kingdoms gg
advertising	everyone join kingdoms(dot)gg
advertising	3v3ry0n3 j01n k1ngd0m5.gg
advertising	e v e r y o n e  j o i n  k i n g d o m s . g g
advertising	еvеryοnе jοin kingdοms.gg
advertising	EVERYONE JOIN KINGDOMS.GG
advertising	EvErYoNe JoIn KiNgDoMs.Gg
advertising	eeeveryone joooin kiiingdoms.gg
advertising	everyone join kingdoms-gg
advertising	everyone join kingdoms;gg
advertising	everyone join kingdoms~gg
advertising	everyone join kingdoms.gg eve
advertising	evryne join kngdms.gg
advertising	evverryyonne jjoinn kkinnggddommss.gggg
advertising	everyone.!.join.!.kingdoms.gg
advertising	kingdoms.gg join everyone
advertising	3v3ry0n3 j01n k1ngd0m5 gg
advertising	EvErYoNe JoIn KiNgDoMsGg
advertising	3 v 3 r y 0 n 3  j 0 1 n  k 1 n g d 0 m 5 . g g
advertising	everyone join lunarmc.xyz
advertising	everyone join lunarmc,xyz
advertising	everyone join lunarmc_xyz
advertising	everyone join lunarmc'xyz
advertising	everyone join lunarmc*xyz
advertising	everyone join lunarmcxyz
advertising	everyone join lunarmc xyz
advertising	everyone join lunarmc(dot)xyz
advertising	3v3ry0n3 j01n lun4rmc.xyz
advertising	e v e r y o n e  j o i n  l u n a r m c . x y z
advertising	еvеryοnе jοin Iunаrmc.xyz
advertising	EVERYONE JOIN LUNARMC.XYZ
advertising	EvErYoNe JoIn LuNaRmC.xYz
advertising	eeeveryone joooin luuunarmc.xyz
advertising	everyone join lunarmc-xyz
advertising	everyone join lunarmc;xyz
advertising	everyone join lunarmc~xyz
advertising	everyone join lunarmc.xyz eve
advertising	evryne join lnrmc.xyz
advertising	evverryyonne jjoinn llunnarrmmcc.xxyyzz
advertising	everyone.!.join.!.lunarmc.xyz
advertising	lunarmc.xyz join everyone
advertising	3v3ry0n3 j01n lun4rmc xyz
advertising	3v3ry0n3 j01n Iun4rmc.xyz
advertising	EvErYoNe JoIn LuNaRmCxYz
advertising	3 v 3 r y 0 n 3  j 0 1 n  l u n 4 r m c . x y z
advertising	everyone join nethermc.org
advertising	everyone join nethermc,org
advertising	everyone join nethermc_org
advertising	everyone join nethermc'org
advertising	everyone join nethermc*org
advertising	everyone join nethermcorg
advertising	everyone join nethermc org
advertising	everyone join nethermc(dot)org
advertising	3v3ry0n3 j01n n37h3rmc.0rg
advertising	e v e r y o n e  j o i n  n e t h e r m c . o r g
advertising	еvеryοnе jοin nеthеrmc.οrg
advertising	EVERYONE JOIN NETHERMC.ORG
advertising	EvErYoNe JoIn NeThErMc.OrG
advertising	eeeveryone joooin neeethermc.org
advertising	everyone join nethermc-org
advertising	everyone join nethermc;org
advertising	everyone join nethermc~org
advertising	everyone join nethermc.org eve
advertising	evryne join nthrmc.rg
advertising	evverryyonne jjoinn nnetthherrmmcc.orrgg
advertising	everyone.!.join.!.nethermc.org
advertising	nethermc.org join everyone
advertising	3v3ry0n3 j01n n37h3rmc 0rg
advertising	EvErYoNe JoIn NeThErMcOrG
advertising	3 v 3 r y 0 n 3  j 0 1 n  n 3 7 h 3 r m c . 0 r g
advertising	new server examplecraft.net
advertising	new server examplecraft,net
advertising	new server examplecraft_net
advertising	new server examplecraft'net
advertising	new server examplecraft*net
advertising	new server examplecraftnet
advertising	new server examplecraft net
advertising	new server examplecraft(dot)net
advertising	n3w 53rv3r 3x4mpl3cr4f7.n37
advertising	n e w  s e r v e r  e x a m p l e c r a f t . n e t
advertising	nеw sеrvеr еxаmpIеcrаft.nеt
advertising	NEW SERVER EXAMPLECRAFT.NET
advertising	NeW sErVeR eXaMpLeCrAfT.nEt
advertising	neeew seeerver eeexamplecraft.net
advertising	new server examplecraft-net
advertising	new server examplecraft;net
advertising	new server examplecraft~net
advertising	new server examplecraft.net new
advertising	new srvr exmplcrft.nt
advertising	nneww sserrvverr exxammpplleccrrafftt.nnett
advertising	new.!.server.!.examplecraft.net
advertising	examplecraft.net server new
advertising	n3w 53rv3r 3x4mpl3cr4f7 n37
advertising	n3w 53rv3r 3x4mpI3cr4f7.n37
advertising	NeW sErVeR eXaMpLeCrAfTnEt
advertising	n 3 w  5 3 r v 3 r  3 x 4 m p l 3 c r 4 f 7 . n 3 7
advertising	new server play.examplecraft.gg
advertising	new server play,examplecraft,gg
advertising	new server play_examplecraft_gg
advertising	new server play'examplecraft'gg
advertising	new server play*examplecraft*gg
advertising	new server playexamplecraftgg
advertising	new server play examplecraft gg
advertising	new server play(dot)examplecraft(dot)gg
advertising	n3w 53rv3r pl4y.3x4mpl3cr4f7.gg
advertising	n e w  s e r v e r  p l a y . e x a m p l e c r a f t . g g
advertising	nеw sеrvеr pIаy.еxаmpIеcrаft.gg
advertising	NEW SERVER PLAY.EXAMPLECRAFT.GG
advertising	NeW sErVeR pLaY.eXaMpLeCrAfT.gG
advertising	neeew seeerver plaaay.examplecraft.gg
advertising	new server play-examplecraft-gg
advertising	new server play;examplecraft;gg
advertising	new server play~examplecraft~gg
advertising	new server play.examplecraft.gg new
advertising	new srvr ply.xmplcrft.gg
advertising	nneww sserrvverr ppllayy.exxammpplleccrrafftt.gggg
advertising	new.!.server.!.play.examplecraft.gg
advertising	play.examplecraft.gg server new
advertising	n3w 53rv3r pl4y 3x4mpl3cr4f7 gg
advertising	n3w 53rv3r pI4y.3x4mpI3cr4f7.gg
advertising	NeW sErVeR pLaYeXaMpLeCrAfTgG
advertising	n 3 w  5 3 r v 3 r  p l 4 y . 3 x 4 m p l 3 c r 4 f 7 . g g
advertising	new server mc123.org
advertising	new server mc123,org
advertising	new server mc123_org
advertising	new server mc123'org
advertising	new server mc123*org
advertising	new server mc123org
advertising	new server mc123 org
advertising	new server mc123(dot)org
advertising	n3w 53rv3r mc123.0rg
advertising	n e w  s e r v e r  m c 1 2 3 . o r g
advertising	nеw sеrvеr mc123.οrg
advertising	NEW SERVER MC123.ORG
advertising	NeW sErVeR mC123.oRg
advertising	neeew seeerver mc123.ooorg
advertising	new server mc123-org
advertising	new server mc123;org
advertising	new server mc123~org
advertising	new server mc123.org new
advertising	new srvr mc123.rg
advertising	nneww sserrvverr mmcc123.orrgg
advertising	new.!.server.!.mc123.org
advertising	mc123.org server new
advertising	n3w 53rv3r mc123 0rg
advertising	NeW sErVeR mC123oRg
advertising	n 3 w  5 3 r v 3 r  m c 1 2 3 . 0 r g
advertising	new server coolpvp.xyz
advertising	new server coolpvp,xyz
advertising	new server coolpvp_xyz
advertising	new server coolpvp'xyz
advertising	new server coolpvp*xyz
advertising	new server coolpvpxyz
advertising	new server coolpvp xyz
advertising	new server coolpvp(dot)xyz
advertising	n3w 53rv3r c00lpvp.xyz
advertising	n e w  s e r v e r  c o o l p v p . x y z
advertising	nеw sеrvеr cοοIpvp.xyz
advertising	NEW SERVER COOLPVP.XYZ
advertising	NeW sErVeR cOoLpVp.XyZ
advertising	neeew seeerver coooolpvp.xyz
advertising	new server coolpvp-xyz
advertising	new server coolpvp;xyz
advertising	new server coolpvp~xyz
advertising	new server coolpvp.xyz new
advertising	new srvr clpvp.xyz
advertising	nneww sserrvverr ccoollppvvpp.xxyyzz
advertising	new.!.server.!.coolpvp.xyz
advertising	coolpvp.xyz server new
advertising	n3w 53rv3r c00lpvp xyz
advertising	n3w 53rv3r c00Ipvp.xyz
advertising	NeW sErVeR cOoLpVpXyZ
advertising	n 3 w  5 3 r v 3 r  c 0 0 l p v p . x y z
advertising	new server funserver.com
advertising	new server funserver,com
advertising	new server funserver_com
advertising	new server funserver'com
advertising	new server funserver*com
advertising	new server funservercom
advertising	new server funserver com
advertising	new server funserver(dot)com
advertising	n3w 53rv3r fun53rv3r.c0m
advertising	n e w  s e r v e r  f u n s e r v e r . c o m
advertising	nеw sеrvеr funsеrvеr.cοm
advertising	NEW SERVER FUNSERVER.COM
advertising	NeW sErVeR fUnSeRvEr.CoM
advertising	neeew seeerver fuuunserver.com
advertising	new server funserver-com
advertising	new server funserver;com
advertising	new server funserver~com
advertising	new server funserver.com new
advertising	new srvr fnsrvr.cm
advertising	nneww sserrvverr ffunnsserrvverr.ccomm
advertising	new.!.server.!.funserver.com
advertising	funserver.com server new
advertising	n3w 53rv3r fun53rv3r c0m
advertising	NeW sErVeR fUnSeRvErCoM
advertising	n 3 w  5 3 r v 3 r  f u n 5 3 r v 3 r . c 0 m
advertising	new server hypixelclone.net
advertising	new server hypixelclone,net
advertising	new server hypixelclone_net
advertising	new server hypixelclone'net
advertising	new server hypixelclone*net
advertising	new server hypixelclonenet
advertising	new server hypixelclone net
advertising	new server hypixelclone(dot)net
advertising	n3w 53rv3r hyp1x3lcl0n3.n37
advertising	n e w  s e r v e r  h y p i x e l c l o n e . n e t
advertising	nеw sеrvеr hypixеIcIοnе.nеt
advertising	NEW SERVER HYPIXELCLONE.NET
advertising	NeW sErVeR hYpIxElClOnE.nEt
advertising	neeew seeerver hypiiixelclone.net
advertising	new server hypixelclone-net
advertising	new server hypixelclone;net
advertising	new server hypixelclone~net
advertising	new server hypixelclone.net new
advertising	new srvr hypxlcln.nt
advertising	nneww sserrvverr hhyyppixxellccllonne.nnett
advertising	new.!.server.!.hypixelclone.net
advertising	hypixelclone.net server new
advertising	n3w 53rv3r hyp1x3lcl0n3 n37
advertising	n3w 53rv3r hyp1x3IcI0n3.n37
advertising	NeW sErVeR hYpIxElClOnEnEt
advertising	n 3 w  5 3 r v 3 r  h y p 1 x 3 l c l 0 n 3 . n 3 7
advertising	new server pvpzone.gg
advertising	new server pvpzone,gg
advertising	new server pvpzone_gg
advertising	new server pvpzone'gg
advertising	new server pvpzone*gg
advertising	new server pvpzonegg
advertising	new server pvpzone gg
advertising	new server pvpzone(dot)gg
advertising	n3w 53rv3r pvpz0n3.gg
advertising	n e w  s e r v e r  p v p z o n e . g g
advertising	nеw sеrvеr pvpzοnе.gg
advertising	NEW SERVER PVPZONE.GG
advertising	NeW sErVeR pVpZoNe.Gg
advertising	neeew seeerver pvpzooone.gg
advertising	new server pvpzone-gg
advertising	new server pvpzone;gg
advertising	new server pvpzone~gg
advertising	new server pvpzone.gg new
advertising	new srvr pvpzn.gg
advertising	nneww sserrvverr ppvvppzzonne.gggg
advertising	new.!.server.!.pvpzone.gg
advertising	pvpzone.gg server new
advertising	n3w 53rv3r pvpz0n3 gg
advertising	NeW sErVeR pVpZoNeGg
advertising	n 3 w  5 3 r v 3 r  p v p z 0 n 3 . g g
advertising	new server survivalcraft.org
advertising	new server survivalcraft,org
advertising	new server survivalcraft_org
advertising	new server survivalcraft'org
advertising	new server survivalcraft*org
advertising	new server survivalcraftorg
advertising	new server survivalcraft org
advertising	new server survivalcraft(dot)org
advertising	n3w 53rv3r 5urv1v4lcr4f7.0rg
advertising	n e w  s e r v e r  s u r v i v a l c r a f t . o r g
advertising	nеw sеrvеr survivаIcrаft.οrg
advertising	NEW SERVER SURVIVALCRAFT.ORG
advertising	NeW sErVeR sUrViVaLcRaFt.OrG
advertising	neeew seeerver suuurvivalcraft.org
advertising	new server survivalcraft-org
advertising	new server survivalcraft;org
advertising	new server survivalcraft~org
advertising	new server survivalcraft.org new
advertising	new srvr srvvlcrft.rg
advertising	nneww sserrvverr ssurrvvivvallccrrafftt.orrgg
advertising	new.!.server.!.survivalcraft.org
advertising	survivalcraft.org server new
advertising	n3w 53rv3r 5urv1v4lcr4f7 0rg
advertising	n3w 53rv3r 5urv1v4Icr4f7.0rg
advertising	NeW sErVeR sUrViVaLcRaFtOrG
advertising	n 3 w  5 3 r v 3 r  5 u r v 1 v 4 l c r 4 f 7 . 0 r g
advertising	new server minescape.xyz
advertising	new server minescape,xyz
advertising	new server minescape_xyz
advertising	new server minescape'xyz
advertising	new server minescape*xyz
advertising	new server minescapexyz
advertising	new server minescape xyz
advertising	new server minescape(dot)xyz
advertising	n3w 53rv3r m1n35c4p3.xyz
advertising	n e w  s e r v e r  m i n e s c a p e . x y z
advertising	nеw sеrvеr minеscаpе.xyz
advertising	NEW SERVER MINESCAPE.XYZ
advertising	NeW sErVeR mInEsCaPe.XyZ
advertising	neeew seeerver miiinescape.xyz
advertising	new server minescape-xyz
advertising	new server minescape;xyz
advertising	new server minescape~xyz
advertising	new server minescape.xyz new
advertising	new srvr mnscp.xyz
advertising	nneww sserrvverr mminnessccappe.xxyyzz
advertising	new.!.server.!.minescape.xyz
advertising	minescape.xyz server new
advertising	n3w 53rv3r m1n35c4p3 xyz
advertising	NeW sErVeR mInEsCaPeXyZ
advertising	n 3 w  5 3 r v 3 r  m 1 n 3 5 c 4 p 3 . x y z
advertising	new server craftkingdom.net
advertising	new server craftkingdom,net
advertising	new server craftkingdom_net
advertising	new server craftkingdom'net
advertising	new server craftkingdom*net
advertising	new server craftkingdomnet
advertising	new server craftkingdom net
advertising	new server craftkingdom(dot)net
advertising	n3w 53rv3r cr4f7k1ngd0m.n37
advertising	n e w  s e r v e r  c r a f t k i n g d o m . n e t
advertising	nеw sеrvеr crаftkingdοm.nеt
advertising	NEW SERVER CRAFTKINGDOM.NET
advertising	NeW sErVeR cRaFtKiNgDoM.nEt
advertising	neeew seeerver craaaftkingdom.net
advertising	new server craftkingdom-net
advertising	new server craftkingdom;net
advertising	new server craftkingdom~net
advertising	new server craftkingdom.net new
advertising	new srvr crftkngdm.nt
advertising	nneww sserrvverr ccrraffttkkinnggddomm.nnett
advertising	new.!.server.!.craftkingdom.net
advertising	craftkingdom.net server new
advertising	n3w 53rv3r cr4f7k1ngd0m n37
advertising	NeW sErVeR cRaFtKiNgDoMnEt
advertising	n 3 w  5 3 r v 3 r  c r 4 f 7 k 1 n g d 0 m . n 3 7
advertising	new server skypvp.gg
advertising	new server skypvp,gg
advertising	new server skypvp_gg
advertising	new server skypvp'gg
advertising	new server skypvp*gg
advertising	new server skypvpgg
advertising	new server skypvp gg
advertising	new server skypvp(dot)gg
advertising	n3w 53rv3r 5kypvp.gg
advertising	n e w  s e r v e r  s k y p v p . g g
advertising	nеw sеrvеr skypvp.gg
advertising	NEW SERVER SKYPVP.GG
advertising	NeW sErVeR sKyPvP.gG
advertising	neeew seeerver skypvp.gg
advertising	new server skypvp-gg
advertising	new server skypvp;gg
advertising	new server skypvp~gg
advertising	new server skypvp.gg new
advertising	new srvr skypvp.gg
advertising	nneww sserrvverr sskkyyppvvpp.gggg
advertising	new.!.server.!.skypvp.gg
advertising	skypvp.gg server new
advertising	n3w 53rv3r 5kypvp gg
advertising	NeW sErVeR sKyPvPgG
advertising	n 3 w  5 3 r v 3 r  5 k y p v p . g g
advertising	new server bedwars.pro
advertising	new server bedwars,pro
advertising	new server bedwars_pro
advertising	new server bedwars'pro
advertising	new server bedwars*pro
advertising	new server bedwarspro
advertising	new server bedwars pro
advertising	new server bedwars(dot)pro
advertising	n3w 53rv3r b3dw4r5.pr0
advertising	n e w  s e r v e r  b e d w a r s . p r o
advertising	nеw sеrvеr bеdwаrs.prο
advertising	NEW SERVER BEDWARS.PRO
advertising	NeW sErVeR bEdWaRs.PrO
advertising	neeew seeerver beeedwars.pro
advertising	new server bedwars-pro
advertising	new server bedwars;pro
advertising	new server bedwars~pro
advertising	new server bedwars.pro new
advertising	new srvr bdwrs.pro
advertising	nneww sserrvverr bbeddwwarrss.pprro
advertising	new.!.server.!.bedwars.pro
advertising	bedwars.pro server new
advertising	n3w 53rv3r b3dw4r5 pr0
advertising	NeW sErVeR bEdWaRsPrO
advertising	n 3 w  5 3 r v 3 r  b 3 d w 4 r 5 . p r 0
advertising	new server anarchy.ml
advertising	new server anarchy,ml
advertising	new server anarchy_ml
advertising	new server anarchy'ml
advertising	new server anarchy*ml
advertising	new server anarchyml
advertising	new server anarchy ml
advertising	new server anarchy(dot)ml
advertising	n3w 53rv3r 4n4rchy.ml
advertising	n e w  s e r v e r  a n a r c h y . m l
advertising	nеw sеrvеr аnаrchy.mI
advertising	NEW SERVER ANARCHY.ML
advertising	NeW sErVeR aNaRcHy.Ml
advertising	neeew seeerver aaanarchy.ml
advertising	new server anarchy-ml
advertising	new server anarchy;ml
advertising	new server anarchy~ml
advertising	new server anarchy.ml new
advertising	new srvr anrchy.ml
advertising	nneww sserrvverr annarrcchhyy.mmll
advertising	new.!.server.!.anarchy.ml
advertising	anarchy.ml server new
advertising	n3w 53rv3r 4n4rchy ml
advertising	n3w 53rv3r 4n4rchy.mI
advertising	NeW sErVeR aNaRcHyMl
advertising	n 3 w  5 3 r v 3 r  4 n 4 r c h y . m l
advertising	new server smp.tk
advertising	new server smp,tk
advertising	new server smp_tk
advertising	new server smp'tk
advertising	new server smp*tk
advertising	new server smptk
advertising	new server smp tk
advertising	new server smp(dot)tk
advertising	n3w 53rv3r 5mp.7k
advertising	n e w  s e r v e r  s m p . t k
advertising	nеw sеrvеr smp.tk
advertising	NEW SERVER SMP.TK
advertising	NeW sErVeR sMp.Tk
advertising	neeew seeerver smp.tk
advertising	new server smp-tk
advertising	new server smp;tk
advertising	new server smp~tk
advertising	new server smp.tk new
advertising	new srvr smp.tk
advertising	nneww sserrvverr ssmmpp.ttkk
advertising	new.!.server.!.smp.tk
advertising	smp.tk server new
advertising	n3w 53rv3r 5mp 7k
advertising	NeW sErVeR sMpTk
advertising	n 3 w  5 3 r v 3 r  5 m p . 7 k
advertising	new server creativecraft.com
advertising	new server creativecraft,com
advertising	new server creativecraft_com
advertising	new server creativecraft'com
advertising	new server creativecraft*com
advertising	new server creativecraftcom
advertising	new server creativecraft com
advertising	new server creativecraft(dot)com
advertising	n3w 53rv3r cr3471v3cr4f7.c0m
advertising	n e w  s e r v e r  c r e a t i v e c r a f t . c o m
advertising	nеw sеrvеr crеаtivеcrаft.cοm
advertising	NEW SERVER CREATIVECRAFT.COM
advertising	NeW sErVeR cReAtIvEcRaFt.CoM
advertising	neeew seeerver creeeativecraft.com
advertising	new server creativecraft-com
advertising	new server creativecraft;com
advertising	new server creativecraft~com
advertising	new server creativecraft.com new
advertising	new srvr crtvcrft.cm
advertising	nneww sserrvverr ccrreattivveccrrafftt.ccomm
advertising	new.!.server.!.creativecraft.com
advertising	creativecraft.com server new
advertising	n3w 53rv3r cr3471v3cr4f7 c0m
advertising	NeW sErVeR cReAtIvEcRaFtCoM
advertising	n 3 w  5 3 r v 3 r  c r 3 4 7 1 v 3 c r 4 f 7 . c 0 m
advertising	new server dragonmc.net
advertising	new server dragonmc,net
advertising	new server dragonmc_net
advertising	new server dragonmc'net
advertising	new server dragonmc*net
advertising	new server dragonmcnet
advertising	new server dragonmc net
advertising	new server dragonmc(dot)net
advertising	n3w 53rv3r dr4g0nmc.n37
advertising	n e w  s e r v e r  d r a g o n m c . n e t
advertising	nеw sеrvеr drаgοnmc.nеt
advertising	NEW SERVER DRAGONMC.NET
advertising	NeW sErVeR dRaGoNmC.nEt
advertising	neeew seeerver draaagonmc.net
advertising	new server dragonmc-net
advertising	new server dragonmc;net
advertising	new server dragonmc~net
advertising	new server dragonmc.net new
advertising	new srvr drgnmc.nt
advertising	nneww sserrvverr ddrraggonnmmcc.nnett
advertising	new.!.server.!.dragonmc.net
advertising	dragonmc.net server new
advertising	n3w 53rv3r dr4g0nmc n37
advertising	NeW sErVeR dRaGoNmCnEt
advertising	n 3 w  5 3 r v 3 r  d r 4 g 0 n m c . n 3 7
advertising	new server emeraldisle.org
advertising	new server emeraldisle,org
advertising	new server emeraldisle_org
advertising	new server emeraldisle'org
advertising	new server emeraldisle*org
advertising	new server emeraldisleorg
advertising	new server emeraldisle org
advertising	new server emeraldisle(dot)org
advertising	n3w 53rv3r 3m3r4ld15l3.0rg
advertising	n e w  s e r v e r  e m e r a l d i s l e . o r g
advertising	nеw sеrvеr еmеrаIdisIе.οrg
advertising	NEW SERVER EMERALDISLE.ORG
advertising	NeW sErVeR eMeRaLdIsLe.OrG
advertising	neeew seeerver eeemeraldisle.org
advertising	new server emeraldisle-org
advertising	new server emeraldisle;org
advertising	new server emeraldisle~org
advertising	new server emeraldisle.org new
advertising	new srvr emrldsl.rg
advertising	nneww sserrvverr emmerrallddisslle.orrgg
advertising	new.!.server.!.emeraldisle.org
advertising	emeraldisle.org server new
advertising	n3w 53rv3r 3m3r4ld15l3 0rg
advertising	n3w 53rv3r 3m3r4Id15I3.0rg
advertising	NeW sErVeR eMeRaLdIsLeOrG
advertising	n 3 w  5 3 r v 3 r  3 m 3 r 4 l d 1 5 l 3 . 0 r g
advertising	new server foxcraft.gg
advertising	new server foxcraft,gg
advertising	new server foxcraft_gg
advertising	new server foxcraft'gg
advertising	new server foxcraft*gg
advertising	new server foxcraftgg
advertising	new server foxcraft gg
advertising	new server foxcraft(dot)gg
advertising	n3w 53rv3r f0xcr4f7.gg
advertising	n e w  s e r v e r  f o x c r a f t . g g
advertising	nеw sеrvеr fοxcrаft.gg
advertising	NEW SERVER FOXCRAFT.GG
advertising	NeW sErVeR fOxCrAfT.gG
advertising	neeew seeerver foooxcraft.gg
advertising	new server foxcraft-gg
advertising	new server foxcraft;gg
advertising	new server foxcraft~gg
advertising	new server foxcraft.gg new
advertising	new srvr fxcrft.gg
advertising	nneww sserrvverr ffoxxccrrafftt.gggg
advertising	new.!.server.!.foxcraft.gg
advertising	foxcraft.gg server new
advertising	n3w 53rv3r f0xcr4f7 gg
advertising	NeW sErVeR fOxCrAfTgG
advertising	n 3 w  5 3 r v 3 r  f 0 x c r 4 f 7 . g g
advertising	new server goldrush.xyz
advertising	new server goldrush,xyz
advertising	new server goldrush_xyz
advertising	new server goldrush'xyz
advertising	new server goldrush*xyz
advertising	new server goldrushxyz
advertising	new server goldrush xyz
advertising	new server goldrush(dot)xyz
advertising	n3w 53rv3r g0ldru5h.xyz
advertising	n e w  s e r v e r  g o l d r u s h . x y z
advertising	nеw sеrvеr gοIdrush.xyz
advertising	NEW SERVER GOLDRUSH.XYZ
advertising	NeW sErVeR gOlDrUsH.xYz
advertising	neeew seeerver goooldrush.xyz
advertising	new server goldrush-xyz
advertising	new server goldrush;xyz
advertising	new server goldrush~xyz
advertising	new server goldrush.xyz new
advertising	new srvr gldrsh.xyz
advertising	nneww sserrvverr ggollddrrusshh.xxyyzz
advertising	new.!.server.!.goldrush.xyz
advertising	goldrush.xyz server new
advertising	n3w 53rv3r g0ldru5h xyz
advertising	n3w 53rv3r g0Idru5h.xyz
advertising	NeW sErVeR gOlDrUsHxYz
advertising	n 3 w  5 3 r v 3 r  g 0 l d r u 5 h . x y z
advertising	new server icecraft.ml
advertising	new server icecraft,ml
advertising	new server icecraft_ml
advertising	new server icecraft'ml
advertising	new server icecraft*ml
advertising	new server icecraftml
advertising	new server icecraft ml
advertising	new server icecraft(dot)ml
advertising	n3w 53rv3r 1c3cr4f7.ml
advertising	n e w  s e r v e r  i c e c r a f t . m l
advertising	nеw sеrvеr icеcrаft.mI
advertising	NEW SERVER ICECRAFT.ML
advertising	NeW sErVeR iCeCrAfT.mL
advertising	neeew seeerver iiicecraft.ml
advertising	new server icecraft-ml
advertising	new server icecraft;ml
advertising	new server icecraft~ml
advertising	new server icecraft.ml new
advertising	new srvr iccrft.ml
advertising	nneww sserrvverr icceccrrafftt.mmll
advertising	new.!.server.!.icecraft.ml
advertising	icecraft.ml server new
advertising	n3w 53rv3r 1c3cr4f7 ml
advertising	n3w 53rv3r 1c3cr4f7.mI
advertising	NeW sErVeR iCeCrAfTmL
advertising	n 3 w  5 3 r v 3 r  1 c 3 c r 4 f 7 . m l
advertising	new server junglecraft.net
advertising	new server junglecraft,net
advertising	new server junglecraft_net
advertising	new server junglecraft'net
advertising	new server junglecraft*net
advertising	new server junglecraftnet
advertising	new server junglecraft net
advertising	new server junglecraft(dot)net
advertising	n3w 53rv3r jungl3cr4f7.n37
advertising	n e w  s e r v e r  j u n g l e c r a f t . n e t
advertising	nеw sеrvеr jungIеcrаft.nеt
advertising	NEW SERVER JUNGLECRAFT.NET
advertising	NeW sErVeR jUnGlEcRaFt.NeT
advertising	neeew seeerver juuunglecraft.net
advertising	new server junglecraft-net
advertising	new server junglecraft;net
advertising	new server junglecraft~net
advertising	new server junglecraft.net new
advertising	new srvr jnglcrft.nt
advertising	nneww sserrvverr jjunngglleccrrafftt.nnett
advertising	new.!.server.!.junglecraft.net
advertising	junglecraft.net server new
advertising	n3w 53rv3r jungl3cr4f7 n37
advertising	n3w 53rv3r jungI3cr4f7.n37
advertising	NeW sErVeR jUnGlEcRaFtNeT
advertising	n 3 w  5 3 r v 3 r  j u n g l 3 c r 4 f 7 . n 3 7
advertising	new server kingdoms.gg
advertising	new server kingdoms,gg
advertising	new server kingdoms_gg
advertising	new server kingdoms'gg
advertising	new server kingdoms*gg
advertising	new server kingdomsgg
advertising	new server kingdoms gg
advertising	new server kingdoms(dot)gg
advertising	n3w 53rv3r k1ngd0m5.gg
advertising	n e w  s e r v e r  k i n g d o m s . g g
advertising	nеw sеrvеr kingdοms.gg
advertising	NEW SERVER KINGDOMS.GG
advertising	NeW sErVeR kInGdOmS.gG
advertising	neeew seeerver kiiingdoms.gg
advertising	new server kingdoms-gg
advertising	new server kingdoms;gg
advertising	new server kingdoms~gg
advertising	new server kingdoms.gg new
advertising	new srvr kngdms.gg
advertising	nneww sserrvverr kkinnggddommss.gggg
advertising	new.!.server.!.kingdoms.gg
advertising	kingdoms.gg server new
advertising	n3w 53rv3r k1ngd0m5 gg
advertising	NeW sErVeR kInGdOmSgG
advertising	n 3 w  5 3 r v 3 r  k 1 n g d 0 m 5 . g g
advertising	new server lunarmc.xyz
advertising	new server lunarmc,xyz
advertising	new server lunarmc_xyz
advertising	new server lunarmc'xyz
advertising	new server lunarmc*xyz
advertising	new server lunarmcxyz
advertising	new server lunarmc xyz
advertising	new server lunarmc(dot)xyz
advertising	n3w 53rv3r lun4rmc.xyz
advertising	n e w  s e r v e r  l u n a r m c . x y z
advertising	nеw sеrvеr Iunаrmc.xyz
advertising	NEW SERVER LUNARMC.XYZ
advertising	NeW sErVeR lUnArMc.XyZ
advertising	neeew seeerver luuunarmc.xyz
advertising	new server lunarmc-xyz
advertising	new server lunarmc;xyz
advertising	new server lunarmc~xyz
advertising	new server lunarmc.xyz new
advertising	new srvr lnrmc.xyz
advertising	nneww sserrvverr llunnarrmmcc.xxyyzz
advertising	new.!.server.!.lunarmc.xyz
advertising	lunarmc.xyz server new
advertising	n3w 53rv3r lun4rmc xyz
advertising	n3w 53rv3r Iun4rmc.xyz
advertising	NeW sErVeR lUnArMcXyZ
advertising	n 3 w  5 3 r v 3 r  l u n 4 r m c . x y z
advertising	new server nethermc.org
advertising	new server nethermc,org
advertising	new server nethermc_org
advertising	new server nethermc'org
advertising	new server nethermc*org
advertising	new server nethermcorg
advertising	new server nethermc org
advertising	new server nethermc(dot)org
advertising	n3w 53rv3r n37h3rmc.0rg
advertising	n e w  s e r v e r  n e t h e r m c . o r g
advertising	nеw sеrvеr nеthеrmc.οrg
advertising	NEW SERVER NETHERMC.ORG
advertising	NeW sErVeR nEtHeRmC.oRg
advertising	neeew seeerver neeethermc.org
advertising	new server nethermc-org
advertising	new server nethermc;org
advertising	new server nethermc~org
advertising	new server nethermc.org new
advertising	new srvr nthrmc.rg
advertising	nneww sserrvverr nnetthherrmmcc.orrgg
advertising	new.!.server.!.nethermc.org
advertising	nethermc.org server new
advertising	n3w 53rv3r n37h3rmc 0rg
advertising	NeW sErVeR nEtHeRmCoRg
advertising	n 3 w  5 3 r v 3 r  n 3 7 h 3 r m c . 0 r g
advertising	server ip is examplecraft.net
advertising	server ip is examplecraft,net
advertising	server ip is examplecraft_net
advertising	server ip is examplecraft'net
advertising	server ip is examplecraft*net
advertising	server ip is examplecraftnet
advertising	server ip is examplecraft net
advertising	server ip is examplecraft(dot)net
advertising	53rv3r 1p 15 3x4mpl3cr4f7.n37
advertising	s e r v e r  i p  i s  e x a m p l e c r a f t . n e t
advertising	sеrvеr ip is еxаmpIеcrаft.nеt
advertising	SERVER IP IS EXAMPLECRAFT.NET
advertising	SeRvEr Ip Is ExAmPlEcRaFt.NeT
advertising	seeerver iiip iiis eeexamplecraft.net
advertising	server ip is examplecraft-net
advertising	server ip is examplecraft;net
advertising	server ip is examplecraft~net
advertising	server ip is examplecraft.net ser
advertising	srvr ip is exmplcrft.nt
advertising	sserrvverr ipp iss exxammpplleccrrafftt.nnett
advertising	server.!.ip.!.is.!.examplecraft.net
advertising	examplecraft.net is ip server
advertising	53rv3r 1p 15 3x4mpl3cr4f7 n37
advertising	53rv3r 1p 15 3x4mpI3cr4f7.n37
advertising	SeRvEr Ip Is ExAmPlEcRaFtNeT
advertising	5 3 r v 3 r  1 p  1 5  3 x 4 m p l 3 c r 4 f 7 . n 3 7
advertising	server ip is play.examplecraft.gg
advertising	server ip is play,examplecraft,gg
advertising	server ip is play_examplecraft_gg
advertising	server ip is play'examplecraft'gg
advertising	server ip is play*examplecraft*gg
advertising	server ip is playexamplecraftgg
advertising	server ip is play examplecraft gg
advertising	server ip is play(dot)examplecraft(dot)gg
advertising	53rv3r 1p 15 pl4y.3x4mpl3cr4f7.gg
advertising	s e r v e r  i p  i s  p l a y . e x a m p l e c r a f t . g g
advertising	sеrvеr ip is pIаy.еxаmpIеcrаft.gg
advertising	SERVER IP IS PLAY.EXAMPLECRAFT.GG
advertising	SeRvEr Ip Is PlAy.ExAmPlEcRaFt.Gg
advertising	seeerver iiip iiis plaaay.examplecraft.gg
advertising	server ip is play-examplecraft-gg
advertising	server ip is play;examplecraft;gg
advertising	server ip is play~examplecraft~gg
advertising	server ip is play.examplecraft.gg ser
advertising	srvr ip is ply.xmplcrft.gg
advertising	sserrvverr ipp iss ppllayy.exxammpplleccrrafftt.gggg
advertising	server.!.ip.!.is.!.play.examplecraft.gg
advertising	play.examplecraft.gg is ip server
advertising	53rv3r 1p 15 pl4y 3x4mpl3cr4f7 gg
advertising	53rv3r 1p 15 pI4y.3x4mpI3cr4f7.gg
advertising	SeRvEr Ip Is PlAyExAmPlEcRaFtGg
advertising	5 3 r v 3 r  1 p  1 5  p l 4 y . 3 x 4 m p l 3 c r 4 f 7 . g g
advertising	server ip is mc123.org
advertising	server ip is mc123,org
advertising	server ip is mc123_org
advertising	server ip is mc123'org
advertising	server ip is mc123*org
advertising	server ip is mc123org
advertising	server ip is mc123 org
advertising	server ip is mc123(dot)org
advertising	53rv3r 1p 15 mc123.0rg
advertising	s e r v e r  i p  i s  m c 1 2 3 . o r g
advertising	sеrvеr ip is mc123.οrg
advertising	SERVER IP IS MC123.ORG
advertising	SeRvEr Ip Is Mc123.OrG
advertising	seeerver iiip iiis mc123.ooorg
advertising	server ip is mc123-org
advertising	server ip is mc123;org
advertising	server ip is mc123~org
advertising	server ip is mc123.org ser
advertising	srvr ip is mc123.rg
advertising	sserrvverr ipp iss mmcc123.orrgg
advertising	server.!.ip.!.is.!.mc123.org
advertising	mc123.org is ip server
advertising	53rv3r 1p 15 mc123 0rg
advertising	SeRvEr Ip Is Mc123OrG
advertising	5 3 r v 3 r  1 p  1 5  m c 1 2 3 . 0 r g
advertising	server ip is coolpvp.xyz
advertising	server ip is coolpvp,xyz
advertising	server ip is coolpvp_xyz
advertising	server ip is coolpvp'xyz
advertising	server ip is coolpvp*xyz
advertising	server ip is coolpvpxyz
advertising	server ip is coolpvp xyz
advertising	server ip is coolpvp(dot)xyz
advertising	53rv3r 1p 15 c00lpvp.xyz
advertising	s e r v e r  i p  i s  c o o l p v p . x y z
advertising	sеrvеr ip is cοοIpvp.xyz
advertising	SERVER IP IS COOLPVP.XYZ
advertising	SeRvEr Ip Is CoOlPvP.xYz
advertising	seeerver iiip iiis coooolpvp.xyz
advertising	server ip is coolpvp-xyz
advertising	server ip is coolpvp;xyz
advertising	server ip is coolpvp~xyz
advertising	server ip is coolpvp.xyz ser
advertising	srvr ip is clpvp.xyz
advertising	sserrvverr ipp iss ccoollppvvpp.xxyyzz
advertising	server.!.ip.!.is.!.coolpvp.xyz
advertising	coolpvp.xyz is ip server
advertising	53rv3r 1p 15 c00lpvp xyz
advertising	53rv3r 1p 15 c00Ipvp.xyz
advertising	SeRvEr Ip Is CoOlPvPxYz
advertising	5 3 r v 3 r  1 p  1 5  c 0 0 l p v p . x y z
advertising	server ip is funserver.com
advertising	server ip is funserver,com
advertising	server ip is funserver_com
advertising	server ip is funserver'com
advertising	server ip is funserver*com
advertising	server ip is funservercom
advertising	server ip is funserver com
advertising	server ip is funserver(dot)com
advertising	53rv3r 1p 15 fun53rv3r.c0m
advertising	s e r v e r  i p  i s  f u n s e r v e r . c o m
advertising	sеrvеr ip is funsеrvеr.cοm
advertising	SERVER IP IS FUNSERVER.COM
advertising	SeRvEr Ip Is FuNsErVeR.cOm
advertising	seeerver iiip iiis fuuunserver.com
advertising	server ip is funserver-com
advertising	server ip is funserver;com
advertising	server ip is funserver~com
advertising	server ip is funserver.com ser
advertising	srvr ip is fnsrvr.cm
advertising	sserrvverr ipp iss ffunnsserrvverr.ccomm
advertising	server.!.ip.!.is.!.funserver.com
advertising	funserver.com is ip server
advertising	53rv3r 1p 15 fun53rv3r c0m
advertising	SeRvEr Ip Is FuNsErVeRcOm
advertising	5 3 r v 3 r  1 p  1 5  f u n 5 3 r v 3 r . c 0 m
advertising	server ip is hypixelclone.net
advertising	server ip is hypixelclone,net
advertising	server ip is hypixelclone_net
advertising	server ip is hypixelclone'net
advertising	server ip is hypixelclone*net
advertising	server ip is hypixelclonenet
advertising	server ip is hypixelclone net
advertising	server ip is hypixelclone(dot)net
advertising	53rv3r 1p 15 hyp1x3lcl0n3.n37
advertising	s e r v e r  i p  i s  h y p i x e l c l o n e . n e t
advertising	sеrvеr ip is hypixеIcIοnе.nеt
advertising	SERVER IP IS HYPIXELCLONE.NET
advertising	SeRvEr Ip Is HyPiXeLcLoNe.NeT
advertising	seeerver iiip iiis hypiiixelclone.net
advertising	server ip is hypixelclone-net
advertising	server ip is hypixelclone;net
advertising	server ip is hypixelclone~net
advertising	server ip is hypixelclone.net ser
advertising	srvr ip is hypxlcln.nt
advertising	sserrvverr ipp iss hhyyppixxellccllonne.nnett
advertising	server.!.ip.!.is.!.hypixelclone.net
advertising	hypixelclone.net is ip server
advertising	53rv3r 1p 15 hyp1x3lcl0n3 n37
advertising	53rv3r 1p 15 hyp1x3IcI0n3.n37
advertising	SeRvEr Ip Is HyPiXeLcLoNeNeT
advertising	5 3 r v 3 r  1 p  1 5  h y p 1 x 3 l c l 0 n 3 . n 3 7
advertising	server ip is pvpzone.gg
advertising	server ip is pvpzone,gg
advertising	server ip is pvpzone_gg
advertising	server ip is pvpzone'gg
advertising	server ip is pvpzone*gg
advertising	server ip is pvpzonegg
advertising	server ip is pvpzone gg
advertising	server ip is pvpzone(dot)gg
advertising	53rv3r 1p 15 pvpz0n3.gg
advertising	s e r v e r  i p  i s  p v p z o n e . g g
advertising	sеrvеr ip is pvpzοnе.gg
advertising	SERVER IP IS PVPZONE.GG
advertising	SeRvEr Ip Is PvPzOnE.gG
advertising	seeerver iiip iiis pvpzooone.gg
advertising	server ip is pvpzone-gg
advertising	server ip is pvpzone;gg
advertising	server ip is pvpzone~gg
advertising	server ip is pvpzone.gg ser
advertising	srvr ip is pvpzn.gg
advertising	sserrvverr ipp iss ppvvppzzonne.gggg
advertising	server.!.ip.!.is.!.pvpzone.gg
advertising	pvpzone.gg is ip server
advertising	53rv3r 1p 15 pvpz0n3 gg
advertising	SeRvEr Ip Is PvPzOnEgG
advertising	5 3 r v 3 r  1 p  1 5  p v p z 0 n 3 . g g
advertising	server ip is survivalcraft.org
advertising	server ip is survivalcraft,org
advertising	server ip is survivalcraft_org
advertising	server ip is survivalcraft'org
advertising	server ip is survivalcraft*org
advertising	server ip is survivalcraftorg
advertising	server ip is survivalcraft org
advertising	server ip is survivalcraft(dot)org
advertising	53rv3r 1p 15 5urv1v4lcr4f7.0rg
advertising	s e r v e r  i p  i s  s u r v i v a l c r a f t . o r g
advertising	sеrvеr ip is survivаIcrаft.οrg
advertising	SERVER IP IS SURVIVALCRAFT.ORG
advertising	SeRvEr Ip Is SuRvIvAlCrAfT.oRg
advertising	seeerver iiip iiis suuurvivalcraft.org
advertising	server ip is survivalcraft-org
advertising	server ip is survivalcraft;org
advertising	server ip is survivalcraft~org
advertising	server ip is survivalcraft.org ser
advertising	srvr ip is srvvlcrft.rg
advertising	sserrvverr ipp iss ssurrvvivvallccrrafftt.orrgg
advertising	server.!.ip.!.is.!.survivalcraft.org
advertising	survivalcraft.org is ip server
advertising	53rv3r 1p 15 5urv1v4lcr4f7 0rg
advertising	53rv3r 1p 15 5urv1v4Icr4f7.0rg
advertising	SeRvEr Ip Is SuRvIvAlCrAfToRg
advertising	5 3 r v 3 r  1 p  1 5  5 u r v 1 v 4 l c r 4 f 7 . 0 r g
advertising	server ip is minescape.xyz
advertising	server ip is minescape,xyz
advertising	server ip is minescape_xyz
advertising	server ip is minescape'xyz
advertising	server ip is minescape*xyz
advertising	server ip is minescapexyz
advertising	server ip is minescape xyz
advertising	server ip is minescape(dot)xyz
advertising	53rv3r 1p 15 m1n35c4p3.xyz
advertising	s e r v e r  i p  i s  m i n e s c a p e . x y z
advertising	sеrvеr ip is minеscаpе.xyz
advertising	SERVER IP IS MINESCAPE.XYZ
advertising	SeRvEr Ip Is MiNeScApE.xYz
advertising	seeerver iiip iiis miiinescape.xyz
advertising	server ip is minescape-xyz
advertising	server ip is minescape;xyz
advertising	server ip is minescape~xyz
advertising	server ip is minescape.xyz ser
advertising	srvr ip is mnscp.xyz
advertising	sserrvverr ipp iss mminnessccappe.xxyyzz
advertising	server.!.ip.!.is.!.minescape.xyz
advertising	minescape.xyz is ip server
advertising	53rv3r 1p 15 m1n35c4p3 xyz
advertising	SeRvEr Ip Is MiNeScApExYz
advertising	5 3 r v 3 r  1 p  1 5  m 1 n 3 5 c 4 p 3 . x y z
advertising	server ip is craftkingdom.net
advertising	server ip is craftkingdom,net
advertising	server ip is craftkingdom_net
advertising	server ip is craftkingdom'net
advertising	server ip is craftkingdom*net
advertising	server ip is craftkingdomnet
advertising	server ip is craftkingdom net
advertising	server ip is craftkingdom(dot)net
advertising	53rv3r 1p 15 cr4f7k1ngd0m.n37
advertising	s e r v e r  i p  i s  c r a f t k i n g d o m . n e t
advertising	sеrvеr ip is crаftkingdοm.nеt
advertising	SERVER IP IS CRAFTKINGDOM.NET
advertising	SeRvEr Ip Is CrAfTkInGdOm.NeT
advertising	seeerver iiip iiis craaaftkingdom.net
advertising	server ip is craftkingdom-net
advertising	server ip is craftkingdom;net
advertising	server ip is craftkingdom~net
advertising	server ip is craftkingdom.net ser
advertising	srvr ip is crftkngdm.nt
advertising	sserrvverr ipp iss ccrraffttkkinnggddomm.nnett
advertising	server.!.ip.!.is.!.craftkingdom.net
advertising	craftkingdom.net is ip server
advertising	53rv3r 1p 15 cr4f7k1ngd0m n37
advertising	SeRvEr Ip Is CrAfTkInGdOmNeT
advertising	5 3 r v 3 r  1 p  1 5  c r 4 f 7 k 1 n g d 0 m . n 3 7
advertising	server ip is skypvp.gg
advertising	server ip is skypvp,gg
advertising	server ip is skypvp_gg
advertising	server ip is skypvp'gg
advertising	server ip is skypvp*gg
advertising	server ip is skypvpgg
advertising	server ip is skypvp gg
advertising	server ip is skypvp(dot)gg
advertising	53rv3r 1p 15 5kypvp.gg
advertising	s e r v e r  i p  i s  s k y p v p . g g
advertising	sеrvеr ip is skypvp.gg
advertising	SERVER IP IS SKYPVP.GG
advertising	SeRvEr Ip Is SkYpVp.Gg
advertising	seeerver iiip iiis skypvp.gg
advertising	server ip is skypvp-gg
advertising	server ip is skypvp;gg
advertising	server ip is skypvp~gg
advertising	server ip is skypvp.gg ser
advertising	srvr ip is skypvp.gg
advertising	sserrvverr ipp iss sskkyyppvvpp.gggg
advertising	server.!.ip.!.is.!.skypvp.gg
advertising	skypvp.gg is ip server
advertising	53rv3r 1p 15 5kypvp gg
advertising	SeRvEr Ip Is SkYpVpGg
advertising	5 3 r v 3 r  1 p  1 5  5 k y p v p . g g
advertising	server ip is bedwars.pro
advertising	server ip is bedwars,pro
advertising	server ip is bedwars_pro
advertising	server ip is bedwars'pro
advertising	server ip is bedwars*pro
advertising	server ip is bedwarspro
advertising	server ip is bedwars pro
advertising	server ip is bedwars(dot)pro
advertising	53rv3r 1p 15 b3dw4r5.pr0
advertising	s e r v e r  i p  i s  b e d w a r s . p r o
advertising	sеrvеr ip is bеdwаrs.prο
advertising	SERVER IP IS BEDWARS.PRO
advertising	SeRvEr Ip Is BeDwArS.pRo
advertising	seeerver iiip iiis beeedwars.pro
advertising	server ip is bedwars-pro
advertising	server ip is bedwars;pro
advertising	server ip is bedwars~pro
advertising	server ip is bedwars.pro ser
advertising	srvr ip is bdwrs.pro
advertising	sserrvverr ipp iss bbeddwwarrss.pprro
advertising	server.!.ip.!.is.!.bedwars.pro
advertising	bedwars.pro is ip server
advertising	53rv3r 1p 15 b3dw4r5 pr0
advertising	SeRvEr Ip Is BeDwArSpRo
advertising	5 3 r v 3 r  1 p  1 5  b 3 d w 4 r 5 . p r 0
advertising	server ip is anarchy.ml
advertising	server ip is anarchy,ml
advertising	server ip is anarchy_ml
advertising	server ip is anarchy'ml
advertising	server ip is anarchy*ml
advertising	server ip is anarchyml
advertising	server ip is anarchy ml
advertising	server ip is anarchy(dot)ml
advertising	53rv3r 1p 15 4n4rchy.ml
advertising	s e r v e r  i p  i s  a n a r c h y . m l
advertising	sеrvеr ip is аnаrchy.mI
advertising	SERVER IP IS ANARCHY.ML
advertising	SeRvEr Ip Is AnArChY.mL
advertising	seeerver iiip iiis aaanarchy.ml
advertising	server ip is anarchy-ml
advertising	server ip is anarchy;ml
advertising	server ip is anarchy~ml
advertising	server ip is anarchy.ml ser
advertising	srvr ip is anrchy.ml
advertising	sserrvverr ipp iss annarrcchhyy.mmll
advertising	server.!.ip.!.is.!.anarchy.ml
advertising	anarchy.ml is ip server
advertising	53rv3r 1p 15 4n4rchy ml
advertising	53rv3r 1p 15 4n4rchy.mI
advertising	SeRvEr Ip Is AnArChYmL
advertising	5 3 r v 3 r  1 p  1 5  4 n 4 r c h y . m l
advertising	server ip is smp.tk
advertising	server ip is smp,tk
advertising	server ip is smp_tk
advertising	server ip is smp'tk
advertising	server ip is smp*tk
advertising	server ip is smptk
advertising	server ip is smp tk
advertising	server ip is smp(dot)tk
advertising	53rv3r 1p 15 5mp.7k
advertising	s e r v e r  i p  i s  s m p . t k
advertising	sеrvеr ip is smp.tk
advertising	SERVER IP IS SMP.TK
advertising	SeRvEr Ip Is SmP.tK
advertising	seeerver iiip iiis smp.tk
advertising	server ip is smp-tk
advertising	server ip is smp;tk
advertising	server ip is smp~tk
advertising	server ip is smp.tk ser
advertising	srvr ip is smp.tk
advertising	sserrvverr ipp iss ssmmpp.ttkk
advertising	server.!.ip.!.is.!.smp.tk
advertising	smp.tk is ip server
advertising	53rv3r 1p 15 5mp 7k
advertising	SeRvEr Ip Is SmPtK
advertising	5 3 r v 3 r  1 p  1 5  5 m p . 7 k
advertising	server ip is creativecraft.com
advertising	server ip is creativecraft,com
advertising	server ip is creativecraft_com
advertising	server ip is creativecraft'com
advertising	server ip is creativecraft*com
advertising	server ip is creativecraftcom
advertising	server ip is creativecraft com
advertising	server ip is creativecraft(dot)com
advertising	53rv3r 1p 15 cr3471v3cr4f7.c0m
advertising	s e r v e r  i p  i s  c r e a t i v e c r a f t . c o m
advertising	sеrvеr ip is crеаtivеcrаft.cοm
advertising	SERVER IP IS CREATIVECRAFT.COM
advertising	SeRvEr Ip Is CrEaTiVeCrAfT.cOm
advertising	seeerver iiip iiis creeeativecraft.com
advertising	server ip is creativecraft-com
advertising	server ip is creativecraft;com
advertising	server ip is creativecraft~com
advertising	server ip is creativecraft.com ser
advertising	srvr ip is crtvcrft.cm
advertising	sserrvverr ipp iss ccrreattivveccrrafftt.ccomm
advertising	server.!.ip.!.is.!.creativecraft.com
advertising	creativecraft.com is ip server
advertising	53rv3r 1p 15 cr3471v3cr4f7 c0m
advertising	SeRvEr Ip Is CrEaTiVeCrAfTcOm
advertising	5 3 r v 3 r  1 p  1 5  c r 3 4 7 1 v 3 c r 4 f 7 . c 0 m
advertising	server ip is dragonmc.net
advertising	server ip is dragonmc,net
advertising	server ip is dragonmc_net
advertising	server ip is dragonmc'net
advertising	server ip is dragonmc*net
advertising	server ip is dragonmcnet
advertising	server ip is dragonmc net
advertising	server ip is dragonmc(dot)net
advertising	53rv3r 1p 15 dr4g0nmc.n37
advertising	s e r v e r  i p  i s  d r a g o n m c . n e t
advertising	sеrvеr ip is drаgοnmc.nеt
advertising	SERVER IP IS DRAGONMC.NET
advertising	SeRvEr Ip Is DrAgOnMc.NeT
advertising	seeerver iiip iiis draaagonmc.net
advertising	server ip is dragonmc-net
advertising	server ip is dragonmc;net
advertising	server ip is dragonmc~net
advertising	server ip is dragonmc.net ser
advertising	srvr ip is drgnmc.nt
advertising	sserrvverr ipp iss ddrraggonnmmcc.nnett
advertising	server.!.ip.!.is.!.dragonmc.net
advertising	dragonmc.net is ip server
advertising	53rv3r 1p 15 dr4g0nmc n37
advertising	SeRvEr Ip Is DrAgOnMcNeT
advertising	5 3 r v 3 r  1 p  1 5  d r 4 g 0 n m c . n 3 7
advertising	server ip is emeraldisle.org
advertising	server ip is emeraldisle,org
advertising	server ip is emeraldisle_org
advertising	server ip is emeraldisle'org
advertising	server ip is emeraldisle*org
advertising	server ip is emeraldisleorg
advertising	server ip is emeraldisle org
advertising	server ip is emeraldisle(dot)org
advertising	53rv3r 1p 15 3m3r4ld15l3.0rg
advertising	s e r v e r  i p  i s  e m e r a l d i s l e . o r g
advertising	sеrvеr ip is еmеrаIdisIе.οrg
advertising	SERVER IP IS EMERALDISLE.ORG
advertising	SeRvEr Ip Is EmErAlDiSlE.oRg
advertising	seeerver iiip iiis eeemeraldisle.org
advertising	server ip is emeraldisle-org
advertising	server ip is emeraldisle;org
advertising	server ip is emeraldisle~org
advertising	server ip is emeraldisle.org ser
advertising	srvr ip is emrldsl.rg
advertising	sserrvverr ipp iss emmerrallddisslle.orrgg
advertising	server.!.ip.!.is.!.emeraldisle.org
advertising	emeraldisle.org is ip server
advertising	53rv3r 1p 15 3m3r4ld15l3 0rg
advertising	53rv3r 1p 15 3m3r4Id15I3.0rg
advertising	SeRvEr Ip Is EmErAlDiSlEoRg
advertising	5 3 r v 3 r  1 p  1 5  3 m 3 r 4 l d 1 5 l 3 . 0 r g
advertising	server ip is foxcraft.gg
advertising	server ip is foxcraft,gg
advertising	server ip is foxcraft_gg
advertising	server ip is foxcraft'gg
advertising	server ip is foxcraft*gg
advertising	server ip is foxcraftgg
advertising	server ip is foxcraft gg
advertising	server ip is foxcraft(dot)gg
advertising	53rv3r 1p 15 f0xcr4f7.gg
advertising	s e r v e r  i p  i s  f o x c r a f t . g g
advertising	sеrvеr ip is fοxcrаft.gg
advertising	SERVER IP IS FOXCRAFT.GG
advertising	SeRvEr Ip Is FoXcRaFt.Gg
advertising	seeerver iiip iiis foooxcraft.gg
advertising	server ip is foxcraft-gg
advertising	server ip is foxcraft;gg
advertising	server ip is foxcraft~gg
advertising	server ip is foxcraft.gg ser
advertising	srvr ip is fxcrft.gg
advertising	sserrvverr ipp iss ffoxxccrrafftt.gggg
advertising	server.!.ip.!.is.!.foxcraft.gg
advertising	foxcraft.gg is ip server
advertising	53rv3r 1p 15 f0xcr4f7 gg
advertising	SeRvEr Ip Is FoXcRaFtGg
advertising	5 3 r v 3 r  1 p  1 5  f 0 x c r 4 f 7 . g g
advertising	server ip is goldrush.xyz
advertising	server ip is goldrush,xyz
advertising	server ip is goldrush_xyz
advertising	server ip is goldrush'xyz
advertising	server ip is goldrush*xyz
advertising	server ip is goldrushxyz
advertising	server ip is goldrush xyz
advertising	server ip is goldrush(dot)xyz
advertising	53rv3r 1p 15 g0ldru5h.xyz
advertising	s e r v e r  i p  i s  g o l d r u s h . x y z
advertising	sеrvеr ip is gοIdrush.xyz
advertising	SERVER IP IS GOLDRUSH.XYZ
advertising	SeRvEr Ip Is GoLdRuSh.XyZ
advertising	seeerver iiip iiis goooldrush.xyz
advertising	server ip is goldrush-xyz
advertising	server ip is goldrush;xyz
advertising	server ip is goldrush~xyz
advertising	server ip is goldrush.xyz ser
advertising	srvr ip is gldrsh.xyz
advertising	sserrvverr ipp iss ggollddrrusshh.xxyyzz
advertising	server.!.ip.!.is.!.goldrush.xyz
advertising	goldrush.xyz is ip server
advertising	53rv3r 1p 15 g0ldru5h xyz
advertising	53rv3r 1p 15 g0Idru5h.xyz
advertising	SeRvEr Ip Is GoLdRuShXyZ
advertising	5 3 r v 3 r  1 p  1 5  g 0 l d r u 5 h . x y z
advertising	server ip is icecraft.ml
advertising	server ip is icecraft,ml
advertising	server ip is icecraft_ml
advertising	server ip is icecraft'ml
advertising	server ip is icecraft*ml
advertising	server ip is icecraftml
advertising	server ip is icecraft ml
advertising	server ip is icecraft(dot)ml
advertising	53rv3r 1p 15 1c3cr4f7.ml
advertising	s e r v e r  i p  i s  i c e c r a f t . m l
advertising	sеrvеr ip is icеcrаft.mI
advertising	SERVER IP IS ICECRAFT.ML
advertising	SeRvEr Ip Is IcEcRaFt.Ml
advertising	seeerver iiip iiis iiicecraft.ml
advertising	server ip is icecraft-ml
advertising	server ip is icecraft;ml
advertising	server ip is icecraft~ml
advertising	server ip is icecraft.ml ser
advertising	srvr ip is iccrft.ml
advertising	sserrvverr ipp iss icceccrrafftt.mmll
advertising	server.!.ip.!.is.!.icecraft.ml
advertising	icecraft.ml is ip server
advertising	53rv3r 1p 15 1c3cr4f7 ml
advertising	53rv3r 1p 15 1c3cr4f7.mI
advertising	SeRvEr Ip Is IcEcRaFtMl
advertising	5 3 r v 3 r  1 p  1 5  1 c 3 c r 4 f 7 . m l
advertising	server ip is junglecraft.net
advertising	server ip is junglecraft,net
advertising	server ip is junglecraft_net
advertising	server ip is junglecraft'net
advertising	server ip is junglecraft*net
advertising	server ip is junglecraftnet
advertising	server ip is junglecraft net
advertising	server ip is junglecraft(dot)net
advertising	53rv3r 1p 15 jungl3cr4f7.n37
advertising	s e r v e r  i p  i s  j u n g l e c r a f t . n e t
advertising	sеrvеr ip is jungIеcrаft.nеt
advertising	SERVER IP IS JUNGLECRAFT.NET
advertising	SeRvEr Ip Is JuNgLeCrAfT.nEt
advertising	seeerver iiip iiis juuunglecraft.net
advertising	server ip is junglecraft-net
advertising	server ip is junglecraft;net
advertising	server ip is junglecraft~net
advertising	server ip is junglecraft.net ser
advertising	srvr ip is jnglcrft.nt
advertising	sserrvverr ipp iss jjunngglleccrrafftt.nnett
advertising	server.!.ip.!.is.!.junglecraft.net
advertising	junglecraft.net is ip server
advertising	53rv3r 1p 15 jungl3cr4f7 n37
advertising	53rv3r 1p 15 jungI3cr4f7.n37
advertising	SeRvEr Ip Is JuNgLeCrAfTnEt
advertising	5 3 r v 3 r  1 p  1 5  j u n g l 3 c r 4 f 7 . n 3 7
advertising	server ip is kingdoms.gg
advertising	server ip is kingdoms,gg
advertising	server ip is kingdoms_gg
advertising	server ip is kingdoms'gg
advertising	server ip is kingdoms*gg
advertising	server ip is kingdomsgg
advertising	server ip is kingdoms gg
advertising	server ip is kingdoms(dot)gg
advertising	53rv3r 1p 15 k1ngd0m5.gg
advertising	s e r v e r  i p  i s  k i n g d o m s . g g
advertising	sеrvеr ip is kingdοms.gg
advertising	SERVER IP IS KINGDOMS.GG
advertising	SeRvEr Ip Is KiNgDoMs.Gg
advertising	seeerver iiip iiis kiiingdoms.gg
advertising	server ip is kingdoms-gg
advertising	server ip is kingdoms;gg
advertising	server ip is kingdoms~gg
advertising	server ip is kingdoms.gg ser
advertising	srvr ip is kngdms.gg
advertising	sserrvverr ipp iss kkinnggddommss.gggg
advertising	server.!.ip.!.is.!.kingdoms.gg
advertising	kingdoms.gg is ip server
advertising	53rv3r 1p 15 k1ngd0m5 gg
advertising	SeRvEr Ip Is KiNgDoMsGg
advertising	5 3 r v 3 r  1 p  1 5  k 1 n g d 0 m 5 . g g
advertising	server ip is lunarmc.xyz
advertising	server ip is lunarmc,xyz
advertising	server ip is lunarmc_xyz
advertising	server ip is lunarmc'xyz
advertising	server ip is lunarmc*xyz
advertising	server ip is lunarmcxyz
advertising	server ip is lunarmc xyz
advertising	server ip is lunarmc(dot)xyz
advertising	53rv3r 1p 15 lun4rmc.xyz
advertising	s e r v e r  i p  i s  l u n a r m c . x y z
advertising	sеrvеr ip is Iunаrmc.xyz
advertising	SERVER IP IS LUNARMC.XYZ
advertising	SeRvEr Ip Is LuNaRmC.xYz
advertising	seeerver iiip iiis luuunarmc.xyz
advertising	server ip is lunarmc-xyz
advertising	server ip is lunarmc;xyz
advertising	server ip is lunarmc~xyz
advertising	server ip is lunarmc.xyz ser
advertising	srvr ip is lnrmc.xyz
advertising	sserrvverr ipp iss llunnarrmmcc.xxyyzz
advertising	server.!.ip.!.is.!.lunarmc.xyz
advertising	lunarmc.xyz is ip server
advertising	53rv3r 1p 15 lun4rmc xyz
advertising	53rv3r 1p 15 Iun4rmc.xyz
advertising	SeRvEr Ip Is LuNaRmCxYz
advertising	5 3 r v 3 r  1 p  1 5  l u n 4 r m c . x y z
advertising	server ip is nethermc.org
advertising	server ip is nethermc,org
advertising	server ip is nethermc_org
advertising	server ip is nethermc'org
advertising	server ip is nethermc*org
advertising	server ip is nethermcorg
advertising	server ip is nethermc org
advertising	server ip is nethermc(dot)org
advertising	53rv3r 1p 15 n37h3rmc.0rg
advertising	s e r v e r  i p  i s  n e t h e r m c . o r g
advertising	sеrvеr ip is nеthеrmc.οrg
advertising	SERVER IP IS NETHERMC.ORG
advertising	SeRvEr Ip Is NeThErMc.OrG
advertising	seeerver iiip iiis neeethermc.org
advertising	server ip is nethermc-org
advertising	server ip is nethermc;org
advertising	server ip is nethermc~org
advertising	server ip is nethermc.org ser
advertising	srvr ip is nthrmc.rg
advertising	sserrvverr ipp iss nnetthherrmmcc.orrgg
advertising	server.!.ip.!.is.!.nethermc.org
advertising	nethermc.org is ip server
advertising	53rv3r 1p 15 n37h3rmc 0rg
advertising	SeRvEr Ip Is NeThErMcOrG
advertising	5 3 r v 3 r  1 p  1 5  n 3 7 h 3 r m c . 0 r g
advertising	ip examplecraft.net
advertising	ip examplecraft,net
advertising	ip examplecraft_net
advertising	ip examplecraft'net
advertising	ip examplecraft*net
advertising	ip examplecraftnet
advertising	ip examplecraft net
advertising	ip examplecraft(dot)net
advertising	1p 3x4mpl3cr4f7.n37
advertising	i p  e x a m p l e c r a f t . n e t
advertising	ip еxаmpIеcrаft.nеt
advertising	IP EXAMPLECRAFT.NET
advertising	Ip ExAmPlEcRaFt.NeT
advertising	iiip eeexamplecraft.net
advertising	ip examplecraft-net
advertising	ip examplecraft;net
advertising	ip examplecraft~net
advertising	ip examplecraft.net ip
advertising	ip exmplcrft.nt
advertising	ipp exxammpplleccrrafftt.nnett
advertising	ip.!.examplecraft.net
advertising	examplecraft.net ip
advertising	1p 3x4mpl3cr4f7 n37
advertising	1p 3x4mpI3cr4f7.n37
advertising	Ip ExAmPlEcRaFtNeT
advertising	1 p  3 x 4 m p l 3 c r 4 f 7 . n 3 7
advertising	ip play.examplecraft.gg
advertising	ip play,examplecraft,gg
advertising	ip play_examplecraft_gg
advertising	ip play'examplecraft'gg
advertising	ip play*examplecraft*gg
advertising	ip playexamplecraftgg
advertising	ip play examplecraft gg
advertising	ip play(dot)examplecraft(dot)gg
advertising	1p pl4y.3x4mpl3cr4f7.gg
advertising	i p  p l a y . e x a m p l e c r a f t . g g
advertising	ip pIаy.еxаmpIеcrаft.gg
advertising	IP PLAY.EXAMPLECRAFT.GG
advertising	Ip PlAy.ExAmPlEcRaFt.Gg
advertising	iiip plaaay.examplecraft.gg
advertising	ip play-examplecraft-gg
advertising	ip play;examplecraft;gg
advertising	ip play~examplecraft~gg
advertising	ip play.examplecraft.gg ip
advertising	ip ply.xmplcrft.gg
advertising	ipp ppllayy.exxammpplleccrrafftt.gggg
advertising	ip.!.play.examplecraft.gg
advertising	play.examplecraft.gg ip
advertising	1p pl4y 3x4mpl3cr4f7 gg
advertising	1p pI4y.3x4mpI3cr4f7.gg
advertising	Ip PlAyExAmPlEcRaFtGg
advertising	1 p  p l 4 y . 3 x 4 m p l 3 c r 4 f 7 . g g
advertising	ip mc123.org
advertising	ip mc123,org
advertising	ip mc123_org
advertising	ip mc123'org
advertising	ip mc123*org
advertising	ip mc123org
advertising	ip mc123 org
advertising	ip mc123(dot)org
advertising	1p mc123.0rg
advertising	i p  m c 1 2 3 . o r g
advertising	ip mc123.οrg
advertising	IP MC123.ORG
advertising	Ip Mc123.OrG
advertising	iiip mc123.ooorg
advertising	ip mc123-org
advertising	ip mc123;org
advertising	ip mc123~org
advertising	ip mc123.org ip
advertising	ip mc123.rg
advertising	ipp mmcc123.orrgg
advertising	ip.!.mc123.org
advertising	mc123.org ip
advertising	1p mc123 0rg
advertising	Ip Mc123OrG
advertising	1 p  m c 1 2 3 . 0 r g
advertising	ip coolpvp.xyz
advertising	ip coolpvp,xyz
advertising	ip coolpvp_xyz
advertising	ip coolpvp'xyz
advertising	ip coolpvp*xyz
advertising	ip coolpvpxyz
advertising	ip coolpvp xyz
advertising	ip coolpvp(dot)xyz
advertising	1p c00lpvp.xyz
advertising	i p  c o o l p v p . x y z
advertising	ip cοοIpvp.xyz
advertising	IP COOLPVP.XYZ
advertising	Ip CoOlPvP.xYz
advertising	iiip coooolpvp.xyz
advertising	ip coolpvp-xyz
advertising	ip coolpvp;xyz
advertising	ip coolpvp~xyz
advertising	ip coolpvp.xyz ip
advertising	ip clpvp.xyz
advertising	ipp ccoollppvvpp.xxyyzz
advertising	ip.!.coolpvp.xyz
advertising	coolpvp.xyz ip
advertising	1p c00lpvp xyz
advertising	1p c00Ipvp.xyz
advertising	Ip CoOlPvPxYz
advertising	1 p  c 0 0 l p v p . x y z
advertising	ip funserver.com
advertising	ip funserver,com
advertising	ip funserver_com
advertising	ip funserver'com
advertising	ip funserver*com
advertising	ip funservercom
advertising	ip funserver com
advertising	ip funserver(dot)com
advertising	1p fun53rv3r.c0m
advertising	i p  f u n s e r v e r . c o m
advertising	ip funsеrvеr.cοm
advertising	IP FUNSERVER.COM
advertising	Ip FuNsErVeR.cOm
advertising	iiip fuuunserver.com
advertising	ip funserver-com
advertising	ip funserver;com
advertising	ip funserver~com
advertising	ip funserver.com ip
advertising	ip fnsrvr.cm
advertising	ipp ffunnsserrvverr.ccomm
advertising	ip.!.funserver.com
advertising	funserver.com ip
advertising	1p fun53rv3r c0m
advertising	Ip FuNsErVeRcOm
advertising	1 p  f u n 5 3 r v 3 r . c 0 m
advertising	ip hypixelclone.net
advertising	ip hypixelclone,net
advertising	ip hypixelclone_net
advertising	ip hypixelclone'net
advertising	ip hypixelclone*net
advertising	ip hypixelclonenet
advertising	ip hypixelclone net
advertising	ip hypixelclone(dot)net
advertising	1p hyp1x3lcl0n3.n37
advertising	i p  h y p i x e l c l o n e . n e t
advertising	ip hypixеIcIοnе.nеt
advertising	IP HYPIXELCLONE.NET
advertising	Ip HyPiXeLcLoNe.NeT
advertising	iiip hypiiixelclone.net
advertising	ip hypixelclone-net
advertising	ip hypixelclone;net
advertising	ip hypixelclone~net
advertising	ip hypixelclone.net ip
advertising	ip hypxlcln.nt
advertising	ipp hhyyppixxellccllonne.nnett
advertising	ip.!.hypixelclone.net
advertising	hypixelclone.net ip
advertising	1p hyp1x3lcl0n3 n37
advertising	1p hyp1x3IcI0n3.n37
advertising	Ip HyPiXeLcLoNeNeT
advertising	1 p  h y p 1 x 3 l c l 0 n 3 . n 3 7
advertising	ip pvpzone.gg
advertising	ip pvpzone,gg
advertising	ip pvpzone_gg
advertising	ip pvpzone'gg
advertising	ip pvpzone*gg
advertising	ip pvpzonegg
advertising	ip pvpzone gg
advertising	ip pvpzone(dot)gg
advertising	1p pvpz0n3.gg
advertising	i p  p v p z o n e . g g
advertising	ip pvpzοnе.gg
advertising	IP PVPZONE.GG
advertising	Ip PvPzOnE.gG
advertising	iiip pvpzooone.gg
advertising	ip pvpzone-gg
advertising	ip pvpzone;gg
advertising	ip pvpzone~gg
advertising	ip pvpzone.gg ip
advertising	ip pvpzn.gg
advertising	ipp ppvvppzzonne.gggg
advertising	ip.!.pvpzone.gg
advertising	pvpzone.gg ip
advertising	1p pvpz0n3 gg
advertising	Ip PvPzOnEgG
advertising	1 p  p v p z 0 n 3 . g g
advertising	ip survivalcraft.org
advertising	ip survivalcraft,org
advertising	ip survivalcraft_org
advertising	ip survivalcraft'org
advertising	ip survivalcraft*org
advertising	ip survivalcraftorg
advertising	ip survivalcraft org
advertising	ip survivalcraft(dot)org
advertising	1p 5urv1v4lcr4f7.0rg
advertising	i p  s u r v i v a l c r a f t . o r g
advertising	ip survivаIcrаft.οrg
advertising	IP SURVIVALCRAFT.ORG
advertising	Ip SuRvIvAlCrAfT.oRg
advertising	iiip suuurvivalcraft.org
advertising	ip survivalcraft-org
advertising	ip survivalcraft;org
advertising	ip survivalcraft~org
advertising	ip survivalcraft.org ip
advertising	ip srvvlcrft.rg
advertising	ipp ssurrvvivvallccrrafftt.orrgg
advertising	ip.!.survivalcraft.org
advertising	survivalcraft.org ip
advertising	1p 5urv1v4lcr4f7 0rg
advertising	1p 5urv1v4Icr4f7.0rg
advertising	Ip SuRvIvAlCrAfToRg
advertising	1 p  5 u r v 1 v 4 l c r 4 f 7 . 0 r g
advertising	ip minescape.xyz
advertising	ip minescape,xyz
advertising	ip minescape_xyz
advertising	ip minescape'xyz
advertising	ip minescape*xyz
advertising	ip minescapexyz
advertising	ip minescape xyz
advertising	ip minescape(dot)xyz
advertising	1p m1n35c4p3.xyz
advertising	i p  m i n e s c a p e . x y z
advertising	ip minеscаpе.xyz
advertising	IP MINESCAPE.XYZ
advertising	Ip MiNeScApE.xYz
advertising	iiip miiinescape.xyz
advertising	ip minescape-xyz
advertising	ip minescape;xyz
advertising	ip minescape~xyz
advertising	ip minescape.xyz ip
advertising	ip mnscp.xyz
advertising	ipp mminnessccappe.xxyyzz
advertising	ip.!.minescape.xyz
advertising	minescape.xyz ip
advertising	1p m1n35c4p3 xyz
advertising	Ip MiNeScApExYz
advertising	1 p  m 1 n 3 5 c 4 p 3 . x y z
advertising	ip craftkingdom.net
advertising	ip craftkingdom,net
advertising	ip craftkingdom_net
advertising	ip craftkingdom'net
advertising	ip craftkingdom*net
advertising	ip craftkingdomnet
advertising	ip craftkingdom net
advertising	ip craftkingdom(dot)net
advertising	1p cr4f7k1ngd0m.n37
advertising	i p  c r a f t k i n g d o m . n e t
advertising	ip crаftkingdοm.nеt
advertising	IP CRAFTKINGDOM.NET
advertising	Ip CrAfTkInGdOm.NeT
advertising	iiip craaaftkingdom.net
advertising	ip craftkingdom-net
advertising	ip craftkingdom;net
advertising	ip craftkingdom~net
advertising	ip craftkingdom.net ip
advertising	ip crftkngdm.nt
advertising	ipp ccrraffttkkinnggddomm.nnett
advertising	ip.!.craftkingdom.net
advertising	craftkingdom.net ip
advertising	1p cr4f7k1ngd0m n37
advertising	Ip CrAfTkInGdOmNeT
advertising	1 p  c r 4 f 7 k 1 n g d 0 m . n 3 7
advertising	ip skypvp.gg
advertising	ip skypvp,gg
advertising	ip skypvp_gg
advertising	ip skypvp'gg
advertising	ip skypvp*gg
advertising	ip skypvpgg
advertising	ip skypvp gg
advertising	ip skypvp(dot)gg
advertising	1p 5kypvp.gg
advertising	i p  s k y p v p . g g
advertising	IP SKYPVP.GG
advertising	Ip SkYpVp.Gg
advertising	iiip skypvp.gg
advertising	ip skypvp-gg
advertising	ip skypvp;gg
advertising	ip skypvp~gg
advertising	ip skypvp.gg ip
advertising	ipp sskkyyppvvpp.gggg
advertising	ip.!.skypvp.gg
advertising	skypvp.gg ip
advertising	1p 5kypvp gg
advertising	Ip SkYpVpGg
advertising	1 p  5 k y p v p . g g
advertising	ip bedwars.pro
advertising	ip bedwars,pro
advertising	ip bedwars_pro
advertising	ip bedwars'pro
advertising	ip bedwars*pro
advertising	ip bedwarspro
advertising	ip bedwars pro
advertising	ip bedwars(dot)pro
advertising	1p b3dw4r5.pr0
advertising	i p  b e d w a r s . p r o
advertising	ip bеdwаrs.prο
advertising	IP BEDWARS.PRO
advertising	Ip BeDwArS.pRo
advertising	iiip beeedwars.pro
advertising	ip bedwars-pro
advertising	ip bedwars;pro
advertising	ip bedwars~pro
advertising	ip bedwars.pro ip
advertising	ip bdwrs.pro
advertising	ipp bbeddwwarrss.pprro
advertising	ip.!.bedwars.pro
advertising	bedwars.pro ip
advertising	1p b3dw4r5 pr0
advertising	Ip BeDwArSpRo
advertising	1 p  b 3 d w 4 r 5 . p r 0
advertising	ip anarchy.ml
advertising	ip anarchy,ml
advertising	ip anarchy_ml
advertising	ip anarchy'ml
advertising	ip anarchy*ml
advertising	ip anarchyml
advertising	ip anarchy ml
advertising	ip anarchy(dot)ml
advertising	1p 4n4rchy.ml
advertising	i p  a n a r c h y . m l
advertising	ip аnаrchy.mI
advertising	IP ANARCHY.ML
advertising	Ip AnArChY.mL
advertising	iiip aaanarchy.ml
advertising	ip anarchy-ml
advertising	ip anarchy;ml
advertising	ip anarchy~ml
advertising	ip anarchy.ml ip
advertising	ip anrchy.ml
advertising	ipp annarrcchhyy.mmll
advertising	ip.!.anarchy.ml
advertising	anarchy.ml ip
advertising	1p 4n4rchy ml
advertising	1p 4n4rchy.mI
advertising	Ip AnArChYmL
advertising	1 p  4 n 4 r c h y . m l
advertising	ip smp.tk
advertising	ip smp,tk
advertising	ip smp_tk
advertising	ip smp'tk
advertising	ip smp*tk
advertising	ip smptk
advertising	ip smp tk
advertising	ip smp(dot)tk
advertising	1p 5mp.7k
advertising	i p  s m p . t k
advertising	IP SMP.TK
advertising	Ip SmP.tK
advertising	iiip smp.tk
advertising	ip smp-tk
advertising	ip smp;tk
advertising	ip smp~tk
advertising	ip smp.tk ip
advertising	ipp ssmmpp.ttkk
advertising	ip.!.smp.tk
advertising	smp.tk ip
advertising	1p 5mp 7k
advertising	Ip SmPtK
advertising	1 p  5 m p . 7 k
advertising	ip creativecraft.com
advertising	ip creativecraft,com
advertising	ip creativecraft_com
advertising	ip creativecraft'com
advertising	ip creativecraft*com
advertising	ip creativecraftcom
advertising	ip creativecraft com
advertising	ip creativecraft(dot)com
advertising	1p cr3471v3cr4f7.c0m
advertising	i p  c r e a t i v e c r a f t . c o m
advertising	ip crеаtivеcrаft.cοm
advertising	IP CREATIVECRAFT.COM
advertising	Ip CrEaTiVeCrAfT.cOm
advertising	iiip creeeativecraft.com
advertising	ip creativecraft-com
advertising	ip creativecraft;com
advertising	ip creativecraft~com
advertising	ip creativecraft.com ip
advertising	ip crtvcrft.cm
advertising	ipp ccrreattivveccrrafftt.ccomm
advertising	ip.!.creativecraft.com
advertising	creativecraft.com ip
advertising	1p cr3471v3cr4f7 c0m
advertising	Ip CrEaTiVeCrAfTcOm
advertising	1 p  c r 3 4 7 1 v 3 c r 4 f 7 . c 0 m
advertising	ip dragonmc.net
advertising	ip dragonmc,net
advertising	ip dragonmc_net
advertising	ip dragonmc'net
advertising	ip dragonmc*net
advertising	ip dragonmcnet
advertising	ip dragonmc net
advertising	ip dragonmc(dot)net
advertising	1p dr4g0nmc.n37
advertising	i p  d r a g o n m c . n e t
advertising	ip drаgοnmc.nеt
advertising	IP DRAGONMC.NET
advertising	Ip DrAgOnMc.NeT
advertising	iiip draaagonmc.net
advertising	ip dragonmc-net
advertising	ip dragonmc;net
advertising	ip dragonmc~net
advertising	ip dragonmc.net ip
advertising	ip drgnmc.nt
advertising	ipp ddrraggonnmmcc.nnett
advertising	ip.!.dragonmc.net
advertising	dragonmc.net ip
advertising	1p dr4g0nmc n37
advertising	Ip DrAgOnMcNeT
advertising	1 p  d r 4 g 0 n m c . n 3 7
advertising	ip emeraldisle.org
advertising	ip emeraldisle,org
advertising	ip emeraldisle_org
advertising	ip emeraldisle'org
advertising	ip emeraldisle*org
advertising	ip emeraldisleorg
advertising	ip emeraldisle org
advertising	ip emeraldisle(dot)org
advertising	1p 3m3r4ld15l3.0rg
advertising	i p  e m e r a l d i s l e . o r g
advertising	ip еmеrаIdisIе.οrg
advertising	IP EMERALDISLE.ORG
advertising	Ip EmErAlDiSlE.oRg
advertising	iiip eeemeraldisle.org
advertising	ip emeraldisle-org
advertising	ip emeraldisle;org
advertising	ip emeraldisle~org
advertising	ip emeraldisle.org ip
advertising	ip emrldsl.rg
advertising	ipp emmerrallddisslle.orrgg
advertising	ip.!.emeraldisle.org
advertising	emeraldisle.org ip
advertising	1p 3m3r4ld15l3 0rg
advertising	1p 3m3r4Id15I3.0rg
advertising	Ip EmErAlDiSlEoRg
advertising	1 p  3 m 3 r 4 l d 1 5 l 3 . 0 r g
advertising	ip foxcraft.gg
advertising	ip foxcraft,gg
advertising	ip foxcraft_gg
advertising	ip foxcraft'gg
advertising	ip foxcraft*gg
advertising	ip foxcraftgg
advertising	ip foxcraft gg
advertising	ip foxcraft(dot)gg
advertising	1p f0xcr4f7.gg
advertising	i p  f o x c r a f t . g g
advertising	ip fοxcrаft.gg
advertising	IP FOXCRAFT.GG
advertising	Ip FoXcRaFt.Gg
advertising	iiip foooxcraft.gg
advertising	ip foxcraft-gg
advertising	ip foxcraft;gg
advertising	ip foxcraft~gg
advertising	ip foxcraft.gg ip
advertising	ip fxcrft.gg
advertising	ipp ffoxxccrrafftt.gggg
advertising	ip.!.foxcraft.gg
advertising	foxcraft.gg ip
advertising	1p f0xcr4f7 gg
advertising	Ip FoXcRaFtGg
advertising	1 p  f 0 x c r 4 f 7 . g g
advertising	ip goldrush.xyz
advertising	ip goldrush,xyz
advertising	ip goldrush_xyz
advertising	ip goldrush'xyz
advertising	ip goldrush*xyz
advertising	ip goldrushxyz
advertising	ip goldrush xyz
advertising	ip goldrush(dot)xyz
advertising	1p g0ldru5h.xyz
advertising	i p  g o l d r u s h . x y z
advertising	ip gοIdrush.xyz
advertising	IP GOLDRUSH.XYZ
advertising	Ip GoLdRuSh.XyZ
advertising	iiip goooldrush.xyz
advertising	ip goldrush-xyz
advertising	ip goldrush;xyz
advertising	ip goldrush~xyz
advertising	ip goldrush.xyz ip
advertising	ip gldrsh.xyz
advertising	ipp ggollddrrusshh.xxyyzz
advertising	ip.!.goldrush.xyz
advertising	goldrush.xyz ip
advertising	1p g0ldru5h xyz
advertising	1p g0Idru5h.xyz
advertising	Ip GoLdRuShXyZ
advertising	1 p  g 0 l d r u 5 h . x y z
advertising	ip icecraft.ml
advertising	ip icecraft,ml
advertising	ip icecraft_ml
advertising	ip icecraft'ml
advertising	ip icecraft*ml
advertising	ip icecraftml
advertising	ip icecraft ml
advertising	ip icecraft(dot)ml
advertising	1p 1c3cr4f7.ml
advertising	i p  i c e c r a f t . m l
advertising	ip icеcrаft.mI
advertising	IP ICECRAFT.ML
advertising	Ip IcEcRaFt.Ml
advertising	iiip iiicecraft.ml
advertising	ip icecraft-ml
advertising	ip icecraft;ml
advertising	ip icecraft~ml
advertising	ip icecraft.ml ip
advertising	ip iccrft.ml
advertising	ipp icceccrrafftt.mmll
advertising	ip.!.icecraft.ml
advertising	icecraft.ml ip
advertising	1p 1c3cr4f7 ml
advertising	1p 1c3cr4f7.mI
advertising	Ip IcEcRaFtMl
advertising	1 p  1 c 3 c r 4 f 7 . m l
advertising	ip junglecraft.net
advertising	ip junglecraft,net
advertising	ip junglecraft_net
advertising	ip junglecraft'net
advertising	ip junglecraft*net
advertising	ip junglecraftnet
advertising	ip junglecraft net
advertising	ip junglecraft(dot)net
advertising	1p jungl3cr4f7.n37
advertising	i p  j u n g l e c r a f t . n e t
advertising	ip jungIеcrаft.nеt
advertising	IP JUNGLECRAFT.NET
advertising	Ip JuNgLeCrAfT.nEt
advertising	iiip juuunglecraft.net
advertising	ip junglecraft-net
advertising	ip junglecraft;net
advertising	ip junglecraft~net
advertising	ip junglecraft.net ip
advertising	ip jnglcrft.nt
advertising	ipp jjunngglleccrrafftt.nnett
advertising	ip.!.junglecraft.net
advertising	junglecraft.net ip
advertising	1p jungl3cr4f7 n37
advertising	1p jungI3cr4f7.n37
advertising	Ip JuNgLeCrAfTnEt
advertising	1 p  j u n g l 3 c r 4 f 7 . n 3 7
advertising	ip kingdoms.gg
advertising	ip kingdoms,gg
advertising	ip kingdoms_gg
advertising	ip kingdoms'gg
advertising	ip kingdoms*gg
advertising	ip kingdomsgg
advertising	ip kingdoms gg
advertising	ip kingdoms(dot)gg
advertising	1p k1ngd0m5.gg
advertising	i p  k i n g d o m s . g g
advertising	ip kingdοms.gg
advertising	IP KINGDOMS.GG
advertising	Ip KiNgDoMs.Gg
advertising	iiip kiiingdoms.gg
advertising	ip kingdoms-gg
advertising	ip kingdoms;gg
advertising	ip kingdoms~gg
advertising	ip kingdoms.gg ip
advertising	ip kngdms.gg
advertising	ipp kkinnggddommss.gggg
advertising	ip.!.kingdoms.gg
advertising	kingdoms.gg ip
advertising	1p k1ngd0m5 gg
advertising	Ip KiNgDoMsGg
advertising	1 p  k 1 n g d 0 m 5 . g g
advertising	ip lunarmc.xyz
advertising	ip lunarmc,xyz
advertising	ip lunarmc_xyz
advertising	ip lunarmc'xyz
advertising	ip lunarmc*xyz
advertising	ip lunarmcxyz
advertising	ip lunarmc xyz
advertising	ip lunarmc(dot)xyz
advertising	1p lun4rmc.xyz
advertising	i p  l u n a r m c . x y z
advertising	ip Iunаrmc.xyz
advertising	IP LUNARMC.XYZ
advertising	Ip LuNaRmC.xYz
advertising	iiip luuunarmc.xyz
advertising	ip lunarmc-xyz
advertising	ip lunarmc;xyz
advertising	ip lunarmc~xyz
advertising	ip lunarmc.xyz ip
advertising	ip lnrmc.xyz
advertising	ipp llunnarrmmcc.xxyyzz
advertising	ip.!.lunarmc.xyz
advertising	lunarmc.xyz ip
advertising	1p lun4rmc xyz
advertising	1p Iun4rmc.xyz
advertising	Ip LuNaRmCxYz
advertising	1 p  l u n 4 r m c . x y z
advertising	ip nethermc.org
advertising	ip nethermc,org
advertising	ip nethermc_org
advertising	ip nethermc'org
advertising	ip nethermc*org
advertising	ip nethermcorg
advertising	ip nethermc org
advertising	ip nethermc(dot)org
advertising	1p n37h3rmc.0rg
advertising	i p  n e t h e r m c . o r g
advertising	ip nеthеrmc.οrg
advertising	IP NETHERMC.ORG
advertising	Ip NeThErMc.OrG
advertising	iiip neeethermc.org
advertising	ip nethermc-org
advertising	ip nethermc;org
advertising	ip nethermc~org
advertising	ip nethermc.org ip
advertising	ip nthrmc.rg
advertising	ipp nnetthherrmmcc.orrgg
advertising	ip.!.nethermc.org
advertising	nethermc.org ip
advertising	1p n37h3rmc 0rg
advertising	Ip NeThErMcOrG
advertising	1 p  n 3 7 h 3 r m c . 0 r g
advertising	hop on examplecraft.net
advertising	hop on examplecraft,net
advertising	hop on examplecraft_net
advertising	hop on examplecraft'net
advertising	hop on examplecraft*net
advertising	hop on examplecraftnet
advertising	hop on examplecraft net
advertising	hop on examplecraft(dot)net
advertising	h0p 0n 3x4mpl3cr4f7.n37
advertising	h o p  o n  e x a m p l e c r a f t . n e t
advertising	hοp οn еxаmpIеcrаft.nеt
advertising	HOP ON EXAMPLECRAFT.NET
advertising	HoP oN eXaMpLeCrAfT.nEt
advertising	hooop ooon eeexamplecraft.net
advertising	hop on examplecraft-net
advertising	hop on examplecraft;net
advertising	hop on examplecraft~net
advertising	hop on examplecraft.net hop
advertising	hop on exmplcrft.nt
advertising	hhopp onn exxammpplleccrrafftt.nnett
advertising	hop.!.on.!.examplecraft.net
advertising	examplecraft.net on hop
advertising	h0p 0n 3x4mpl3cr4f7 n37
advertising	h0p 0n 3x4mpI3cr4f7.n37
advertising	HoP oN eXaMpLeCrAfTnEt
advertising	h 0 p  0 n  3 x 4 m p l 3 c r 4 f 7 . n 3 7
advertising	hop on play.examplecraft.gg
advertising	hop on play,examplecraft,gg
advertising	hop on play_examplecraft_gg
advertising	hop on play'examplecraft'gg
advertising	hop on play*examplecraft*gg
advertising	hop on playexamplecraftgg
advertising	hop on play examplecraft gg
advertising	hop on play(dot)examplecraft(dot)gg
advertising	h0p 0n pl4y.3x4mpl3cr4f7.gg
advertising	h o p  o n  p l a y . e x a m p l e c r a f t . g g
advertising	hοp οn pIаy.еxаmpIеcrаft.gg
advertising	HOP ON PLAY.EXAMPLECRAFT.GG
advertising	HoP oN pLaY.eXaMpLeCrAfT.gG
advertising	hooop ooon plaaay.examplecraft.gg
advertising	hop on play-examplecraft-gg
advertising	hop on play;examplecraft;gg
advertising	hop on play~examplecraft~gg
advertising	hop on play.examplecraft.gg hop
advertising	hop on ply.xmplcrft.gg
advertising	hhopp onn ppllayy.exxammpplleccrrafftt.gggg
advertising	hop.!.on.!.play.examplecraft.gg
advertising	play.examplecraft.gg on hop
advertising	h0p 0n pl4y 3x4mpl3cr4f7 gg
advertising	h0p 0n pI4y.3x4mpI3cr4f7.gg
advertising	HoP oN pLaYeXaMpLeCrAfTgG
advertising	h 0 p  0 n  p l 4 y . 3 x 4 m p l 3 c r 4 f 7 . g g
advertising	hop on mc123.org
advertising	hop on mc123,org
advertising	hop on mc123_org
advertising	hop on mc123'org
advertising	hop on mc123*org
advertising	hop on mc123org
advertising	hop on mc123 org
advertising	hop on mc123(dot)org
advertising	h0p 0n mc123.0rg
advertising	h o p  o n  m c 1 2 3 . o r g
advertising	hοp οn mc123.οrg
advertising	HOP ON MC123.ORG
advertising	HoP oN mC123.oRg
advertising	hooop ooon mc123.ooorg
advertising	hop on mc123-org
advertising	hop on mc123;org
advertising	hop on mc123~org
advertising	hop on mc123.org hop
advertising	hop on mc123.rg
advertising	hhopp onn mmcc123.orrgg
advertising	hop.!.on.!.mc123.org
advertising	mc123.org on hop
advertising	h0p 0n mc123 0rg
advertising	HoP oN mC123oRg
advertising	h 0 p  0 n  m c 1 2 3 . 0 r g
advertising	hop on coolpvp.xyz
advertising	hop on coolpvp,xyz
advertising	hop on coolpvp_xyz
advertising	hop on coolpvp'xyz
advertising	hop on coolpvp*xyz
advertising	hop on coolpvpxyz
advertising	hop on coolpvp xyz
advertising	hop on coolpvp(dot)xyz
advertising	h0p 0n c00lpvp.xyz
advertising	h o p  o n  c o o l p v p . x y z
advertising	hοp οn cοοIpvp.xyz
advertising	HOP ON COOLPVP.XYZ
advertising	HoP oN cOoLpVp.XyZ
advertising	hooop ooon coooolpvp.xyz
advertising	hop on coolpvp-xyz
advertising	hop on coolpvp;xyz
advertising	hop on coolpvp~xyz
advertising	hop on coolpvp.xyz hop
advertising	hop on clpvp.xyz
advertising	hhopp onn ccoollppvvpp.xxyyzz
advertising	hop.!.on.!.coolpvp.xyz
advertising	coolpvp.xyz on hop
advertising	h0p 0n c00lpvp xyz
advertising	h0p 0n c00Ipvp.xyz
advertising	HoP oN cOoLpVpXyZ
advertising	h 0 p  0 n  c 0 0 l p v p . x y z
advertising	hop on funserver.com
advertising	hop on funserver,com
advertising	hop on funserver_com
advertising	hop on funserver'com
advertising	hop on funserver*com
advertising	hop on funservercom
advertising	hop on funserver com
advertising	hop on funserver(dot)com
advertising	h0p 0n fun53rv3r.c0m
advertising	h o p  o n  f u n s e r v e r . c o m
advertising	hοp οn funsеrvеr.cοm
advertising	HOP ON FUNSERVER.COM
advertising	HoP oN fUnSeRvEr.CoM
advertising	hooop ooon fuuunserver.com
advertising	hop on funserver-com
advertising	hop on funserver;com
advertising	hop on funserver~com
advertising	hop on funserver.com hop
advertising	hop on fnsrvr.cm
advertising	hhopp onn ffunnsserrvverr.ccomm
advertising	hop.!.on.!.funserver.com
advertising	funserver.com on hop
advertising	h0p 0n fun53rv3r c0m
advertising	HoP oN fUnSeRvErCoM
advertising	h 0 p  0 n  f u n 5 3 r v 3 r . c 0 m
advertising	hop on hypixelclone.net
advertising	hop on hypixelclone,net
advertising	hop on hypixelclone_net
advertising	hop on hypixelclone'net
advertising	hop on hypixelclone*net
advertising	hop on hypixelclonenet
advertising	hop on hypixelclone net
advertising	hop on hypixelclone(dot)net
advertising	h0p 0n hyp1x3lcl0n3.n37
advertising	h o p  o n  h y p i x e l c l o n e . n e t
advertising	hοp οn hypixеIcIοnе.nеt
advertising	HOP ON HYPIXELCLONE.NET
advertising	HoP oN hYpIxElClOnE.nEt
advertising	hooop ooon hypiiixelclone.net
advertising	hop on hypixelclone-net
advertising	hop on hypixelclone;net
advertising	hop on hypixelclone~net
advertising	hop on hypixelclone.net hop
advertising	hop on hypxlcln.nt
advertising	hhopp onn hhyyppixxellccllonne.nnett
advertising	hop.!.on.!.hypixelclone.net
advertising	hypixelclone.net on hop
advertising	h0p 0n hyp1x3lcl0n3 n37
advertising	h0p 0n hyp1x3IcI0n3.n37
advertising	HoP oN hYpIxElClOnEnEt
advertising	h 0 p  0 n  h y p 1 x 3 l c l 0 n 3 . n 3 7
advertising	hop on pvpzone.gg
advertising	hop on pvpzone,gg
advertising	hop on pvpzone_gg
advertising	hop on pvpzone'gg
advertising	hop on pvpzone*gg
advertising	hop on pvpzonegg
advertising	hop on pvpzone gg
advertising	hop on pvpzone(dot)gg
advertising	h0p 0n pvpz0n3.gg
advertising	h o p  o n  p v p z o n e . g g
advertising	hοp οn pvpzοnе.gg
advertising	HOP ON PVPZONE.GG
advertising	HoP oN pVpZoNe.Gg
advertising	hooop ooon pvpzooone.gg
advertising	hop on pvpzone-gg
advertising	hop on pvpzone;gg
advertising	hop on pvpzone~gg
advertising	hop on pvpzone.gg hop
advertising	hop on pvpzn.gg
advertising	hhopp onn ppvvppzzonne.gggg
advertising	hop.!.on.!.pvpzone.gg
advertising	pvpzone.gg on hop
advertising	h0p 0n pvpz0n3 gg
advertising	HoP oN pVpZoNeGg
advertising	h 0 p  0 n  p v p z 0 n 3 . g g
advertising	hop on survivalcraft.org
advertising	hop on survivalcraft,org
advertising	hop on survivalcraft_org
advertising	hop on survivalcraft'org
advertising	hop on survivalcraft*org
advertising	hop on survivalcraftorg
advertising	hop on survivalcraft org
advertising	hop on survivalcraft(dot)org
advertising	h0p 0n 5urv1v4lcr4f7.0rg
advertising	h o p  o n  s u r v i v a l c r a f t . o r g
advertising	hοp οn survivаIcrаft.οrg
advertising	HOP ON SURVIVALCRAFT.ORG
advertising	HoP oN sUrViVaLcRaFt.OrG
advertising	hooop ooon suuurvivalcraft.org
advertising	hop on survivalcraft-org
advertising	hop on survivalcraft;org
advertising	hop on survivalcraft~org
advertising	hop on survivalcraft.org hop
advertising	hop on srvvlcrft.rg
advertising	hhopp onn ssurrvvivvallccrrafftt.orrgg
advertising	hop.!.on.!.survivalcraft.org
advertising	survivalcraft.org on hop
advertising	h0p 0n 5urv1v4lcr4f7 0rg
advertising	h0p 0n 5urv1v4Icr4f7.0rg
advertising	HoP oN sUrViVaLcRaFtOrG
advertising	h 0 p  0 n  5 u r v 1 v 4 l c r 4 f 7 . 0 r g
advertising	hop on minescape.xyz
advertising	hop on minescape,xyz
advertising	hop on minescape_xyz
advertising	hop on minescape'xyz
advertising	hop on minescape*xyz
advertising	hop on minescapexyz
advertising	hop on minescape xyz
advertising	hop on minescape(dot)xyz
advertising	h0p 0n m1n35c4p3.xyz
advertising	h o p  o n  m i n e s c a p e . x y z
advertising	hοp οn minеscаpе.xyz
advertising	HOP ON MINESCAPE.XYZ
advertising	HoP oN mInEsCaPe.XyZ
advertising	hooop ooon miiinescape.xyz
advertising	hop on minescape-xyz
advertising	hop on minescape;xyz
advertising	hop on minescape~xyz
advertising	hop on minescape.xyz hop
advertising	hop on mnscp.xyz
advertising	hhopp onn mminnessccappe.xxyyzz
advertising	hop.!.on.!.minescape.xyz
advertising	minescape.xyz on hop
advertising	h0p 0n m1n35c4p3 xyz
advertising	HoP oN mInEsCaPeXyZ
advertising	h 0 p  0 n  m 1 n 3 5 c 4 p 3 . x y z
advertising	hop on craftkingdom.net
advertising	hop on craftkingdom,net
advertising	hop on craftkingdom_net
advertising	hop on craftkingdom'net
advertising	hop on craftkingdom*net
advertising	hop on craftkingdomnet
advertising	hop on craftkingdom net
advertising	hop on craftkingdom(dot)net
advertising	h0p 0n cr4f7k1ngd0m.n37
advertising	h o p  o n  c r a f t k i n g d o m . n e t
advertising	hοp οn crаftkingdοm.nеt
advertising	HOP ON CRAFTKINGDOM.NET
advertising	HoP oN cRaFtKiNgDoM.nEt
advertising	hooop ooon craaaftkingdom.net
advertising	hop on craftkingdom-net
advertising	hop on craftkingdom;net
advertising	hop on craftkingdom~net
advertising	hop on craftkingdom.net hop
advertising	hop on crftkngdm.nt
advertising	hhopp onn ccrraffttkkinnggddomm.nnett
advertising	hop.!.on.!.craftkingdom.net
advertising	craftkingdom.net on hop
advertising	h0p 0n cr4f7k1ngd0m n37
advertising	HoP oN cRaFtKiNgDoMnEt
advertising	h 0 p  0 n  c r 4 f 7 k 1 n g d 0 m . n 3 7
advertising	hop on skypvp.gg
advertising	hop on skypvp,gg
advertising	hop on skypvp_gg
advertising	hop on skypvp'gg
advertising	hop on skypvp*gg
advertising	hop on skypvpgg
advertising	hop on skypvp gg
advertising	hop on skypvp(dot)gg
advertising	h0p 0n 5kypvp.gg
advertising	h o p  o n  s k y p v p . g g
advertising	hοp οn skypvp.gg
advertising	HOP ON SKYPVP.GG
advertising	HoP oN sKyPvP.gG
advertising	hooop ooon skypvp.gg
advertising	hop on skypvp-gg
advertising	hop on skypvp;gg
advertising	hop on skypvp~gg
advertising	hop on skypvp.gg hop
advertising	hhopp onn sskkyyppvvpp.gggg
advertising	hop.!.on.!.skypvp.gg
advertising	skypvp.gg on hop
advertising	h0p 0n 5kypvp gg
advertising	HoP oN sKyPvPgG
advertising	h 0 p  0 n  5 k y p v p . g g
advertising	hop on bedwars.pro
advertising	hop on bedwars,pro
advertising	hop on bedwars_pro
advertising	hop on bedwars'pro
advertising	hop on bedwars*pro
advertising	hop on bedwarspro
advertising	hop on bedwars pro
advertising	hop on bedwars(dot)pro
advertising	h0p 0n b3dw4r5.pr0
advertising	h o p  o n  b e d w a r s . p r o
advertising	hοp οn bеdwаrs.prο
advertising	HOP ON BEDWARS.PRO
advertising	HoP oN bEdWaRs.PrO
advertising	hooop ooon beeedwars.pro
advertising	hop on bedwars-pro
advertising	hop on bedwars;pro
advertising	hop on bedwars~pro
advertising	hop on bedwars.pro hop
advertising	hop on bdwrs.pro
advertising	hhopp onn bbeddwwarrss.pprro
advertising	hop.!.on.!.bedwars.pro
advertising	bedwars.pro on hop
advertising	h0p 0n b3dw4r5 pr0
advertising	HoP oN bEdWaRsPrO
advertising	h 0 p  0 n  b 3 d w 4 r 5 . p r 0
advertising	hop on anarchy.ml
advertising	hop on anarchy,ml
advertising	hop on anarchy_ml
advertising	hop on anarchy'ml
advertising	hop on anarchy*ml
advertising	hop on anarchyml
advertising	hop on anarchy ml
advertising	hop on anarchy(dot)ml
advertising	h0p 0n 4n4rchy.ml
advertising	h o p  o n  a n a r c h y . m l
advertising	hοp οn аnаrchy.mI
advertising	HOP ON ANARCHY.ML
advertising	HoP oN aNaRcHy.Ml
advertising	hooop ooon aaanarchy.ml
advertising	hop on anarchy-ml
advertising	hop on anarchy;ml
advertising	hop on anarchy~ml
advertising	hop on anarchy.ml hop
advertising	hop on anrchy.ml
advertising	hhopp onn annarrcchhyy.mmll
advertising	hop.!.on.!.anarchy.ml
advertising	anarchy.ml on hop
advertising	h0p 0n 4n4rchy ml
advertising	h0p 0n 4n4rchy.mI
advertising	HoP oN aNaRcHyMl
advertising	h 0 p  0 n  4 n 4 r c h y . m l
advertising	hop on smp.tk
advertising	hop on smp,tk
advertising	hop on smp_tk
advertising	hop on smp'tk
advertising	hop on smp*tk
advertising	hop on smptk
advertising	hop on smp tk
advertising	hop on smp(dot)tk
advertising	h0p 0n 5mp.7k
advertising	h o p  o n  s m p . t k
advertising	hοp οn smp.tk
advertising	HOP ON SMP.TK
advertising	HoP oN sMp.Tk
advertising	hooop ooon smp.tk
advertising	hop on smp-tk
advertising	hop on smp;tk
advertising	hop on smp~tk
advertising	hop on smp.tk hop
advertising	hhopp onn ssmmpp.ttkk
advertising	hop.!.on.!.smp.tk
advertising	smp.tk on hop
advertising	h0p 0n 5mp 7k
advertising	HoP oN sMpTk
advertising	h 0 p  0 n  5 m p . 7 k
advertising	hop on creativecraft.com
advertising	hop on creativecraft,com
advertising	hop on creativecraft_com
advertising	hop on creativecraft'com
advertising	hop on creativecraft*com
advertising	hop on creativecraftcom
advertising	hop on creativecraft com
advertising	hop on creativecraft(dot)com
advertising	h0p 0n cr3471v3cr4f7.c0m
advertising	h o p  o n  c r e a t i v e c r a f t . c o m
advertising	hοp οn crеаtivеcrаft.cοm
advertising	HOP ON CREATIVECRAFT.COM
advertising	HoP oN cReAtIvEcRaFt.CoM
advertising	hooop ooon creeeativecraft.com
advertising	hop on creativecraft-com
advertising	hop on creativecraft;com
advertising	hop on creativecraft~com
advertising	hop on creativecraft.com hop
advertising	hop on crtvcrft.cm
advertising	hhopp onn ccrreattivveccrrafftt.ccomm
advertising	hop.!.on.!.creativecraft.com
advertising	creativecraft.com on hop
advertising	h0p 0n cr3471v3cr4f7 c0m
advertising	HoP oN cReAtIvEcRaFtCoM
advertising	h 0 p  0 n  c r 3 4 7 1 v 3 c r 4 f 7 . c 0 m
advertising	hop on dragonmc.net
advertising	hop on dragonmc,net
advertising	hop on dragonmc_net
advertising	hop on dragonmc'net
advertising	hop on dragonmc*net
advertising	hop on dragonmcnet
advertising	hop on dragonmc net
advertising	hop on dragonmc(dot)net
advertising	h0p 0n dr4g0nmc.n37
advertising	h o p  o n  d r a g o n m c . n e t
advertising	hοp οn drаgοnmc.nеt
advertising	HOP ON DRAGONMC.NET
advertising	HoP oN dRaGoNmC.nEt
advertising	hooop ooon draaagonmc.net
advertising	hop on dragonmc-net
advertising	hop on dragonmc;net
advertising	hop on dragonmc~net
advertising	hop on dragonmc.net hop
advertising	hop on drgnmc.nt
advertising	hhopp onn ddrraggonnmmcc.nnett
advertising	hop.!.on.!.dragonmc.net
advertising	dragonmc.net on hop
advertising	h0p 0n dr4g0nmc n37
advertising	HoP oN dRaGoNmCnEt
advertising	h 0 p  0 n  d r 4 g 0 n m c . n 3 7
advertising	hop on emeraldisle.org
advertising	hop on emeraldisle,org
advertising	hop on emeraldisle_org
advertising	hop on emeraldisle'org
advertising	hop on emeraldisle*org
advertising	hop on emeraldisleorg
advertising	hop on emeraldisle org
advertising	hop on emeraldisle(dot)org
advertising	h0p 0n 3m3r4ld15l3.0rg
advertising	h o p  o n  e m e r a l d i s l e . o r g
advertising	hοp οn еmеrаIdisIе.οrg
advertising	HOP ON EMERALDISLE.ORG
advertising	HoP oN eMeRaLdIsLe.OrG
advertising	hooop ooon eeemeraldisle.org
advertising	hop on emeraldisle-org
advertising	hop on emeraldisle;org
advertising	hop on emeraldisle~org
advertising	hop on emeraldisle.org hop
advertising	hop on emrldsl.rg
advertising	hhopp onn emmerrallddisslle.orrgg
advertising	hop.!.on.!.emeraldisle.org
advertising	emeraldisle.org on hop
advertising	h0p 0n 3m3r4ld15l3 0rg
advertising	h0p 0n 3m3r4Id15I3.0rg
advertising	HoP oN eMeRaLdIsLeOrG
advertising	h 0 p  0 n  3 m 3 r 4 l d 1 5 l 3 . 0 r g
advertising	hop on foxcraft.gg
advertising	hop on foxcraft,gg
advertising	hop on foxcraft_gg
advertising	hop on foxcraft'gg
advertising	hop on foxcraft*gg
advertising	hop on foxcraftgg
advertising	hop on foxcraft gg
advertising	hop on foxcraft(dot)gg
advertising	h0p 0n f0xcr4f7.gg
advertising	h o p  o n  f o x c r a f t . g g
advertising	hοp οn fοxcrаft.gg
advertising	HOP ON FOXCRAFT.GG
advertising	HoP oN fOxCrAfT.gG
advertising	hooop ooon foooxcraft.gg
advertising	hop on foxcraft-gg
advertising	hop on foxcraft;gg
advertising	hop on foxcraft~gg
advertising	hop on foxcraft.gg hop
advertising	hop on fxcrft.gg
advertising	hhopp onn ffoxxccrrafftt.gggg
advertising	hop.!.on.!.foxcraft.gg
advertising	foxcraft.gg on hop
advertising	h0p 0n f0xcr4f7 gg
advertising	HoP oN fOxCrAfTgG
advertising	h 0 p  0 n  f 0 x c r 4 f 7 . g g
advertising	hop on goldrush.xyz
advertising	hop on goldrush,xyz
advertising	hop on goldrush_xyz
advertising	hop on goldrush'xyz
advertising	hop on goldrush*xyz
advertising	hop on goldrushxyz
advertising	hop on goldrush xyz
advertising	hop on goldrush(dot)xyz
advertising	h0p 0n g0ldru5h.xyz
advertising	h o p  o n  g o l d r u s h . x y z
advertising	hοp οn gοIdrush.xyz
advertising	HOP ON GOLDRUSH.XYZ
advertising	HoP oN gOlDrUsH.xYz
advertising	hooop ooon goooldrush.xyz
advertising	hop on goldrush-xyz
advertising	hop on goldrush;xyz
advertising	hop on goldrush~xyz
advertising	hop on goldrush.xyz hop
advertising	hop on gldrsh.xyz
advertising	hhopp onn ggollddrrusshh.xxyyzz
advertising	hop.!.on.!.goldrush.xyz
advertising	goldrush.xyz on hop
advertising	h0p 0n g0ldru5h xyz
advertising	h0p 0n g0Idru5h.xyz
advertising	HoP oN gOlDrUsHxYz
advertising	h 0 p  0 n  g 0 l d r u 5 h . x y z
advertising	hop on icecraft.ml
advertising	hop on icecraft,ml
advertising	hop on icecraft_ml
advertising	hop on icecraft'ml
advertising	hop on icecraft*ml
advertising	hop on icecraftml
advertising	hop on icecraft ml
advertising	hop on icecraft(dot)ml
advertising	h0p 0n 1c3cr4f7.ml
advertising	h o p  o n  i c e c r a f t . m l
advertising	hοp οn icеcrаft.mI
advertising	HOP ON ICECRAFT.ML
advertising	HoP oN iCeCrAfT.mL
advertising	hooop ooon iiicecraft.ml
advertising	hop on icecraft-ml
advertising	hop on icecraft;ml
advertising	hop on icecraft~ml
advertising	hop on icecraft.ml hop
advertising	hop on iccrft.ml
advertising	hhopp onn icceccrrafftt.mmll
advertising	hop.!.on.!.icecraft.ml
advertising	icecraft.ml on hop
advertising	h0p 0n 1c3cr4f7 ml
advertising	h0p 0n 1c3cr4f7.mI
advertising	HoP oN iCeCrAfTmL
advertising	h 0 p  0 n  1 c 3 c r 4 f 7 . m l
advertising	hop on junglecraft.net
advertising	hop on junglecraft,net
advertising	hop on junglecraft_net
advertising	hop on junglecraft'net
advertising	hop on junglecraft*net
advertising	hop on junglecraftnet
advertising	hop on junglecraft net
advertising	hop on junglecraft(dot)net
advertising	h0p 0n jungl3cr4f7.n37
advertising	h o p  o n  j u n g l e c r a f t . n e t
advertising	hοp οn jungIеcrаft.nеt
advertising	HOP ON JUNGLECRAFT.NET
advertising	HoP oN jUnGlEcRaFt.NeT
advertising	hooop ooon juuunglecraft.net
advertising	hop on junglecraft-net
advertising	hop on junglecraft;net
advertising	hop on junglecraft~net
advertising	hop on junglecraft.net hop
advertising	hop on jnglcrft.nt
advertising	hhopp onn jjunngglleccrrafftt.nnett
advertising	hop.!.on.!.junglecraft.net
advertising	junglecraft.net on hop
advertising	h0p 0n jungl3cr4f7 n37
advertising	h0p 0n jungI3cr4f7.n37
advertising	HoP oN jUnGlEcRaFtNeT
advertising	h 0 p  0 n  j u n g l 3 c r 4 f 7 . n 3 7
advertising	hop on kingdoms.gg
advertising	hop on kingdoms,gg
advertising	hop on kingdoms_gg
advertising	hop on kingdoms'gg
advertising	hop on kingdoms*gg
advertising	hop on kingdomsgg
advertising	hop on kingdoms gg
advertising	hop on kingdoms(dot)gg
advertising	h0p 0n k1ngd0m5.gg
advertising	h o p  o n  k i n g d o m s . g g
advertising	hοp οn kingdοms.gg
advertising	HOP ON KINGDOMS.GG
advertising	HoP oN kInGdOmS.gG
advertising	hooop ooon kiiingdoms.gg
advertising	hop on kingdoms-gg
advertising	hop on kingdoms;gg
advertising	hop on kingdoms~gg
advertising	hop on kingdoms.gg hop
advertising	hop on kngdms.gg
advertising	hhopp onn kkinnggddommss.gggg
advertising	hop.!.on.!.kingdoms.gg
advertising	kingdoms.gg on hop
advertising	h0p 0n k1ngd0m5 gg
advertising	HoP oN kInGdOmSgG
advertising	h 0 p  0 n  k 1 n g d 0 m 5 . g g
advertising	hop on lunarmc.xyz
advertising	hop on lunarmc,xyz
advertising	hop on lunarmc_xyz
advertising	hop on lunarmc'xyz
advertising	hop on lunarmc*xyz
advertising	hop on lunarmcxyz
advertising	hop on lunarmc xyz
advertising	hop on lunarmc(dot)xyz
advertising	h0p 0n lun4rmc.xyz
advertising	h o p  o n  l u n a r m c . x y z
advertising	hοp οn Iunаrmc.xyz
advertising	HOP ON LUNARMC.XYZ
advertising	HoP oN lUnArMc.XyZ
advertising	hooop ooon luuunarmc.xyz
advertising	hop on lunarmc-xyz
advertising	hop on lunarmc;xyz
advertising	hop on lunarmc~xyz
advertising	hop on lunarmc.xyz hop
advertising	hop on lnrmc.xyz
advertising	hhopp onn llunnarrmmcc.xxyyzz
advertising	hop.!.on.!.lunarmc.xyz
advertising	lunarmc.xyz on hop
advertising	h0p 0n lun4rmc xyz
advertising	h0p 0n Iun4rmc.xyz
advertising	HoP oN lUnArMcXyZ
advertising	h 0 p  0 n  l u n 4 r m c . x y z
advertising	hop on nethermc.org
advertising	hop on nethermc,org
advertising	hop on nethermc_org
advertising	hop on nethermc'org
advertising	hop on nethermc*org
advertising	hop on nethermcorg
advertising	hop on nethermc org
advertising	hop on nethermc(dot)org
advertising	h0p 0n n37h3rmc.0rg
advertising	h o p  o n  n e t h e r m c . o r g
advertising	hοp οn nеthеrmc.οrg
advertising	HOP ON NETHERMC.ORG
advertising	HoP oN nEtHeRmC.oRg
advertising	hooop ooon neeethermc.org
advertising	hop on nethermc-org
advertising	hop on nethermc;org
advertising	hop on nethermc~org
advertising	hop on nethermc.org hop
advertising	hop on nthrmc.rg
advertising	hhopp onn nnetthherrmmcc.orrgg
advertising	hop.!.on.!.nethermc.org
advertising	nethermc.org on hop
advertising	h0p 0n n37h3rmc 0rg
advertising	HoP oN nEtHeRmCoRg
advertising	h 0 p  0 n  n 3 7 h 3 r m c . 0 r g
advertising	looking for players at examplecraft.net
advertising	looking for players at examplecraft,net
advertising	looking for players at examplecraft_net
advertising	looking for players at examplecraft'net
advertising	looking for players at examplecraft*net
advertising	looking for players at examplecraftnet
advertising	looking for players at examplecraft net
advertising	looking for players at examplecraft(dot)net
advertising	l00k1ng f0r pl4y3r5 47 3x4mpl3cr4f7.n37
advertising	l o o k i n g  f o r  p l a y e r s  a t  e x a m p l e c r a f t . n e t
advertising	Iοοking fοr pIаyеrs аt еxаmpIеcrаft.nеt
advertising	LOOKING FOR PLAYERS AT EXAMPLECRAFT.NET
advertising	LoOkInG fOr PlAyErS aT eXaMpLeCrAfT.nEt
advertising	looooking fooor plaaayers aaat eeexamplecraft.net
advertising	looking for players at examplecraft-net
advertising	looking for players at examplecraft;net
advertising	looking for players at examplecraft~net
advertising	looking for players at examplecraft.net loo
advertising	lkng for plyrs at exmplcrft.nt
advertising	llookkinngg fforr ppllayyerrss att exxammpplleccrrafftt.nnett
advertising	looking.!.for.!.players.!.at.!.examplecraft.net
advertising	examplecraft.net at players for looking
advertising	l00k1ng f0r pl4y3r5 47 3x4mpl3cr4f7 n37
advertising	I00k1ng f0r pI4y3r5 47 3x4mpI3cr4f7.n37
advertising	LoOkInG fOr PlAyErS aT eXaMpLeCrAfTnEt
advertising	l 0 0 k 1 n g  f 0 r  p l 4 y 3 r 5  4 7  3 x 4 m p l 3 c r 4 f 7 . n 3 7
advertising	looking for players at play.examplecraft.gg
advertising	looking for players at play,examplecraft,gg
advertising	looking for players at play_examplecraft_gg
advertising	looking for players at play'examplecraft'gg
advertising	looking for players at play*examplecraft*gg
advertising	looking for players at playexamplecraftgg
advertising	looking for players at play examplecraft gg
advertising	looking for players at play(dot)examplecraft(dot)gg
advertising	l00k1ng f0r pl4y3r5 47 pl4y.3x4mpl3cr4f7.gg
advertising	l o o k i n g  f o r  p l a y e r s  a t  p l a y . e x a m p l e c r a f t . g g
advertising	Iοοking fοr pIаyеrs аt pIаy.еxаmpIеcrаft.gg
advertising	LOOKING FOR PLAYERS AT PLAY.EXAMPLECRAFT.GG
advertising	LoOkInG fOr PlAyErS aT pLaY.eXaMpLeCrAfT.gG
advertising	looooking fooor plaaayers aaat plaaay.examplecraft.gg
advertising	looking for players at play-examplecraft-gg
advertising	looking for players at play;examplecraft;gg
advertising	looking for players at play~examplecraft~gg
advertising	looking for players at play.examplecraft.gg loo
advertising	lkng for plyrs at ply.xmplcrft.gg
advertising	llookkinngg fforr ppllayyerrss att ppllayy.exxammpplleccrrafftt.gggg
advertising	looking.!.for.!.players.!.at.!.play.examplecraft.gg
advertising	play.examplecraft.gg at players for looking
advertising	l00k1ng f0r pl4y3r5 47 pl4y 3x4mpl3cr4f7 gg
advertising	I00k1ng f0r pI4y3r5 47 pI4y.3x4mpI3cr4f7.gg
advertising	LoOkInG fOr PlAyErS aT pLaYeXaMpLeCrAfTgG
advertising	l 0 0 k 1 n g  f 0 r  p l 4 y 3 r 5  4 7  p l 4 y . 3 x 4 m p l 3 c r 4 f 7 . g g
advertising	looking for players at mc123.org
advertising	looking for players at mc123,org
advertising	looking for players at mc123_org
advertising	looking for players at mc123'org
advertising	looking for players at mc123*org
advertising	looking for players at mc123org
advertising	looking for players at mc123 org
advertising	looking for players at mc123(dot)org
advertising	l00k1ng f0r pl4y3r5 47 mc123.0rg
advertising	l o o k i n g  f o r  p l a y e r s  a t  m c 1 2 3 . o r g
advertising	Iοοking fοr pIаyеrs аt mc123.οrg
advertising	LOOKING FOR PLAYERS AT MC123.ORG
advertising	LoOkInG fOr PlAyErS aT mC123.oRg
advertising	looooking fooor plaaayers aaat mc123.ooorg
advertising	looking for players at mc123-org
advertising	looking for players at mc123;org
advertising	looking for players at mc123~org
advertising	looking for players at mc123.org loo
advertising	lkng for plyrs at mc123.rg
advertising	llookkinngg fforr ppllayyerrss att mmcc123.orrgg
advertising	looking.!.for.!.players.!.at.!.mc123.org
advertising	mc123.org at players for looking
advertising	l00k1ng f0r pl4y3r5 47 mc123 0rg
advertising	I00k1ng f0r pI4y3r5 47 mc123.0rg
advertising	LoOkInG fOr PlAyErS aT mC123oRg
advertising	l 0 0 k 1 n g  f 0 r  p l 4 y 3 r 5  4 7  m c 1 2 3 . 0 r g
advertising	looking for players at coolpvp.xyz
advertising	looking for players at coolpvp,xyz
advertising	looking for players at coolpvp_xyz
advertising	looking for players at coolpvp'xyz
advertising	looking for players at coolpvp*xyz
advertising	looking for players at coolpvpxyz
advertising	looking for players at coolpvp xyz
advertising	looking for players at coolpvp(dot)xyz
advertising	l00k1ng f0r pl4y3r5 47 c00lpvp.xyz
advertising	l o o k i n g  f o r  p l a y e r s  a t  c o o l p v p . x y z
advertising	Iοοking fοr pIаyеrs аt cοοIpvp.xyz
advertising	LOOKING FOR PLAYERS AT COOLPVP.XYZ
advertising	LoOkInG fOr PlAyErS aT cOoLpVp.XyZ
advertising	looooking fooor plaaayers aaat coooolpvp.xyz
advertising	looking for players at coolpvp-xyz
advertising	looking for players at coolpvp;xyz
advertising	looking for players at coolpvp~xyz
advertising	looking for players at coolpvp.xyz loo
advertising	lkng for plyrs at clpvp.xyz
advertising	llookkinngg fforr ppllayyerrss att ccoollppvvpp.xxyyzz
advertising	looking.!.for.!.players.!.at.!.coolpvp.xyz
advertising	coolpvp.xyz at players for looking
advertising	l00k1ng f0r pl4y3r5 47 c00lpvp xyz
advertising	I00k1ng f0r pI4y3r5 47 c00Ipvp.xyz
advertising	LoOkInG fOr PlAyErS aT cOoLpVpXyZ
advertising	l 0 0 k 1 n g  f 0 r  p l 4 y 3 r 5  4 7  c 0 0 l p v p . x y z
advertising	looking for players at funserver.com
advertising	looking for players at funserver,com
advertising	looking for players at funserver_com
advertising	looking for players at funserver'com
advertising	looking for players at funserver*com
advertising	looking for players at funservercom
advertising	looking for players at funserver com
advertising	looking for players at funserver(dot)com
advertising	l00k1ng f0r pl4y3r5 47 fun53rv3r.c0m
advertising	l o o k i n g  f o r  p l a y e r s  a t  f u n s e r v e r . c o m
advertising	Iοοking fοr pIаyеrs аt funsеrvеr.cοm
advertising	LOOKING FOR PLAYERS AT FUNSERVER.COM
advertising	LoOkInG fOr PlAyErS aT fUnSeRvEr.CoM
advertising	looooking fooor plaaayers aaat fuuunserver.com
advertising	looking for players at funserver-com
advertising	looking for players at funserver;com
advertising	looking for players at funserver~com
advertising	looking for players at funserver.com loo
advertising	lkng for plyrs at fnsrvr.cm
advertising	llookkinngg fforr ppllayyerrss att ffunnsserrvverr.ccomm
advertising	looking.!.for.!.players.!.at.!.funserver.com
advertising	funserver.com at players for looking
advertising	l00k1ng f0r pl4y3r5 47 fun53rv3r c0m
advertising	I00k1ng f0r pI4y3r5 47 fun53rv3r.c0m
advertising	LoOkInG fOr PlAyErS aT fUnSeRvErCoM
advertising	l 0 0 k 1 n g  f 0 r  p l 4 y 3 r 5  4 7  f u n 5 3 r v 3 r . c 0 m
advertising	looking for players at hypixelclone.net
advertising	looking for players at hypixelclone,net
advertising	looking for players at hypixelclone_net
advertising	looking for players at hypixelclone'net
advertising	looking for players at hypixelclone*net
advertising	looking for players at hypixelclonenet
advertising	looking for players at hypixelclone net
advertising	looking for players at hypixelclone(dot)net
advertising	l00k1ng f0r pl4y3r5 47 hyp1x3lcl0n3.n37
advertising	l o o k i n g  f o r  p l a y e r s  a t  h y p i x e l c l o n e . n e t
advertising	Iοοking fοr pIаyеrs аt hypixеIcIοnе.nеt
advertising	LOOKING FOR PLAYERS AT HYPIXELCLONE.NET
advertising	LoOkInG fOr PlAyErS aT hYpIxElClOnE.nEt
advertising	looooking fooor plaaayers aaat hypiiixelclone.net
advertising	looking for players at hypixelclone-net
advertising	looking for players at hypixelclone;net
advertising	looking for players at hypixelclone~net
advertising	looking for players at hypixelclone.net loo
advertising	lkng for plyrs at hypxlcln.nt
advertising	llookkinngg fforr ppllayyerrss att hhyyppixxellccllonne.nnett
advertising	looking.!.for.!.players.!.at.!.hypixelclone.net
advertising	hypixelclone.net at players for looking
advertising	l00k1ng f0r pl4y3r5 47 hyp1x3lcl0n3 n37
advertising	I00k1ng f0r pI4y3r5 47 hyp1x3IcI0n3.n37
advertising	LoOkInG fOr PlAyErS aT hYpIxElClOnEnEt
advertising	l 0 0 k 1 n g  f 0 r  p l 4 y 3 r 5  4 7  h y p 1 x 3 l c l 0 n 3 . n 3 7
advertising	looking for players at pvpzone.gg
advertising	looking for players at pvpzone,gg
advertising	looking for players at pvpzone_gg
advertising	looking for players at pvpzone'gg
advertising	looking for players at pvpzone*gg
advertising	looking for players at pvpzonegg
advertising	looking for players at pvpzone gg
advertising	looking for players at pvpzone(dot)gg
advertising	l00k1ng f0r pl4y3r5 47 pvpz0n3.gg
advertising	l o o k i n g  f o r  p l a y e r s  a t  p v p z o n e . g g
advertising	Iοοking fοr pIаyеrs аt pvpzοnе.gg
advertising	LOOKING FOR PLAYERS AT PVPZONE.GG
advertising	LoOkInG fOr PlAyErS aT pVpZoNe.Gg
advertising	looooking fooor plaaayers aaat pvpzooone.gg
advertising	looking for players at pvpzone-gg
advertising	looking for players at pvpzone;gg
advertising	looking for players at pvpzone~gg
advertising	looking for players at pvpzone.gg loo
advertising	lkng for plyrs at pvpzn.gg
advertising	llookkinngg fforr ppllayyerrss att ppvvppzzonne.gggg
advertising	looking.!.for.!.players.!.at.!.pvpzone.gg
advertising	pvpzone.gg at players for looking
advertising	l00k1ng f0r pl4y3r5 47 pvpz0n3 gg
advertising	I00k1ng f0r pI4y3r5 47 pvpz0n3.gg
advertising	LoOkInG fOr PlAyErS aT pVpZoNeGg
advertising	l 0 0 k 1 n g  f 0 r  p l 4 y 3 r 5  4 7  p v p z 0 n 3 . g g
advertising	looking for players at survivalcraft.org
advertising	looking for players at survivalcraft,org
advertising	looking for players at survivalcraft_org
advertising	looking for players at survivalcraft'org
advertising	looking for players at survivalcraft*org
advertising	looking for players at survivalcraftorg
advertising	looking for players at survivalcraft org
advertising	looking for players at survivalcraft(dot)org
advertising	l00k1ng f0r pl4y3r5 47 5urv1v4lcr4f7.0rg
advertising	l o o k i n g  f o r  p l a y e r s  a t  s u r v i v a l c r a f t . o r g
advertising	Iοοking fοr pIаyеrs аt survivаIcrаft.οrg
advertising	LOOKING FOR PLAYERS AT SURVIVALCRAFT.ORG
advertising	LoOkInG fOr PlAyErS aT sUrViVaLcRaFt.OrG
advertising	looooking fooor plaaayers aaat suuurvivalcraft.org
advertising	looking for players at survivalcraft-org
advertising	looking for players at survivalcraft;org
advertising	looking for players at survivalcraft~org
advertising	looking for players at survivalcraft.org loo
advertising	lkng for plyrs at srvvlcrft.rg
advertising	llookkinngg fforr ppllayyerrss att ssurrvvivvallccrrafftt.orrgg
advertising	looking.!.for.!.players.!.at.!.survivalcraft.org
advertising	survivalcraft.org at players for looking
advertising	l00k1ng f0r pl4y3r5 47 5urv1v4lcr4f7 0rg
advertising	I00k1ng f0r pI4y3r5 47 5urv1v4Icr4f7.0rg
advertising	LoOkInG fOr PlAyErS aT sUrViVaLcRaFtOrG
advertising	l 0 0 k 1 n g  f 0 r  p l 4 y 3 r 5  4 7  5 u r v 1 v 4 l c r 4 f 7 . 0 r g
advertising	looking for players at minescape.xyz
advertising	looking for players at minescape,xyz
advertising	looking for players at minescape_xyz
advertising	looking for players at minescape'xyz
advertising	looking for players at minescape*xyz
advertising	looking for players at minescapexyz
advertising	looking for players at minescape xyz
advertising	looking for players at minescape(dot)xyz
advertising	l00k1ng f0r pl4y3r5 47 m1n35c4p3.xyz
advertising	l o o k i n g  f o r  p l a y e r s  a t  m i n e s c a p e . x y z
advertising	Iοοking fοr pIаyеrs аt minеscаpе.xyz
advertising	LOOKING FOR PLAYERS AT MINESCAPE.XYZ
advertising	LoOkInG fOr PlAyErS aT mInEsCaPe.XyZ
advertising	looooking fooor plaaayers aaat miiinescape.xyz
advertising	looking for players at minescape-xyz
advertising	looking for players at minescape;xyz
advertising	looking for players at minescape~xyz
advertising	looking for players at minescape.xyz loo
advertising	lkng for plyrs at mnscp.xyz
advertising	llookkinngg fforr ppllayyerrss att mminnessccappe.xxyyzz
advertising	looking.!.for.!.players.!.at.!.minescape.xyz
advertising	minescape.xyz at players for looking
advertising	l00k1ng f0r pl4y3r5 47 m1n35c4p3 xyz
advertising	I00k1ng f0r pI4y3r5 47 m1n35c4p3.xyz
advertising	LoOkInG fOr PlAyErS aT mInEsCaPeXyZ
advertising	l 0 0 k 1 n g  f 0 r  p l 4 y 3 r 5  4 7  m 1 n 3 5 c 4 p 3 . x y z
advertising	looking for players at craftkingdom.net
advertising	looking for players at craftkingdom,net
advertising	looking for players at craftkingdom_net
advertising	looking for players at craftkingdom'net
advertising	looking for players at craftkingdom*net
advertising	looking for players at craftkingdomnet
advertising	looking for players at craftkingdom net
advertising	looking for players at craftkingdom(dot)net
advertising	l00k1ng f0r pl4y3r5 47 cr4f7k1ngd0m.n37
advertising	l o o k i n g  f o r  p l a y e r s  a t  c r a f t k i n g d o m . n e t
advertising	Iοοking fοr pIаyеrs аt crаftkingdοm.nеt
advertising	LOOKING FOR PLAYERS AT CRAFTKINGDOM.NET
advertising	LoOkInG fOr PlAyErS aT cRaFtKiNgDoM.nEt
advertising	looooking fooor plaaayers aaat craaaftkingdom.net
advertising	looking for players at craftkingdom-net
advertising	looking for players at craftkingdom;net
advertising	looking for players at craftkingdom~net
advertising	looking for players at craftkingdom.net loo
advertising	lkng for plyrs at crftkngdm.nt
advertising	llookkinngg fforr ppllayyerrss att ccrraffttkkinnggddomm.nnett
advertising	looking.!.for.!.players.!.at.!.craftkingdom.net
advertising	craftkingdom.net at players for looking
advertising	l00k1ng f0r pl4y3r5 47 cr4f7k1ngd0m n37
advertising	I00k1ng f0r pI4y3r5 47 cr4f7k1ngd0m.n37
advertising	LoOkInG fOr PlAyErS aT cRaFtKiNgDoMnEt
advertising	l 0 0 k 1 n g  f 0 r  p l 4 y 3 r 5  4 7  c r 4 f 7 k 1 n g d 0 m . n 3 7
advertising	looking for players at skypvp.gg
advertising	looking for players at skypvp,gg
advertising	looking for players at skypvp_gg
advertising	looking for players at skypvp'gg
advertising	looking for players at skypvp*gg
advertising	looking for players at skypvpgg
advertising	looking for players at skypvp gg
advertising	looking for players at skypvp(dot)gg
advertising	l00k1ng f0r pl4y3r5 47 5kypvp.gg
advertising	l o o k i n g  f o r  p l a y e r s  a t  s k y p v p . g g
advertising	Iοοking fοr pIаyеrs аt skypvp.gg
advertising	LOOKING FOR PLAYERS AT SKYPVP.GG
advertising	LoOkInG fOr PlAyErS aT sKyPvP.gG
advertising	looooking fooor plaaayers aaat skypvp.gg
advertising	looking for players at skypvp-gg
advertising	looking for players at skypvp;gg
advertising	looking for players at skypvp~gg
advertising	looking for players at skypvp.gg loo
advertising	lkng for plyrs at skypvp.gg
advertising	llookkinngg fforr ppllayyerrss att sskkyyppvvpp.gggg
advertising	looking.!.for.!.players.!.at.!.skypvp.gg
advertising	skypvp.gg at players for looking
advertising	l00k1ng f0r pl4y3r5 47 5kypvp gg
advertising	I00k1ng f0r pI4y3r5 47 5kypvp.gg
advertising	LoOkInG fOr PlAyErS aT sKyPvPgG
advertising	l 0 0 k 1 n g  f 0 r  p l 4 y 3 r 5  4 7  5 k y p v p . g g
advertising	looking for players at bedwars.pro
advertising	looking for players at bedwars,pro
advertising	looking for players at bedwars_pro
advertising	looking for players at bedwars'pro
advertising	looking for players at bedwars*pro
advertising	looking for players at bedwarspro
advertising	looking for players at bedwars pro
advertising	looking for players at bedwars(dot)pro
advertising	l00k1ng f0r pl4y3r5 47 b3dw4r5.pr0
advertising	l o o k i n g  f o r  p l a y e r s  a t  b e d w a r s . p r o
advertising	Iοοking fοr pIаyеrs аt bеdwаrs.prο
advertising	LOOKING FOR PLAYERS AT BEDWARS.PRO
advertising	LoOkInG fOr PlAyErS aT bEdWaRs.PrO
advertising	looooking fooor plaaayers aaat beeedwars.pro
advertising	looking for players at bedwars-pro
advertising	looking for players at bedwars;pro
advertising	looking for players at bedwars~pro
advertising	looking for players at bedwars.pro loo
advertising	lkng for plyrs at bdwrs.pro
advertising	llookkinngg fforr ppllayyerrss att bbeddwwarrss.pprro
advertising	looking.!.for.!.players.!.at.!.bedwars.pro
advertising	bedwars.pro at players for looking
advertising	l00k1ng f0r pl4y3r5 47 b3dw4r5 pr0
advertising	I00k1ng f0r pI4y3r5 47 b3dw4r5.pr0
advertising	LoOkInG fOr PlAyErS aT bEdWaRsPrO
advertising	l 0 0 k 1 n g  f 0 r  p l 4 y 3 r 5  4 7  b 3 d w 4 r 5 . p r 0
advertising	looking for players at anarchy.ml
advertising	looking for players at anarchy,ml
advertising	looking for players at anarchy_ml
advertising	looking for players at anarchy'ml
advertising	looking for players at anarchy*ml
advertising	looking for players at anarchyml
advertising	looking for players at anarchy ml
advertising	looking for players at anarchy(dot)ml
advertising	l00k1ng f0r pl4y3r5 47 4n4rchy.ml
advertising	l o o k i n g  f o r  p l a y e r s  a t  a n a r c h y . m l
advertising	Iοοking fοr pIаyеrs аt аnаrchy.mI
advertising	LOOKING FOR PLAYERS AT ANARCHY.ML
advertising	LoOkInG fOr PlAyErS aT aNaRcHy.Ml
advertising	looooking fooor plaaayers aaat aaanarchy.ml
advertising	looking for players at anarchy-ml
advertising	looking for players at anarchy;ml
advertising	looking for players at anarchy~ml
advertising	looking for players at anarchy.ml loo
advertising	lkng for plyrs at anrchy.ml
advertising	llookkinngg fforr ppllayyerrss att annarrcchhyy.mmll
advertising	looking.!.for.!.players.!.at.!.anarchy.ml
advertising	anarchy.ml at players for looking
advertising	l00k1ng f0r pl4y3r5 47 4n4rchy ml
advertising	I00k1ng f0r pI4y3r5 47 4n4rchy.mI
advertising	LoOkInG fOr PlAyErS aT aNaRcHyMl
advertising	l 0 0 k 1 n g  f 0 r  p l 4 y 3 r 5  4 7  4 n 4 r c h y . m l
advertising	looking for players at smp.tk
advertising	looking for players at smp,tk
advertising	looking for players at smp_tk
advertising	looking for players at smp'tk
advertising	looking for players at smp*tk
advertising	looking for players at smptk
advertising	looking for players at smp tk
advertising	looking for players at smp(dot)tk
advertising	l00k1ng f0r pl4y3r5 47 5mp.7k
advertising	l o o k i n g  f o r  p l a y e r s  a t  s m p . t k
advertising	Iοοking fοr pIаyеrs аt smp.tk
advertising	LOOKING FOR PLAYERS AT SMP.TK
advertising	LoOkInG fOr PlAyErS aT sMp.Tk
advertising	looooking fooor plaaayers aaat smp.tk
advertising	looking for players at smp-tk
advertising	looking for players at smp;tk
advertising	looking for players at smp~tk
advertising	looking for players at smp.tk loo
advertising	lkng for plyrs at smp.tk
advertising	llookkinngg fforr ppllayyerrss att ssmmpp.ttkk
advertising	looking.!.for.!.players.!.at.!.smp.tk
advertising	smp.tk at players for looking
advertising	l00k1ng f0r pl4y3r5 47 5mp 7k
advertising	I00k1ng f0r pI4y3r5 47 5mp.7k
advertising	LoOkInG fOr PlAyErS aT sMpTk
advertising	l 0 0 k 1 n g  f 0 r  p l 4 y 3 r 5  4 7  5 m p . 7 k
advertising	looking for players at creativecraft.com
advertising	looking for players at creativecraft,com
advertising	looking for players at creativecraft_com
advertising	looking for players at creativecraft'com
advertising	looking for players at creativecraft*com
advertising	looking for players at creativecraftcom
advertising	looking for players at creativecraft com
advertising	looking for players at creativecraft(dot)com
advertising	l00k1ng f0r pl4y3r5 47 cr3471v3cr4f7.c0m
advertising	l o o k i n g  f o r  p l a y e r s  a t  c r e a t i v e c r a f t . c o m
advertising	Iοοking fοr pIаyеrs аt crеаtivеcrаft.cοm
advertising	LOOKING FOR PLAYERS AT CREATIVECRAFT.COM
advertising	LoOkInG fOr PlAyErS aT cReAtIvEcRaFt.CoM
advertising	looooking fooor plaaayers aaat creeeativecraft.com
advertising	looking for players at creativecraft-com
advertising	looking for players at creativecraft;com
advertising	looking for players at creativecraft~com
advertising	looking for players at creativecraft.com loo
advertising	lkng for plyrs at crtvcrft.cm
advertising	llookkinngg fforr ppllayyerrss att ccrreattivveccrrafftt.ccomm
advertising	looking.!.for.!.players.!.at.!.creativecraft.com
advertising	creativecraft.com at players for looking
advertising	l00k1ng f0r pl4y3r5 47 cr3471v3cr4f7 c0m
advertising	I00k1ng f0r pI4y3r5 47 cr3471v3cr4f7.c0m
advertising	LoOkInG fOr PlAyErS aT cReAtIvEcRaFtCoM
advertising	l 0 0 k 1 n g  f 0 r  p l 4 y 3 r 5  4 7  c r 3 4 7 1 v 3 c r 4 f 7 . c 0 m
advertising	looking for players at dragonmc.net
advertising	looking for players at dragonmc,net
advertising	looking for players at dragonmc_net
advertising	looking for players at dragonmc'net
advertising	looking for players at dragonmc*net
advertising	looking for players at dragonmcnet
advertising	looking for players at dragonmc net
advertising	looking for players at dragonmc(dot)net
advertising	l00k1ng f0r pl4y3r5 47 dr4g0nmc.n37
advertising	l o o k i n g  f o r  p l a y e r s  a t  d r a g o n m c . n e t
advertising	Iοοking fοr pIаyеrs аt drаgοnmc.nеt
advertising	LOOKING FOR PLAYERS AT DRAGONMC.NET
advertising	LoOkInG fOr PlAyErS aT dRaGoNmC.nEt
advertising	looooking fooor plaaayers aaat draaagonmc.net
advertising	looking for players at dragonmc-net
advertising	looking for players at dragonmc;net
advertising	looking for players at dragonmc~net
advertising	looking for players at dragonmc.net loo
advertising	lkng for plyrs at drgnmc.nt
advertising	llookkinngg fforr ppllayyerrss att ddrraggonnmmcc.nnett
advertising	looking.!.for.!.players.!.at.!.dragonmc.net
advertising	dragonmc.net at players for looking
advertising	l00k1ng f0r pl4y3r5 47 dr4g0nmc n37
advertising	I00k1ng f0r pI4y3r5 47 dr4g0nmc.n37
advertising	LoOkInG fOr PlAyErS aT dRaGoNmCnEt
advertising	l 0 0 k 1 n g  f 0 r  p l 4 y 3 r 5  4 7  d r 4 g 0 n m c . n 3 7
advertising	looking for players at emeraldisle.org
advertising	looking for players at emeraldisle,org
advertising	looking for players at emeraldisle_org
advertising	looking for players at emeraldisle'org
advertising	looking for players at emeraldisle*org
advertising	looking for players at emeraldisleorg
advertising	looking for players at emeraldisle org
advertising	looking for players at emeraldisle(dot)org
advertising	l00k1ng f0r pl4y3r5 47 3m3r4ld15l3.0rg
advertising	l o o k i n g  f o r  p l a y e r s  a t  e m e r a l d i s l e . o r g
advertising	Iοοking fοr pIаyеrs аt еmеrаIdisIе.οrg
advertising	LOOKING FOR PLAYERS AT EMERALDISLE.ORG
advertising	LoOkInG fOr PlAyErS aT eMeRaLdIsLe.OrG
advertising	looooking fooor plaaayers aaat eeemeraldisle.org
advertising	looking for players at emeraldisle-org
advertising	looking for players at emeraldisle;org
advertising	looking for players at emeraldisle~org
advertising	looking for players at emeraldisle.org loo
advertising	lkng for plyrs at emrldsl.rg
advertising	llookkinngg fforr ppllayyerrss att emmerrallddisslle.orrgg
advertising	looking.!.for.!.players.!.at.!.emeraldisle.org
advertising	emeraldisle.org at players for looking
advertising	l00k1ng f0r pl4y3r5 47 3m3r4ld15l3 0rg
advertising	I00k1ng f0r pI4y3r5 47 3m3r4Id15I3.0rg
advertising	LoOkInG fOr PlAyErS aT eMeRaLdIsLeOrG
advertising	l 0 0 k 1 n g  f 0 r  p l 4 y 3 r 5  4 7  3 m 3 r 4 l d 1 5 l 3 . 0 r g
advertising	looking for players at foxcraft.gg
advertising	looking for players at foxcraft,gg
advertising	looking for players at foxcraft_gg
advertising	looking for players at foxcraft'gg
advertising	looking for players at foxcraft*gg
advertising	looking for players at foxcraftgg
advertising	looking for players at foxcraft gg
advertising	looking for players at foxcraft(dot)gg
advertising	l00k1ng f0r pl4y3r5 47 f0xcr4f7.gg
advertising	l o o k i n g  f o r  p l a y e r s  a t  f o x c r a f t . g g
advertising	Iοοking fοr pIаyеrs аt fοxcrаft.gg
advertising	LOOKING FOR PLAYERS AT FOXCRAFT.GG
advertising	LoOkInG fOr PlAyErS aT fOxCrAfT.gG
advertising	looooking fooor plaaayers aaat foooxcraft.gg
advertising	looking for players at foxcraft-gg
advertising	looking for players at foxcraft;gg
advertising	looking for players at foxcraft~gg
advertising	looking for players at foxcraft.gg loo
advertising	lkng for plyrs at fxcrft.gg
advertising	llookkinngg fforr ppllayyerrss att ffoxxccrrafftt.gggg
advertising	looking.!.for.!.players.!.at.!.foxcraft.gg
advertising	foxcraft.gg at players for looking
advertising	l00k1ng f0r pl4y3r5 47 f0xcr4f7 gg
advertising	I00k1ng f0r pI4y3r5 47 f0xcr4f7.gg
advertising	LoOkInG fOr PlAyErS aT fOxCrAfTgG
advertising	l 0 0 k 1 n g  f 0 r  p l 4 y 3 r 5  4 7  f 0 x c r 4 f 7 . g g
advertising	looking for players at goldrush.xyz
advertising	looking for players at goldrush,xyz
advertising	looking for players at goldrush_xyz
advertising	looking for players at goldrush'xyz
advertising	looking for players at goldrush*xyz
advertising	looking for players at goldrushxyz
advertising	looking for players at goldrush xyz
advertising	looking for players at goldrush(dot)xyz
advertising	l00k1ng f0r pl4y3r5 47 g0ldru5h.xyz
advertising	l o o k i n g  f o r  p l a y e r s  a t  g o l d r u s h . x y z
advertising	Iοοking fοr pIаyеrs аt gοIdrush.xyz
advertising	LOOKING FOR PLAYERS AT GOLDRUSH.XYZ
advertising	LoOkInG fOr PlAyErS aT gOlDrUsH.xYz
advertising	looooking fooor plaaayers aaat goooldrush.xyz
advertising	looking for players at goldrush-xyz
advertising	looking for players at goldrush;xyz
advertising	looking for players at goldrush~xyz
advertising	looking for players at goldrush.xyz loo
advertising	lkng for plyrs at gldrsh.xyz
advertising	llookkinngg fforr ppllayyerrss att ggollddrrusshh.xxyyzz
advertising	looking.!.for.!.players.!.at.!.goldrush.xyz
advertising	goldrush.xyz at players for looking
advertising	l00k1ng f0r pl4y3r5 47 g0ldru5h xyz
advertising	I00k1ng f0r pI4y3r5 47 g0Idru5h.xyz
advertising	LoOkInG fOr PlAyErS aT gOlDrUsHxYz
advertising	l 0 0 k 1 n g  f 0 r  p l 4 y 3 r 5  4 7  g 0 l d r u 5 h . x y z
advertising	looking for players at icecraft.ml
advertising	looking for players at icecraft,ml
advertising	looking for players at icecraft_ml
advertising	looking for players at icecraft'ml
advertising	looking for players at icecraft*ml
advertising	looking for players at icecraftml
advertising	looking for players at icecraft ml
advertising	looking for players at icecraft(dot)ml
advertising	l00k1ng f0r pl4y3r5 47 1c3cr4f7.ml
advertising	l o o k i n g  f o r  p l a y e r s  a t  i c e c r a f t . m l
advertising	Iοοking fοr pIаyеrs аt icеcrаft.mI
advertising	LOOKING FOR PLAYERS AT ICECRAFT.ML
advertising	LoOkInG fOr PlAyErS aT iCeCrAfT.mL
advertising	looooking fooor plaaayers aaat iiicecraft.ml
advertising	looking for players at icecraft-ml
advertising	looking for players at icecraft;ml
advertising	looking for players at icecraft~ml
advertising	looking for players at icecraft.ml loo
advertising	lkng for plyrs at iccrft.ml
advertising	llookkinngg fforr ppllayyerrss att icceccrrafftt.mmll
advertising	looking.!.for.!.players.!.at.!.icecraft.ml
advertising	icecraft.ml at players for looking
advertising	l00k1ng f0r pl4y3r5 47 1c3cr4f7 ml
advertising	I00k1ng f0r pI4y3r5 47 1c3cr4f7.mI
advertising	LoOkInG fOr PlAyErS aT iCeCrAfTmL
advertising	l 0 0 k 1 n g  f 0 r  p l 4 y 3 r 5  4 7  1 c 3 c r 4 f 7 . m l
advertising	looking for players at junglecraft.net
advertising	looking for players at junglecraft,net
advertising	looking for players at junglecraft_net
advertising	looking for players at junglecraft'net
advertising	looking for players at junglecraft*net
advertising	looking for players at junglecraftnet
advertising	looking for players at junglecraft net
advertising	looking for players at junglecraft(dot)net
advertising	l00k1ng f0r pl4y3r5 47 jungl3cr4f7.n37
advertising	l o o k i n g  f o r  p l a y e r s  a t  j u n g l e c r a f t . n e t
advertising	Iοοking fοr pIаyеrs аt jungIеcrаft.nеt
advertising	LOOKING FOR PLAYERS AT JUNGLECRAFT.NET
advertising	LoOkInG fOr PlAyErS aT jUnGlEcRaFt.NeT
advertising	looooking fooor plaaayers aaat juuunglecraft.net
advertising	looking for players at junglecraft-net
advertising	looking for players at junglecraft;net
advertising	looking for players at junglecraft~net
advertising	looking for players at junglecraft.net loo
advertising	lkng for plyrs at jnglcrft.nt
advertising	llookkinngg fforr ppllayyerrss att jjunngglleccrrafftt.nnett
advertising	looking.!.for.!.players.!.at.!.junglecraft.net
advertising	junglecraft.net at players for looking
advertising	l00k1ng f0r pl4y3r5 47 jungl3cr4f7 n37
advertising	I00k1ng f0r pI4y3r5 47 jungI3cr4f7.n37
advertising	LoOkInG fOr PlAyErS aT jUnGlEcRaFtNeT
advertising	l 0 0 k 1 n g  f 0 r  p l 4 y 3 r 5  4 7  j u n g l 3 c r 4 f 7 . n 3 7
advertising	looking for players at kingdoms.gg
advertising	looking for players at kingdoms,gg
advertising	looking for players at kingdoms_gg
advertising	looking for players at kingdoms'gg
advertising	looking for players at kingdoms*gg
advertising	looking for players at kingdomsgg
advertising	looking for players at kingdoms gg
advertising	looking for players at kingdoms(dot)gg
advertising	l00k1ng f0r pl4y3r5 47 k1ngd0m5.gg
advertising	l o o k i n g  f o r  p l a y e r s  a t  k i n g d o m s . g g
advertising	Iοοking fοr pIаyеrs аt kingdοms.gg
advertising	LOOKING FOR PLAYERS AT KINGDOMS.GG
advertising	LoOkInG fOr PlAyErS aT kInGdOmS.gG
advertising	looooking fooor plaaayers aaat kiiingdoms.gg
advertising	looking for players at kingdoms-gg
advertising	looking for players at kingdoms;gg
advertising	looking for players at kingdoms~gg
advertising	looking for players at kingdoms.gg loo
advertising	lkng for plyrs at kngdms.gg
advertising	llookkinngg fforr ppllayyerrss att kkinnggddommss.gggg
advertising	looking.!.for.!.players.!.at.!.kingdoms.gg
advertising	kingdoms.gg at players for looking
advertising	l00k1ng f0r pl4y3r5 47 k1ngd0m5 gg
advertising	I00k1ng f0r pI4y3r5 47 k1ngd0m5.gg
advertising	LoOkInG fOr PlAyErS aT kInGdOmSgG
advertising	l 0 0 k 1 n g  f 0 r  p l 4 y 3 r 5  4 7  k 1 n g d 0 m 5 . g g
advertising	looking for players at lunarmc.xyz
advertising	looking for players at lunarmc,xyz
advertising	looking for players at lunarmc_xyz
advertising	looking for players at lunarmc'xyz
advertising	looking for players at lunarmc*xyz
advertising	looking for players at lunarmcxyz
advertising	looking for players at lunarmc xyz
advertising	looking for players at lunarmc(dot)xyz
advertising	l00k1ng f0r pl4y3r5 47 lun4rmc.xyz
advertising	l o o k i n g  f o r  p l a y e r s  a t  l u n a r m c . x y z
advertising	Iοοking fοr pIаyеrs аt Iunаrmc.xyz
advertising	LOOKING FOR PLAYERS AT LUNARMC.XYZ
advertising	LoOkInG fOr PlAyErS aT lUnArMc.XyZ
advertising	looooking fooor plaaayers aaat luuunarmc.xyz
advertising	looking for players at lunarmc-xyz
advertising	looking for players at lunarmc;xyz
advertising	looking for players at lunarmc~xyz
advertising	looking for players at lunarmc.xyz loo
advertising	lkng for plyrs at lnrmc.xyz
advertising	llookkinngg fforr ppllayyerrss att llunnarrmmcc.xxyyzz
advertising	looking.!.for.!.players.!.at.!.lunarmc.xyz
advertising	lunarmc.xyz at players for looking
advertising	l00k1ng f0r pl4y3r5 47 lun4rmc xyz
advertising	I00k1ng f0r pI4y3r5 47 Iun4rmc.xyz
advertising	LoOkInG fOr PlAyErS aT lUnArMcXyZ
advertising	l 0 0 k 1 n g  f 0 r  p l 4 y 3 r 5  4 7  l u n 4 r m c . x y z
advertising	looking for players at nethermc.org
advertising	looking for players at nethermc,org
advertising	looking for players at nethermc_org
advertising	looking for players at nethermc'org
advertising	looking for players at nethermc*org
advertising	looking for players at nethermcorg
advertising	looking for players at nethermc org
advertising	looking for players at nethermc(dot)org
advertising	l00k1ng f0r pl4y3r5 47 n37h3rmc.0rg
advertising	l o o k i n g  f o r  p l a y e r s  a t  n e t h e r m c . o r g
advertising	Iοοking fοr pIаyеrs аt nеthеrmc.οrg
advertising	LOOKING FOR PLAYERS AT NETHERMC.ORG
advertising	LoOkInG fOr PlAyErS aT nEtHeRmC.oRg
advertising	looooking fooor plaaayers aaat neeethermc.org
advertising	looking for players at nethermc-org
advertising	looking for players at nethermc;org
advertising	looking for players at nethermc~org
advertising	looking for players at nethermc.org loo
advertising	lkng for plyrs at nthrmc.rg
advertising	llookkinngg fforr ppllayyerrss att nnetthherrmmcc.orrgg
advertising	looking.!.for.!.players.!.at.!.nethermc.org
advertising	nethermc.org at players for looking
advertising	l00k1ng f0r pl4y3r5 47 n37h3rmc 0rg
advertising	I00k1ng f0r pI4y3r5 47 n37h3rmc.0rg
advertising	LoOkInG fOr PlAyErS aT nEtHeRmCoRg
advertising	l 0 0 k 1 n g  f 0 r  p l 4 y 3 r 5  4 7  n 3 7 h 3 r m c . 0 r g
advertising	my server is examplecraft.net
advertising	my server is examplecraft,net
advertising	my server is examplecraft_net
advertising	my server is examplecraft'net
advertising	my server is examplecraft*net
advertising	my server is examplecraftnet
advertising	my server is examplecraft net
advertising	my server is examplecraft(dot)net
advertising	my 53rv3r 15 3x4mpl3cr4f7.n37
advertising	m y  s e r v e r  i s  e x a m p l e c r a f t . n e t
advertising	my sеrvеr is еxаmpIеcrаft.nеt
advertising	MY SERVER IS EXAMPLECRAFT.NET
advertising	My SeRvEr Is ExAmPlEcRaFt.NeT
advertising	my seeerver iiis eeexamplecraft.net
advertising	my server is examplecraft-net
advertising	my server is examplecraft;net
advertising	my server is examplecraft~net
advertising	my server is examplecraft.net my
advertising	my srvr is exmplcrft.nt
advertising	mmyy sserrvverr iss exxammpplleccrrafftt.nnett
advertising	my.!.server.!.is.!.examplecraft.net
advertising	examplecraft.net is server my
advertising	my 53rv3r 15 3x4mpl3cr4f7 n37
advertising	my 53rv3r 15 3x4mpI3cr4f7.n37
advertising	My SeRvEr Is ExAmPlEcRaFtNeT
advertising	m y  5 3 r v 3 r  1 5  3 x 4 m p l 3 c r 4 f 7 . n 3 7
advertising	my server is play.examplecraft.gg
advertising	my server is play,examplecraft,gg
advertising	my server is play_examplecraft_gg
advertising	my server is play'examplecraft'gg
advertising	my server is play*examplecraft*gg
advertising	my server is playexamplecraftgg
advertising	my server is play examplecraft gg
advertising	my server is play(dot)examplecraft(dot)gg
advertising	my 53rv3r 15 pl4y.3x4mpl3cr4f7.gg
advertising	m y  s e r v e r  i s  p l a y . e x a m p l e c r a f t . g g
advertising	my sеrvеr is pIаy.еxаmpIеcrаft.gg
advertising	MY SERVER IS PLAY.EXAMPLECRAFT.GG
advertising	My SeRvEr Is PlAy.ExAmPlEcRaFt.Gg
advertising	my seeerver iiis plaaay.examplecraft.gg
advertising	my server is play-examplecraft-gg
advertising	my server is play;examplecraft;gg
advertising	my server is play~examplecraft~gg
advertising	my server is play.examplecraft.gg my
advertising	my srvr is ply.xmplcrft.gg
advertising	mmyy sserrvverr iss ppllayy.exxammpplleccrrafftt.gggg
advertising	my.!.server.!.is.!.play.examplecraft.gg
advertising	play.examplecraft.gg is server my
advertising	my 53rv3r 15 pl4y 3x4mpl3cr4f7 gg
advertising	my 53rv3r 15 pI4y.3x4mpI3cr4f7.gg
advertising	My SeRvEr Is PlAyExAmPlEcRaFtGg
advertising	m y  5 3 r v 3 r  1 5  p l 4 y . 3 x 4 m p l 3 c r 4 f 7 . g g
advertising	my server is mc123.org
advertising	my server is mc123,org
advertising	my server is mc123_org
advertising	my server is mc123'org
advertising	my server is mc123*org
advertising	my server is mc123org
advertising	my server is mc123 org
advertising	my server is mc123(dot)org
advertising	my 53rv3r 15 mc123.0rg
advertising	m y  s e r v e r  i s  m c 1 2 3 . o r g
advertising	my sеrvеr is mc123.οrg
advertising	MY SERVER IS MC123.ORG
advertising	My SeRvEr Is Mc123.OrG
advertising	my seeerver iiis mc123.ooorg
advertising	my server is mc123-org
advertising	my server is mc123;org
advertising	my server is mc123~org
advertising	my server is mc123.org my
advertising	my srvr is mc123.rg
advertising	mmyy sserrvverr iss mmcc123.orrgg
advertising	my.!.server.!.is.!.mc123.org
advertising	mc123.org is server my
advertising	my 53rv3r 15 mc123 0rg
advertising	My SeRvEr Is Mc123OrG
advertising	m y  5 3 r v 3 r  1 5  m c 1 2 3 . 0 r g
advertising	my server is coolpvp.xyz
advertising	my server is coolpvp,xyz
advertising	my server is coolpvp_xyz
advertising	my server is coolpvp'xyz
advertising	my server is coolpvp*xyz
advertising	my server is coolpvpxyz
advertising	my server is coolpvp xyz
advertising	my server is coolpvp(dot)xyz
advertising	my 53rv3r 15 c00lpvp.xyz
advertising	m y  s e r v e r  i s  c o o l p v p . x y z
advertising	my sеrvеr is cοοIpvp.xyz
advertising	MY SERVER IS COOLPVP.XYZ
advertising	My SeRvEr Is CoOlPvP.xYz
advertising	my seeerver iiis coooolpvp.xyz
advertising	my server is coolpvp-xyz
advertising	my server is coolpvp;xyz
advertising	my server is coolpvp~xyz
advertising	my server is coolpvp.xyz my
advertising	my srvr is clpvp.xyz
advertising	mmyy sserrvverr iss ccoollppvvpp.xxyyzz
advertising	my.!.server.!.is.!.coolpvp.xyz
advertising	coolpvp.xyz is server my
advertising	my 53rv3r 15 c00lpvp xyz
advertising	my 53rv3r 15 c00Ipvp.xyz
advertising	My SeRvEr Is CoOlPvPxYz
advertising	m y  5 3 r v 3 r  1 5  c 0 0 l p v p . x y z
advertising	my server is funserver.com
advertising	my server is funserver,com
advertising	my server is funserver_com
advertising	my server is funserver'com
advertising	my server is funserver*com
advertising	my server is funservercom
advertising	my server is funserver com
advertising	my server is funserver(dot)com
advertising	my 53rv3r 15 fun53rv3r.c0m
advertising	m y  s e r v e r  i s  f u n s e r v e r . c o m
advertising	my sеrvеr is funsеrvеr.cοm
advertising	MY SERVER IS FUNSERVER.COM
advertising	My SeRvEr Is FuNsErVeR.cOm
advertising	my seeerver iiis fuuunserver.com
advertising	my server is funserver-com
advertising	my server is funserver;com
advertising	my server is funserver~com
advertising	my server is funserver.com my
advertising	my srvr is fnsrvr.cm
advertising	mmyy sserrvverr iss ffunnsserrvverr.ccomm
advertising	my.!.server.!.is.!.funserver.com
advertising	funserver.com is server my
advertising	my 53rv3r 15 fun53rv3r c0m
advertising	My SeRvEr Is FuNsErVeRcOm
advertising	m y  5 3 r v 3 r  1 5  f u n 5 3 r v 3 r . c 0 m
advertising	my server is hypixelclone.net
advertising	my server is hypixelclone,net
advertising	my server is hypixelclone_net
advertising	my server is hypixelclone'net
advertising	my server is hypixelclone*net
advertising	my server is hypixelclonenet
advertising	my server is hypixelclone net
advertising	my server is hypixelclone(dot)net
advertising	my 53rv3r 15 hyp1x3lcl0n3.n37
advertising	m y  s e r v e r  i s  h y p i x e l c l o n e . n e t
advertising	my sеrvеr is hypixеIcIοnе.nеt
advertising	MY SERVER IS HYPIXELCLONE.NET
advertising	My SeRvEr Is HyPiXeLcLoNe.NeT
advertising	my seeerver iiis hypiiixelclone.net
advertising	my server is hypixelclone-net
advertising	my server is hypixelclone;net
advertising	my server is hypixelclone~net
advertising	my server is hypixelclone.net my
advertising	my srvr is hypxlcln.nt
advertising	mmyy sserrvverr iss hhyyppixxellccllonne.nnett
advertising	my.!.server.!.is.!.hypixelclone.net
advertising	hypixelclone.net is server my
advertising	my 53rv3r 15 hyp1x3lcl0n3 n37
advertising	my 53rv3r 15 hyp1x3IcI0n3.n37
advertising	My SeRvEr Is HyPiXeLcLoNeNeT
advertising	m y  5 3 r v 3 r  1 5  h y p 1 x 3 l c l 0 n 3 . n 3 7
advertising	my server is pvpzone.gg
advertising	my server is pvpzone,gg
advertising	my server is pvpzone_gg
advertising	my server is pvpzone'gg
advertising	my server is pvpzone*gg
advertising	my server is pvpzonegg
advertising	my server is pvpzone gg
advertising	my server is pvpzone(dot)gg
advertising	my 53rv3r 15 pvpz0n3.gg
advertising	m y  s e r v e r  i s  p v p z o n e . g g
advertising	my sеrvеr is pvpzοnе.gg
advertising	MY SERVER IS PVPZONE.GG
advertising	My SeRvEr Is PvPzOnE.gG
advertising	my seeerver iiis pvpzooone.gg
advertising	my server is pvpzone-gg
advertising	my server is pvpzone;gg
advertising	my server is pvpzone~gg
advertising	my server is pvpzone.gg my
advertising	my srvr is pvpzn.gg
advertising	mmyy sserrvverr iss ppvvppzzonne.gggg
advertising	my.!.server.!.is.!.pvpzone.gg
advertising	pvpzone.gg is server my
advertising	my 53rv3r 15 pvpz0n3 gg
advertising	My SeRvEr Is PvPzOnEgG
advertising	m y  5 3 r v 3 r  1 5  p v p z 0 n 3 . g g
advertising	my server is survivalcraft.org
advertising	my server is survivalcraft,org
advertising	my server is survivalcraft_org
advertising	my server is survivalcraft'org
advertising	my server is survivalcraft*org
advertising	my server is survivalcraftorg
advertising	my server is survivalcraft org
advertising	my server is survivalcraft(dot)org
advertising	my 53rv3r 15 5urv1v4lcr4f7.0rg
advertising	m y  s e r v e r  i s  s u r v i v a l c r a f t . o r g
advertising	my sеrvеr is survivаIcrаft.οrg
advertising	MY SERVER IS SURVIVALCRAFT.ORG
advertising	My SeRvEr Is SuRvIvAlCrAfT.oRg
advertising	my seeerver iiis suuurvivalcraft.org
advertising	my server is survivalcraft-org
advertising	my server is survivalcraft;org
advertising	my server is survivalcraft~org
advertising	my server is survivalcraft.org my
advertising	my srvr is srvvlcrft.rg
advertising	mmyy sserrvverr iss ssurrvvivvallccrrafftt.orrgg
advertising	my.!.server.!.is.!.survivalcraft.org
advertising	survivalcraft.org is server my
advertising	my 53rv3r 15 5urv1v4lcr4f7 0rg
advertising	my 53rv3r 15 5urv1v4Icr4f7.0rg
advertising	My SeRvEr Is SuRvIvAlCrAfToRg
advertising	m y  5 3 r v 3 r  1 5  5 u r v 1 v 4 l c r 4 f 7 . 0 r g
advertising	my server is minescape.xyz
advertising	my server is minescape,xyz
advertising	my server is minescape_xyz
advertising	my server is minescape'xyz
advertising	my server is minescape*xyz
advertising	my server is minescapexyz
advertising	my server is minescape xyz
advertising	my server is minescape(dot)xyz
advertising	my 53rv3r 15 m1n35c4p3.xyz
advertising	m y  s e r v e r  i s  m i n e s c a p e . x y z
advertising	my sеrvеr is minеscаpе.xyz
advertising	MY SERVER IS MINESCAPE.XYZ
advertising	My SeRvEr Is MiNeScApE.xYz
advertising	my seeerver iiis miiinescape.xyz
advertising	my server is minescape-xyz
advertising	my server is minescape;xyz
advertising	my server is minescape~xyz
advertising	my server is minescape.xyz my
advertising	my srvr is mnscp.xyz
advertising	mmyy sserrvverr iss mminnessccappe.xxyyzz
advertising	my.!.server.!.is.!.minescape.xyz
advertising	minescape.xyz is server my
advertising	my 53rv3r 15 m1n35c4p3 xyz
advertising	My SeRvEr Is MiNeScApExYz
advertising	m y  5 3 r v 3 r  1 5  m 1 n 3 5 c 4 p 3 . x y z
advertising	my server is craftkingdom.net
advertising	my server is craftkingdom,net
advertising	my server is craftkingdom_net
advertising	my server is craftkingdom'net
advertising	my server is craftkingdom*net
advertising	my server is craftkingdomnet
advertising	my server is craftkingdom net
advertising	my server is craftkingdom(dot)net
advertising	my 53rv3r 15 cr4f7k1ngd0m.n37
advertising	m y  s e r v e r  i s  c r a f t k i n g d o m . n e t
advertising	my sеrvеr is crаftkingdοm.nеt
advertising	MY SERVER IS CRAFTKINGDOM.NET
advertising	My SeRvEr Is CrAfTkInGdOm.NeT
advertising	my seeerver iiis craaaftkingdom.net
advertising	my server is craftkingdom-net
advertising	my server is craftkingdom;net
advertising	my server is craftkingdom~net
advertising	my server is craftkingdom.net my
advertising	my srvr is crftkngdm.nt
advertising	mmyy sserrvverr iss ccrraffttkkinnggddomm.nnett
advertising	my.!.server.!.is.!.craftkingdom.net
advertising	craftkingdom.net is server my
advertising	my 53rv3r 15 cr4f7k1ngd0m n37
advertising	My SeRvEr Is CrAfTkInGdOmNeT
advertising	m y  5 3 r v 3 r  1 5  c r 4 f 7 k 1 n g d 0 m . n 3 7
advertising	my server is skypvp.gg
advertising	my server is skypvp,gg
advertising	my server is skypvp_gg
advertising	my server is skypvp'gg
advertising	my server is skypvp*gg
advertising	my server is skypvpgg
advertising	my server is skypvp gg
advertising	my server is skypvp(dot)gg
advertising	my 53rv3r 15 5kypvp.gg
advertising	m y  s e r v e r  i s  s k y p v p . g g
advertising	my sеrvеr is skypvp.gg
advertising	MY SERVER IS SKYPVP.GG
advertising	My SeRvEr Is SkYpVp.Gg
advertising	my seeerver iiis skypvp.gg
advertising	my server is skypvp-gg
advertising	my server is skypvp;gg
advertising	my server is skypvp~gg
advertising	my server is skypvp.gg my
advertising	my srvr is skypvp.gg
advertising	mmyy sserrvverr iss sskkyyppvvpp.gggg
advertising	my.!.server.!.is.!.skypvp.gg
advertising	skypvp.gg is server my
advertising	my 53rv3r 15 5kypvp gg
advertising	My SeRvEr Is SkYpVpGg
advertising	m y  5 3 r v 3 r  1 5  5 k y p v p . g g
advertising	my server is bedwars.pro
advertising	my server is bedwars,pro
advertising	my server is bedwars_pro
advertising	my server is bedwars'pro
advertising	my server is bedwars*pro
advertising	my server is bedwarspro
advertising	my server is bedwars pro
advertising	my server is bedwars(dot)pro
advertising	my 53rv3r 15 b3dw4r5.pr0
advertising	m y  s e r v e r  i s  b e d w a r s . p r o
advertising	my sеrvеr is bеdwаrs.prο
advertising	MY SERVER IS BEDWARS.PRO
advertising	My SeRvEr Is BeDwArS.pRo
advertising	my seeerver iiis beeedwars.pro
advertising	my server is bedwars-pro
advertising	my server is bedwars;pro
advertising	my server is bedwars~pro
advertising	my server is bedwars.pro my
advertising	my srvr is bdwrs.pro
advertising	mmyy sserrvverr iss bbeddwwarrss.pprro
advertising	my.!.server.!.is.!.bedwars.pro
advertising	bedwars.pro is server my
advertising	my 53rv3r 15 b3dw4r5 pr0
advertising	My SeRvEr Is BeDwArSpRo
advertising	m y  5 3 r v 3 r  1 5  b 3 d w 4 r 5 . p r 0
advertising	my server is anarchy.ml
advertising	my server is anarchy,ml
advertising	my server is anarchy_ml
advertising	my server is anarchy'ml
advertising	my server is anarchy*ml
advertising	my server is anarchyml
advertising	my server is anarchy ml
advertising	my server is anarchy(dot)ml
advertising	my 53rv3r 15 4n4rchy.ml
advertising	m y  s e r v e r  i s  a n a r c h y . m l
advertising	my sеrvеr is аnаrchy.mI
advertising	MY SERVER IS ANARCHY.ML
advertising	My SeRvEr Is AnArChY.mL
advertising	my seeerver iiis aaanarchy.ml
advertising	my server is anarchy-ml
advertising	my server is anarchy;ml
advertising	my server is anarchy~ml
advertising	my server is anarchy.ml my
advertising	my srvr is anrchy.ml
advertising	mmyy sserrvverr iss annarrcchhyy.mmll
advertising	my.!.server.!.is.!.anarchy.ml
advertising	anarchy.ml is server my
advertising	my 53rv3r 15 4n4rchy ml
advertising	my 53rv3r 15 4n4rchy.mI
advertising	My SeRvEr Is AnArChYmL
advertising	m y  5 3 r v 3 r  1 5  4 n 4 r c h y . m l
advertising	my server is smp.tk
advertising	my server is smp,tk
advertising	my server is smp_tk
advertising	my server is smp'tk
advertising	my server is smp*tk
advertising	my server is smptk
advertising	my server is smp tk
advertising	my server is smp(dot)tk
advertising	my 53rv3r 15 5mp.7k
advertising	m y  s e r v e r  i s  s m p . t k
advertising	my sеrvеr is smp.tk
advertising	MY SERVER IS SMP.TK
advertising	My SeRvEr Is SmP.tK
advertising	my seeerver iiis smp.tk
advertising	my server is smp-tk
advertising	my server is smp;tk
advertising	my server is smp~tk
advertising	my server is smp.tk my
advertising	my srvr is smp.tk
advertising	mmyy sserrvverr iss ssmmpp.ttkk
advertising	my.!.server.!.is.!.smp.tk
advertising	smp.tk is server my
advertising	my 53rv3r 15 5mp 7k
advertising	My SeRvEr Is SmPtK
advertising	m y  5 3 r v 3 r  1 5  5 m p . 7 k
advertising	my server is creativecraft.com
advertising	my server is creativecraft,com
advertising	my server is creativecraft_com
advertising	my server is creativecraft'com
advertising	my server is creativecraft*com
advertising	my server is creativecraftcom
advertising	my server is creativecraft com
advertising	my server is creativecraft(dot)com
advertising	my 53rv3r 15 cr3471v3cr4f7.c0m
advertising	m y  s e r v e r  i s  c r e a t i v e c r a f t . c o m
advertising	my sеrvеr is crеаtivеcrаft.cοm
advertising	MY SERVER IS CREATIVECRAFT.COM
advertising	My SeRvEr Is CrEaTiVeCrAfT.cOm
advertising	my seeerver iiis creeeativecraft.com
advertising	my server is creativecraft-com
advertising	my server is creativecraft;com
advertising	my server is creativecraft~com
advertising	my server is creativecraft.com my
advertising	my srvr is crtvcrft.cm
advertising	mmyy sserrvverr iss ccrreattivveccrrafftt.ccomm
advertising	my.!.server.!.is.!.creativecraft.com
advertising	creativecraft.com is server my
advertising	my 53rv3r 15 cr3471v3cr4f7 c0m
advertising	My SeRvEr Is CrEaTiVeCrAfTcOm
advertising	m y  5 3 r v 3 r  1 5  c r 3 4 7 1 v 3 c r 4 f 7 . c 0 m
advertising	my server is dragonmc.net
advertising	my server is dragonmc,net
advertising	my server is dragonmc_net
advertising	my server is dragonmc'net
advertising	my server is dragonmc*net
advertising	my server is dragonmcnet
advertising	my server is dragonmc net
advertising	my server is dragonmc(dot)net
advertising	my 53rv3r 15 dr4g0nmc.n37
advertising	m y  s e r v e r  i s  d r a g o n m c . n e t
advertising	my sеrvеr is drаgοnmc.nеt
advertising	MY SERVER IS DRAGONMC.NET
advertising	My SeRvEr Is DrAgOnMc.NeT
advertising	my seeerver iiis draaagonmc.net
advertising	my server is dragonmc-net
advertising	my server is dragonmc;net
advertising	my server is dragonmc~net
advertising	my server is dragonmc.net my
advertising	my srvr is drgnmc.nt
advertising	mmyy sserrvverr iss ddrraggonnmmcc.nnett
advertising	my.!.server.!.is.!.dragonmc.net
advertising	dragonmc.net is server my
advertising	my 53rv3r 15 dr4g0nmc n37
advertising	My SeRvEr Is DrAgOnMcNeT
advertising	m y  5 3 r v 3 r  1 5  d r 4 g 0 n m c . n 3 7
advertising	my server is emeraldisle.org
advertising	my server is emeraldisle,org
advertising	my server is emeraldisle_org
advertising	my server is emeraldisle'org
advertising	my server is emeraldisle*org
advertising	my server is emeraldisleorg
advertising	my server is emeraldisle org
advertising	my server is emeraldisle(dot)org
advertising	my 53rv3r 15 3m3r4ld15l3.0rg
advertising	m y  s e r v e r  i s  e m e r a l d i s l e . o r g
advertising	my sеrvеr is еmеrаIdisIе.οrg
advertising	MY SERVER IS EMERALDISLE.ORG
advertising	My SeRvEr Is EmErAlDiSlE.oRg
advertising	my seeerver iiis eeemeraldisle.org
advertising	my server is emeraldisle-org
advertising	my server is emeraldisle;org
advertising	my server is emeraldisle~org
advertising	my server is emeraldisle.org my
advertising	my srvr is emrldsl.rg
advertising	mmyy sserrvverr iss emmerrallddisslle.orrgg
advertising	my.!.server.!.is.!.emeraldisle.org
advertising	emeraldisle.org is server my
advertising	my 53rv3r 15 3m3r4ld15l3 0rg
advertising	my 53rv3r 15 3m3r4Id15I3.0rg
advertising	My SeRvEr Is EmErAlDiSlEoRg
advertising	m y  5 3 r v 3 r  1 5  3 m 3 r 4 l d 1 5 l 3 . 0 r g
advertising	my server is foxcraft.gg
advertising	my server is foxcraft,gg
advertising	my server is foxcraft_gg
advertising	my server is foxcraft'gg
advertising	my server is foxcraft*gg
advertising	my server is foxcraftgg
advertising	my server is foxcraft gg
advertising	my server is foxcraft(dot)gg
advertising	my 53rv3r 15 f0xcr4f7.gg
advertising	m y  s e r v e r  i s  f o x c r a f t . g g
advertising	my sеrvеr is fοxcrаft.gg
advertising	MY SERVER IS FOXCRAFT.GG
advertising	My SeRvEr Is FoXcRaFt.Gg
advertising	my seeerver iiis foooxcraft.gg
advertising	my server is foxcraft-gg
advertising	my server is foxcraft;gg
advertising	my server is foxcraft~gg
advertising	my server is foxcraft.gg my
advertising	my srvr is fxcrft.gg
advertising	mmyy sserrvverr iss ffoxxccrrafftt.gggg
advertising	my.!.server.!.is.!.foxcraft.gg
advertising	foxcraft.gg is server my
advertising	my 53rv3r 15 f0xcr4f7 gg
advertising	My SeRvEr Is FoXcRaFtGg
advertising	m y  5 3 r v 3 r  1 5  f 0 x c r 4 f 7 . g g
advertising	my server is goldrush.xyz
advertising	my server is goldrush,xyz
advertising	my server is goldrush_xyz
advertising	my server is goldrush'xyz
advertising	my server is goldrush*xyz
advertising	my server is goldrushxyz
advertising	my server is goldrush xyz
advertising	my server is goldrush(dot)xyz
advertising	my 53rv3r 15 g0ldru5h.xyz
advertising	m y  s e r v e r  i s  g o l d r u s h . x y z
advertising	my sеrvеr is gοIdrush.xyz
advertising	MY SERVER IS GOLDRUSH.XYZ
advertising	My SeRvEr Is GoLdRuSh.XyZ
advertising	my seeerver iiis goooldrush.xyz
advertising	my server is goldrush-xyz
advertising	my server is goldrush;xyz
advertising	my server is goldrush~xyz
advertising	my server is goldrush.xyz my
advertising	my srvr is gldrsh.xyz
advertising	mmyy sserrvverr iss ggollddrrusshh.xxyyzz
advertising	my.!.server.!.is.!.goldrush.xyz
advertising	goldrush.xyz is server my
advertising	my 53rv3r 15 g0ldru5h xyz
advertising	my 53rv3r 15 g0Idru5h.xyz
advertising	My SeRvEr Is GoLdRuShXyZ
advertising	m y  5 3 r v 3 r  1 5  g 0 l d r u 5 h . x y z
advertising	my server is icecraft.ml
advertising	my server is icecraft,ml
advertising	my server is icecraft_ml
advertising	my server is icecraft'ml
advertising	my server is icecraft*ml
advertising	my server is icecraftml
advertising	my server is icecraft ml
advertising	my server is icecraft(dot)ml
advertising	my 53rv3r 15 1c3cr4f7.ml
advertising	m y  s e r v e r  i s  i c e c r a f t . m l
advertising	my sеrvеr is icеcrаft.mI
advertising	MY SERVER IS ICECRAFT.ML
advertising	My SeRvEr Is IcEcRaFt.Ml
advertising	my seeerver iiis iiicecraft.ml
advertising	my server is icecraft-ml
advertising	my server is icecraft;ml
advertising	my server is icecraft~ml
advertising	my server is icecraft.ml my
advertising	my srvr is iccrft.ml
advertising	mmyy sserrvverr iss icceccrrafftt.mmll
advertising	my.!.server.!.is.!.icecraft.ml
advertising	icecraft.ml is server my
advertising	my 53rv3r 15 1c3cr4f7 ml
advertising	my 53rv3r 15 1c3cr4f7.mI
advertising	My SeRvEr Is IcEcRaFtMl
advertising	m y  5 3 r v 3 r  1 5  1 c 3 c r 4 f 7 . m l
advertising	my server is junglecraft.net
advertising	my server is junglecraft,net
advertising	my server is junglecraft_net
advertising	my server is junglecraft'net
advertising	my server is junglecraft*net
advertising	my server is junglecraftnet
advertising	my server is junglecraft net
advertising	my server is junglecraft(dot)net
advertising	my 53rv3r 15 jungl3cr4f7.n37
advertising	m y  s e r v e r  i s  j u n g l e c r a f t . n e t
advertising	my sеrvеr is jungIеcrаft.nеt
advertising	MY SERVER IS JUNGLECRAFT.NET
advertising	My SeRvEr Is JuNgLeCrAfT.nEt
advertising	my seeerver iiis juuunglecraft.net
advertising	my server is junglecraft-net
advertising	my server is junglecraft;net
advertising	my server is junglecraft~net
advertising	my server is junglecraft.net my
advertising	my srvr is jnglcrft.nt
advertising	mmyy sserrvverr iss jjunngglleccrrafftt.nnett
advertising	my.!.server.!.is.!.junglecraft.net
advertising	junglecraft.net is server my
advertising	my 53rv3r 15 jungl3cr4f7 n37
advertising	my 53rv3r 15 jungI3cr4f7.n37
advertising	My SeRvEr Is JuNgLeCrAfTnEt
advertising	m y  5 3 r v 3 r  1 5  j u n g l 3 c r 4 f 7 . n 3 7
advertising	my server is kingdoms.gg
advertising	my server is kingdoms,gg
advertising	my server is kingdoms_gg
advertising	my server is kingdoms'gg
advertising	my server is kingdoms*gg
advertising	my server is kingdomsgg
advertising	my server is kingdoms gg
advertising	my server is kingdoms(dot)gg
advertising	my 53rv3r 15 k1ngd0m5.gg
advertising	m y  s e r v e r  i s  k i n g d o m s . g g
advertising	my sеrvеr is kingdοms.gg
advertising	MY SERVER IS KINGDOMS.GG
advertising	My SeRvEr Is KiNgDoMs.Gg
advertising	my seeerver iiis kiiingdoms.gg
advertising	my server is kingdoms-gg
advertising	my server is kingdoms;gg
advertising	my server is kingdoms~gg
advertising	my server is kingdoms.gg my
advertising	my srvr is kngdms.gg
advertising	mmyy sserrvverr iss kkinnggddommss.gggg
advertising	my.!.server.!.is.!.kingdoms.gg
advertising	kingdoms.gg is server my
advertising	my 53rv3r 15 k1ngd0m5 gg
advertising	My SeRvEr Is KiNgDoMsGg
advertising	m y  5 3 r v 3 r  1 5  k 1 n g d 0 m 5 . g g
advertising	my server is lunarmc.xyz
advertising	my server is lunarmc,xyz
advertising	my server is lunarmc_xyz
advertising	my server is lunarmc'xyz
advertising	my server is lunarmc*xyz
advertising	my server is lunarmcxyz
advertising	my server is lunarmc xyz
advertising	my server is lunarmc(dot)xyz
advertising	my 53rv3r 15 lun4rmc.xyz
advertising	m y  s e r v e r  i s  l u n a r m c . x y z
advertising	my sеrvеr is Iunаrmc.xyz
advertising	MY SERVER IS LUNARMC.XYZ
advertising	My SeRvEr Is LuNaRmC.xYz
advertising	my seeerver iiis luuunarmc.xyz
advertising	my server is lunarmc-xyz
advertising	my server is lunarmc;xyz
advertising	my server is lunarmc~xyz
advertising	my server is lunarmc.xyz my
advertising	my srvr is lnrmc.xyz
advertising	mmyy sserrvverr iss llunnarrmmcc.xxyyzz
advertising	my.!.server.!.is.!.lunarmc.xyz
advertising	lunarmc.xyz is server my
advertising	my 53rv3r 15 lun4rmc xyz
advertising	my 53rv3r 15 Iun4rmc.xyz
advertising	My SeRvEr Is LuNaRmCxYz
advertising	m y  5 3 r v 3 r  1 5  l u n 4 r m c . x y z
advertising	my server is nethermc.org
advertising	my server is nethermc,org
advertising	my server is nethermc_org
advertising	my server is nethermc'org
advertising	my server is nethermc*org
advertising	my server is nethermcorg
advertising	my server is nethermc org
advertising	my server is nethermc(dot)org
advertising	my 53rv3r 15 n37h3rmc.0rg
advertising	m y  s e r v e r  i s  n e t h e r m c . o r g
advertising	my sеrvеr is nеthеrmc.οrg
advertising	MY SERVER IS NETHERMC.ORG
advertising	My SeRvEr Is NeThErMc.OrG
advertising	my seeerver iiis neeethermc.org
advertising	my server is nethermc-org
advertising	my server is nethermc;org
advertising	my server is nethermc~org
advertising	my server is nethermc.org my
advertising	my srvr is nthrmc.rg
advertising	mmyy sserrvverr iss nnetthherrmmcc.orrgg
advertising	my.!.server.!.is.!.nethermc.org
advertising	nethermc.org is server my
advertising	my 53rv3r 15 n37h3rmc 0rg
advertising	My SeRvEr Is NeThErMcOrG
advertising	m y  5 3 r v 3 r  1 5  n 3 7 h 3 r m c . 0 r g
advertising	we moved to examplecraft.net
advertising	we moved to examplecraft,net
advertising	we moved to examplecraft_net
advertising	we moved to examplecraft'net
advertising	we moved to examplecraft*net
advertising	we moved to examplecraftnet
advertising	we moved to examplecraft net
advertising	we moved to examplecraft(dot)net
advertising	w3 m0v3d 70 3x4mpl3cr4f7.n37
advertising	w e  m o v e d  t o  e x a m p l e c r a f t . n e t
advertising	wе mοvеd tο еxаmpIеcrаft.nеt
advertising	WE MOVED TO EXAMPLECRAFT.NET
advertising	We MoVeD tO eXaMpLeCrAfT.nEt
advertising	weee moooved tooo eeexamplecraft.net
advertising	we moved to examplecraft-net
advertising	we moved to examplecraft;net
advertising	we moved to examplecraft~net
advertising	we moved to examplecraft.net we
advertising	we mvd to exmplcrft.nt
advertising	wwe mmovvedd tto exxammpplleccrrafftt.nnett
advertising	we.!.moved.!.to.!.examplecraft.net
advertising	examplecraft.net to moved we
advertising	w3 m0v3d 70 3x4mpl3cr4f7 n37
advertising	w3 m0v3d 70 3x4mpI3cr4f7.n37
advertising	We MoVeD tO eXaMpLeCrAfTnEt
advertising	w 3  m 0 v 3 d  7 0  3 x 4 m p l 3 c r 4 f 7 . n 3 7
advertising	we moved to play.examplecraft.gg
advertising	we moved to play,examplecraft,gg
advertising	we moved to play_examplecraft_gg
advertising	we moved to play'examplecraft'gg
advertising	we moved to play*examplecraft*gg
advertising	we moved to playexamplecraftgg
advertising	we moved to play examplecraft gg
advertising	we moved to play(dot)examplecraft(dot)gg
advertising	w3 m0v3d 70 pl4y.3x4mpl3cr4f7.gg
advertising	w e  m o v e d  t o  p l a y . e x a m p l e c r a f t . g g
advertising	wе mοvеd tο pIаy.еxаmpIеcrаft.gg
advertising	WE MOVED TO PLAY.EXAMPLECRAFT.GG
advertising	We MoVeD tO pLaY.eXaMpLeCrAfT.gG
advertising	weee moooved tooo plaaay.examplecraft.gg
advertising	we moved to play-examplecraft-gg
advertising	we moved to play;examplecraft;gg
advertising	we moved to play~examplecraft~gg
advertising	we moved to play.examplecraft.gg we
advertising	we mvd to ply.xmplcrft.gg
advertising	wwe mmovvedd tto ppllayy.exxammpplleccrrafftt.gggg
advertising	we.!.moved.!.to.!.play.examplecraft.gg
advertising	play.examplecraft.gg to moved we
advertising	w3 m0v3d 70 pl4y 3x4mpl3cr4f7 gg
advertising	w3 m0v3d 70 pI4y.3x4mpI3cr4f7.gg
advertising	We MoVeD tO pLaYeXaMpLeCrAfTgG
advertising	w 3  m 0 v 3 d  7 0  p l 4 y . 3 x 4 m p l 3 c r 4 f 7 . g g
advertising	we moved to mc123.org
advertising	we moved to mc123,org
advertising	we moved to mc123_org
advertising	we moved to mc123'org
advertising	we moved to mc123*org
advertising	we moved to mc123org
advertising	we moved to mc123 org
advertising	we moved to mc123(dot)org
advertising	w3 m0v3d 70 mc123.0rg
advertising	w e  m o v e d  t o  m c 1 2 3 . o r g
advertising	wе mοvеd tο mc123.οrg
advertising	WE MOVED TO MC123.ORG
advertising	We MoVeD tO mC123.oRg
advertising	weee moooved tooo mc123.ooorg
advertising	we moved to mc123-org
advertising	we moved to mc123;org
advertising	we moved to mc123~org
advertising	we moved to mc123.org we
advertising	we mvd to mc123.rg
advertising	wwe mmovvedd tto mmcc123.orrgg
advertising	we.!.moved.!.to.!.mc123.org
advertising	mc123.org to moved we
advertising	w3 m0v3d 70 mc123 0rg
advertising	We MoVeD tO mC123oRg
advertising	w 3  m 0 v 3 d  7 0  m c 1 2 3 . 0 r g
advertising	we moved to coolpvp.xyz
advertising	we moved to coolpvp,xyz
advertising	we moved to coolpvp_xyz
advertising	we moved to coolpvp'xyz
advertising	we moved to coolpvp*xyz
advertising	we moved to coolpvpxyz
advertising	we moved to coolpvp xyz
advertising	we moved to coolpvp(dot)xyz
advertising	w3 m0v3d 70 c00lpvp.xyz
advertising	w e  m o v e d  t o  c o o l p v p . x y z
advertising	wе mοvеd tο cοοIpvp.xyz
advertising	WE MOVED TO COOLPVP.XYZ
advertising	We MoVeD tO cOoLpVp.XyZ
advertising	weee moooved tooo coooolpvp.xyz
advertising	we moved to coolpvp-xyz
advertising	we moved to coolpvp;xyz
advertising	we moved to coolpvp~xyz
advertising	we moved to coolpvp.xyz we
advertising	we mvd to clpvp.xyz
advertising	wwe mmovvedd tto ccoollppvvpp.xxyyzz
advertising	we.!.moved.!.to.!.coolpvp.xyz
advertising	coolpvp.xyz to moved we
advertising	w3 m0v3d 70 c00lpvp xyz
advertising	w3 m0v3d 70 c00Ipvp.xyz
advertising	We MoVeD tO cOoLpVpXyZ
advertising	w 3  m 0 v 3 d  7 0  c 0 0 l p v p . x y z
advertising	we moved to funserver.com
advertising	we moved to funserver,com
advertising	we moved to funserver_com
advertising	we moved to funserver'com
advertising	we moved to funserver*com
advertising	we moved to funservercom
advertising	we moved to funserver com
advertising	we moved to funserver(dot)com
advertising	w3 m0v3d 70 fun53rv3r.c0m
advertising	w e  m o v e d  t o  f u n s e r v e r . c o m
advertising	wе mοvеd tο funsеrvеr.cοm
advertising	WE MOVED TO FUNSERVER.COM
advertising	We MoVeD tO fUnSeRvEr.CoM
advertising	weee moooved tooo fuuunserver.com
advertising	we moved to funserver-com
advertising	we moved to funserver;com
advertising	we moved to funserver~com
advertising	we moved to funserver.com we
advertising	we mvd to fnsrvr.cm
advertising	wwe mmovvedd tto ffunnsserrvverr.ccomm
advertising	we.!.moved.!.to.!.funserver.com
advertising	funserver.com to moved we
advertising	w3 m0v3d 70 fun53rv3r c0m
advertising	We MoVeD tO fUnSeRvErCoM
advertising	w 3  m 0 v 3 d  7 0  f u n 5 3 r v 3 r . c 0 m
advertising	we moved to hypixelclone.net
advertising	we moved to hypixelclone,net
advertising	we moved to hypixelclone_net
advertising	we moved to hypixelclone'net
advertising	we moved to hypixelclone*net
advertising	we moved to hypixelclonenet
advertising	we moved to hypixelclone net
advertising	we moved to hypixelclone(dot)net
advertising	w3 m0v3d 70 hyp1x3lcl0n3.n37
advertising	w e  m o v e d  t o  h y p i x e l c l o n e . n e t
advertising	wе mοvеd tο hypixеIcIοnе.nеt
advertising	WE MOVED TO HYPIXELCLONE.NET
advertising	We MoVeD tO hYpIxElClOnE.nEt
advertising	weee moooved tooo hypiiixelclone.net
advertising	we moved to hypixelclone-net
advertising	we moved to hypixelclone;net
advertising	we moved to hypixelclone~net
advertising	we moved to hypixelclone.net we
advertising	we mvd to hypxlcln.nt
advertising	wwe mmovvedd tto hhyyppixxellccllonne.nnett
advertising	we.!.moved.!.to.!.hypixelclone.net
advertising	hypixelclone.net to moved we
advertising	w3 m0v3d 70 hyp1x3lcl0n3 n37
advertising	w3 m0v3d 70 hyp1x3IcI0n3.n37
advertising	We MoVeD tO hYpIxElClOnEnEt
advertising	w 3  m 0 v 3 d  7 0  h y p 1 x 3 l c l 0 n 3 . n 3 7
advertising	we moved to pvpzone.gg
advertising	we moved to pvpzone,gg
advertising	we moved to pvpzone_gg
advertising	we moved to pvpzone'gg
advertising	we moved to pvpzone*gg
advertising	we moved to pvpzonegg
advertising	we moved to pvpzone gg
advertising	we moved to pvpzone(dot)gg
advertising	w3 m0v3d 70 pvpz0n3.gg
advertising	w e  m o v e d  t o  p v p z o n e . g g
advertising	wе mοvеd tο pvpzοnе.gg
advertising	WE MOVED TO PVPZONE.GG
advertising	We MoVeD tO pVpZoNe.Gg
advertising	weee moooved tooo pvpzooone.gg
advertising	we moved to pvpzone-gg
advertising	we moved to pvpzone;gg
advertising	we moved to pvpzone~gg
advertising	we moved to pvpzone.gg we
advertising	we mvd to pvpzn.gg
advertising	wwe mmovvedd tto ppvvppzzonne.gggg
advertising	we.!.moved.!.to.!.pvpzone.gg
advertising	pvpzone.gg to moved we
advertising	w3 m0v3d 70 pvpz0n3 gg
advertising	We MoVeD tO pVpZoNeGg
advertising	w 3  m 0 v 3 d  7 0  p v p z 0 n 3 . g g
advertising	we moved to survivalcraft.org
advertising	we moved to survivalcraft,org
advertising	we moved to survivalcraft_org
advertising	we moved to survivalcraft'org
advertising	we moved to survivalcraft*org
advertising	we moved to survivalcraftorg
advertising	we moved to survivalcraft org
advertising	we moved to survivalcraft(dot)org
advertising	w3 m0v3d 70 5urv1v4lcr4f7.0rg
advertising	w e  m o v e d  t o  s u r v i v a l c r a f t . o r g
advertising	wе mοvеd tο survivаIcrаft.οrg
advertising	WE MOVED TO SURVIVALCRAFT.ORG
advertising	We MoVeD tO sUrViVaLcRaFt.OrG
advertising	weee moooved tooo suuurvivalcraft.org
advertising	we moved to survivalcraft-org
advertising	we moved to survivalcraft;org
advertising	we moved to survivalcraft~org
advertising	we moved to survivalcraft.org we
advertising	we mvd to srvvlcrft.rg
advertising	wwe mmovvedd tto ssurrvvivvallccrrafftt.orrgg
advertising	we.!.moved.!.to.!.survivalcraft.org
advertising	survivalcraft.org to moved we
advertising	w3 m0v3d 70 5urv1v4lcr4f7 0rg
advertising	w3 m0v3d 70 5urv1v4Icr4f7.0rg
advertising	We MoVeD tO sUrViVaLcRaFtOrG
advertising	w 3  m 0 v 3 d  7 0  5 u r v 1 v 4 l c r 4 f 7 . 0 r g
advertising	we moved to minescape.xyz
advertising	we moved to minescape,xyz
advertising	we moved to minescape_xyz
advertising	we moved to minescape'xyz
advertising	we moved to minescape*xyz
advertising	we moved to minescapexyz
advertising	we moved to minescape xyz
advertising	we moved to minescape(dot)xyz
advertising	w3 m0v3d 70 m1n35c4p3.xyz
advertising	w e  m o v e d  t o  m i n e s c a p e . x y z
advertising	wе mοvеd tο minеscаpе.xyz
advertising	WE MOVED TO MINESCAPE.XYZ
advertising	We MoVeD tO mInEsCaPe.XyZ
advertising	weee moooved tooo miiinescape.xyz
advertising	we moved to minescape-xyz
advertising	we moved to minescape;xyz
advertising	we moved to minescape~xyz
advertising	we moved to minescape.xyz we
advertising	we mvd to mnscp.xyz
advertising	wwe mmovvedd tto mminnessccappe.xxyyzz
advertising	we.!.moved.!.to.!.minescape.xyz
advertising	minescape.xyz to moved we
advertising	w3 m0v3d 70 m1n35c4p3 xyz
advertising	We MoVeD tO mInEsCaPeXyZ
advertising	w 3  m 0 v 3 d  7 0  m 1 n 3 5 c 4 p 3 . x y z
advertising	we moved to craftkingdom.net
advertising	we moved to craftkingdom,net
advertising	we moved to craftkingdom_net
advertising	we moved to craftkingdom'net
advertising	we moved to craftkingdom*net
advertising	we moved to craftkingdomnet
advertising	we moved to craftkingdom net
advertising	we moved to craftkingdom(dot)net
advertising	w3 m0v3d 70 cr4f7k1ngd0m.n37
advertising	w e  m o v e d  t o  c r a f t k i n g d o m . n e t
advertising	wе mοvеd tο crаftkingdοm.nеt
advertising	WE MOVED TO CRAFTKINGDOM.NET
advertising	We MoVeD tO cRaFtKiNgDoM.nEt
advertising	weee moooved tooo craaaftkingdom.net
advertising	we moved to craftkingdom-net
advertising	we moved to craftkingdom;net
advertising	we moved to craftkingdom~net
advertising	we moved to craftkingdom.net we
advertising	we mvd to crftkngdm.nt
advertising	wwe mmovvedd tto ccrraffttkkinnggddomm.nnett
advertising	we.!.moved.!.to.!.craftkingdom.net
advertising	craftkingdom.net to moved we
advertising	w3 m0v3d 70 cr4f7k1ngd0m n37
advertising	We MoVeD tO cRaFtKiNgDoMnEt
advertising	w 3  m 0 v 3 d  7 0  c r 4 f 7 k 1 n g d 0 m . n 3 7
advertising	we moved to skypvp.gg
advertising	we moved to skypvp,gg
advertising	we moved to skypvp_gg
advertising	we moved to skypvp'gg
advertising	we moved to skypvp*gg
advertising	we moved to skypvpgg
advertising	we moved to skypvp gg
advertising	we moved to skypvp(dot)gg
advertising	w3 m0v3d 70 5kypvp.gg
advertising	w e  m o v e d  t o  s k y p v p . g g
advertising	wе mοvеd tο skypvp.gg
advertising	WE MOVED TO SKYPVP.GG
advertising	We MoVeD tO sKyPvP.gG
advertising	weee moooved tooo skypvp.gg
advertising	we moved to skypvp-gg
advertising	we moved to skypvp;gg
advertising	we moved to skypvp~gg
advertising	we moved to skypvp.gg we
advertising	we mvd to skypvp.gg
advertising	wwe mmovvedd tto sskkyyppvvpp.gggg
advertising	we.!.moved.!.to.!.skypvp.gg
advertising	skypvp.gg to moved we
advertising	w3 m0v3d 70 5kypvp gg
advertising	We MoVeD tO sKyPvPgG
advertising	w 3  m 0 v 3 d  7 0  5 k y p v p . g g
advertising	we moved to bedwars.pro
advertising	we moved to bedwars,pro
advertising	we moved to bedwars_pro
advertising	we moved to bedwars'pro
advertising	we moved to bedwars*pro
advertising	we moved to bedwarspro
advertising	we moved to bedwars pro
advertising	we moved to bedwars(dot)pro
advertising	w3 m0v3d 70 b3dw4r5.pr0
advertising	w e  m o v e d  t o  b e d w a r s . p r o
advertising	wе mοvеd tο bеdwаrs.prο
advertising	WE MOVED TO BEDWARS.PRO
advertising	We MoVeD tO bEdWaRs.PrO
advertising	weee moooved tooo beeedwars.pro
advertising	we moved to bedwars-pro
advertising	we moved to bedwars;pro
advertising	we moved to bedwars~pro
advertising	we moved to bedwars.pro we
advertising	we mvd to bdwrs.pro
advertising	wwe mmovvedd tto bbeddwwarrss.pprro
advertising	we.!.moved.!.to.!.bedwars.pro
advertising	bedwars.pro to moved we
advertising	w3 m0v3d 70 b3dw4r5 pr0
advertising	We MoVeD tO bEdWaRsPrO
advertising	w 3  m 0 v 3 d  7 0  b 3 d w 4 r 5 . p r 0
advertising	we moved to anarchy.ml
advertising	we moved to anarchy,ml
advertising	we moved to anarchy_ml
advertising	we moved to anarchy'ml
advertising	we moved to anarchy*ml
advertising	we moved to anarchyml
advertising	we moved to anarchy ml
advertising	we moved to anarchy(dot)ml
advertising	w3 m0v3d 70 4n4rchy.ml
advertising	w e  m o v e d  t o  a n a r c h y . m l
advertising	wе mοvеd tο аnаrchy.mI
advertising	WE MOVED TO ANARCHY.ML
advertising	We MoVeD tO aNaRcHy.Ml
advertising	weee moooved tooo aaanarchy.ml
advertising	we moved to anarchy-ml
advertising	we moved to anarchy;ml
advertising	we moved to anarchy~ml
advertising	we moved to anarchy.ml we
advertising	we mvd to anrchy.ml
advertising	wwe mmovvedd tto annarrcchhyy.mmll
advertising	we.!.moved.!.to.!.anarchy.ml
advertising	anarchy.ml to moved we
advertising	w3 m0v3d 70 4n4rchy ml
advertising	w3 m0v3d 70 4n4rchy.mI
advertising	We MoVeD tO aNaRcHyMl
advertising	w 3  m 0 v 3 d  7 0  4 n 4 r c h y . m l
advertising	we moved to smp.tk
advertising	we moved to smp,tk
advertising	we moved to smp_tk
advertising	we moved to smp'tk
advertising	we moved to smp*tk
advertising	we moved to smptk
advertising	we moved to smp tk
advertising	we moved to smp(dot)tk
advertising	w3 m0v3d 70 5mp.7k
advertising	w e  m o v e d  t o  s m p . t k
advertising	wе mοvеd tο smp.tk
advertising	WE MOVED TO SMP.TK
advertising	We MoVeD tO sMp.Tk
advertising	weee moooved tooo smp.tk
advertising	we moved to smp-tk
advertising	we moved to smp;tk
advertising	we moved to smp~tk
advertising	we moved to smp.tk we
advertising	we mvd to smp.tk
advertising	wwe mmovvedd tto ssmmpp.ttkk
advertising	we.!.moved.!.to.!.smp.tk
advertising	smp.tk to moved we
advertising	w3 m0v3d 70 5mp 7k
advertising	We MoVeD tO sMpTk
advertising	w 3  m 0 v 3 d  7 0  5 m p . 7 k
advertising	we moved to creativecraft.com
advertising	we moved to creativecraft,com
advertising	we moved to creativecraft_com
advertising	we moved to creativecraft'com
advertising	we moved to creativecraft*com
advertising	we moved to creativecraftcom
advertising	we moved to creativecraft com
advertising	we moved to creativecraft(dot)com
advertising	w3 m0v3d 70 cr3471v3cr4f7.c0m
advertising	w e  m o v e d  t o  c r e a t i v e c r a f t . c o m
advertising	wе mοvеd tο crеаtivеcrаft.cοm
advertising	WE MOVED TO CREATIVECRAFT.COM
advertising	We MoVeD tO cReAtIvEcRaFt.CoM
advertising	weee moooved tooo creeeativecraft.com
advertising	we moved to creativecraft-com
advertising	we moved to creativecraft;com
advertising	we moved to creativecraft~com
advertising	we moved to creativecraft.com we
advertising	we mvd to crtvcrft.cm
advertising	wwe mmovvedd tto ccrreattivveccrrafftt.ccomm
advertising	we.!.moved.!.to.!.creativecraft.com
advertising	creativecraft.com to moved we
advertising	w3 m0v3d 70 cr3471v3cr4f7 c0m
advertising	We MoVeD tO cReAtIvEcRaFtCoM
advertising	w 3  m 0 v 3 d  7 0  c r 3 4 7 1 v 3 c r 4 f 7 . c 0 m
advertising	we moved to dragonmc.net
advertising	we moved to dragonmc,net
advertising	we moved to dragonmc_net
advertising	we moved to dragonmc'net
advertising	we moved to dragonmc*net
advertising	we moved to dragonmcnet
advertising	we moved to dragonmc net
advertising	we moved to dragonmc(dot)net
advertising	w3 m0v3d 70 dr4g0nmc.n37
advertising	w e  m o v e d  t o  d r a g o n m c . n e t
advertising	wе mοvеd tο drаgοnmc.nеt
advertising	WE MOVED TO DRAGONMC.NET
advertising	We MoVeD tO dRaGoNmC.nEt
advertising	weee moooved tooo draaagonmc.net
advertising	we moved to dragonmc-net
advertising	we moved to dragonmc;net
advertising	we moved to dragonmc~net
advertising	we moved to dragonmc.net we
advertising	we mvd to drgnmc.nt
advertising	wwe mmovvedd tto ddrraggonnmmcc.nnett
advertising	we.!.moved.!.to.!.dragonmc.net
advertising	dragonmc.net to moved we
advertising	w3 m0v3d 70 dr4g0nmc n37
advertising	We MoVeD tO dRaGoNmCnEt
advertising	w 3  m 0 v 3 d  7 0  d r 4 g 0 n m c . n 3 7
advertising	we moved to emeraldisle.org
advertising	we moved to emeraldisle,org
advertising	we moved to emeraldisle_org
advertising	we moved to emeraldisle'org
advertising	we moved to emeraldisle*org
advertising	we moved to emeraldisleorg
advertising	we moved to emeraldisle org
advertising	we moved to emeraldisle(dot)org
advertising	w3 m0v3d 70 3m3r4ld15l3.0rg
advertising	w e  m o v e d  t o  e m e r a l d i s l e . o r g
advertising	wе mοvеd tο еmеrаIdisIе.οrg
advertising	WE MOVED TO EMERALDISLE.ORG
advertising	We MoVeD tO eMeRaLdIsLe.OrG
advertising	weee moooved tooo eeemeraldisle.org
advertising	we moved to emeraldisle-org
advertising	we moved to emeraldisle;org
advertising	we moved to emeraldisle~org
advertising	we moved to emeraldisle.org we
advertising	we mvd to emrldsl.rg
advertising	wwe mmovvedd tto emmerrallddisslle.orrgg
advertising	we.!.moved.!.to.!.emeraldisle.org
advertising	emeraldisle.org to moved we
advertising	w3 m0v3d 70 3m3r4ld15l3 0rg
advertising	w3 m0v3d 70 3m3r4Id15I3.0rg
advertising	We MoVeD tO eMeRaLdIsLeOrG
advertising	w 3  m 0 v 3 d  7 0  3 m 3 r 4 l d 1 5 l 3 . 0 r g
advertising	we moved to foxcraft.gg
advertising	we moved to foxcraft,gg
advertising	we moved to foxcraft_gg
advertising	we moved to foxcraft'gg
advertising	we moved to foxcraft*gg
advertising	we moved to foxcraftgg
advertising	we moved to foxcraft gg
advertising	we moved to foxcraft(dot)gg
advertising	w3 m0v3d 70 f0xcr4f7.gg
advertising	w e  m o v e d  t o  f o x c r a f t . g g
advertising	wе mοvеd tο fοxcrаft.gg
advertising	WE MOVED TO FOXCRAFT.GG
advertising	We MoVeD tO fOxCrAfT.gG
advertising	weee moooved tooo foooxcraft.gg
advertising	we moved to foxcraft-gg
advertising	we moved to foxcraft;gg
advertising	we moved to foxcraft~gg
advertising	we moved to foxcraft.gg we
advertising	we mvd to fxcrft.gg
advertising	wwe mmovvedd tto ffoxxccrrafftt.gggg
advertising	we.!.moved.!.to.!.foxcraft.gg
advertising	foxcraft.gg to moved we
advertising	w3 m0v3d 70 f0xcr4f7 gg
advertising	We MoVeD tO fOxCrAfTgG
advertising	w 3  m 0 v 3 d  7 0  f 0 x c r 4 f 7 . g g
advertising	we moved to goldrush.xyz
advertising	we moved to goldrush,xyz
advertising	we moved to goldrush_xyz
advertising	we moved to goldrush'xyz
advertising	we moved to goldrush*xyz
advertising	we moved to goldrushxyz
advertising	we moved to goldrush xyz
advertising	we moved to goldrush(dot)xyz
advertising	w3 m0v3d 70 g0ldru5h.xyz
advertising	w e  m o v e d  t o  g o l d r u s h . x y z
advertising	wе mοvеd tο gοIdrush.xyz
advertising	WE MOVED TO GOLDRUSH.XYZ
advertising	We MoVeD tO gOlDrUsH.xYz
advertising	weee moooved tooo goooldrush.xyz
advertising	we moved to goldrush-xyz
advertising	we moved to goldrush;xyz
advertising	we moved to goldrush~xyz
advertising	we moved to goldrush.xyz we
advertising	we mvd to gldrsh.xyz
advertising	wwe mmovvedd tto ggollddrrusshh.xxyyzz
advertising	we.!.moved.!.to.!.goldrush.xyz
advertising	goldrush.xyz to moved we
advertising	w3 m0v3d 70 g0ldru5h xyz
advertising	w3 m0v3d 70 g0Idru5h.xyz
advertising	We MoVeD tO gOlDrUsHxYz
advertising	w 3  m 0 v 3 d  7 0  g 0 l d r u 5 h . x y z
advertising	we moved to icecraft.ml
advertising	we moved to icecraft,ml
advertising	we moved to icecraft_ml
advertising	we moved to icecraft'ml
advertising	we moved to icecraft*ml
advertising	we moved to icecraftml
advertising	we moved to icecraft ml
advertising	we moved to icecraft(dot)ml
advertising	w3 m0v3d 70 1c3cr4f7.ml
advertising	w e  m o v e d  t o  i c e c r a f t . m l
advertising	wе mοvеd tο icеcrаft.mI
advertising	WE MOVED TO ICECRAFT.ML
advertising	We MoVeD tO iCeCrAfT.mL
advertising	weee moooved tooo iiicecraft.ml
advertising	we moved to icecraft-ml
advertising	we moved to icecraft;ml
advertising	we moved to icecraft~ml
advertising	we moved to icecraft.ml we
advertising	we mvd to iccrft.ml
advertising	wwe mmovvedd tto icceccrrafftt.mmll
advertising	we.!.moved.!.to.!.icecraft.ml
advertising	icecraft.ml to moved we
advertising	w3 m0v3d 70 1c3cr4f7 ml
advertising	w3 m0v3d 70 1c3cr4f7.mI
advertising	We MoVeD tO iCeCrAfTmL
advertising	w 3  m 0 v 3 d  7 0  1 c 3 c r 4 f 7 . m l
advertising	we moved to junglecraft.net
advertising	we moved to junglecraft,net
advertising	we moved to junglecraft_net
advertising	we moved to junglecraft'net
advertising	we moved to junglecraft*net
advertising	we moved to junglecraftnet
advertising	we moved to junglecraft net
advertising	we moved to junglecraft(dot)net
advertising	w3 m0v3d 70 jungl3cr4f7.n37
advertising	w e  m o v e d  t o  j u n g l e c r a f t . n e t
advertising	wе mοvеd tο jungIеcrаft.nеt
advertising	WE MOVED TO JUNGLECRAFT.NET
advertising	We MoVeD tO jUnGlEcRaFt.NeT
advertising	weee moooved tooo juuunglecraft.net
advertising	we moved to junglecraft-net
advertising	we moved to junglecraft;net
advertising	we moved to junglecraft~net
advertising	we moved to junglecraft.net we
advertising	we mvd to jnglcrft.nt
advertising	wwe mmovvedd tto jjunngglleccrrafftt.nnett
advertising	we.!.moved.!.to.!.junglecraft.net
advertising	junglecraft.net to moved we
advertising	w3 m0v3d 70 jungl3cr4f7 n37
advertising	w3 m0v3d 70 jungI3cr4f7.n37
advertising	We MoVeD tO jUnGlEcRaFtNeT
advertising	w 3  m 0 v 3 d  7 0  j u n g l 3 c r 4 f 7 . n 3 7
advertising	we moved to kingdoms.gg
advertising	we moved to kingdoms,gg
advertising	we moved to kingdoms_gg
advertising	we moved to kingdoms'gg
advertising	we moved to kingdoms*gg
advertising	we moved to kingdomsgg
advertising	we moved to kingdoms gg
advertising	we moved to kingdoms(dot)gg
advertising	w3 m0v3d 70 k1ngd0m5.gg
advertising	w e  m o v e d  t o  k i n g d o m s . g g
advertising	wе mοvеd tο kingdοms.gg
advertising	WE MOVED TO KINGDOMS.GG
advertising	We MoVeD tO kInGdOmS.gG
advertising	weee moooved tooo kiiingdoms.gg
advertising	we moved to kingdoms-gg
advertising	we moved to kingdoms;gg
advertising	we moved to kingdoms~gg
advertising	we moved to kingdoms.gg we
advertising	we mvd to kngdms.gg
advertising	wwe mmovvedd tto kkinnggddommss.gggg
advertising	we.!.moved.!.to.!.kingdoms.gg
advertising	kingdoms.gg to moved we
advertising	w3 m0v3d 70 k1ngd0m5 gg
advertising	We MoVeD tO kInGdOmSgG
advertising	w 3  m 0 v 3 d  7 0  k 1 n g d 0 m 5 . g g
advertising	we moved to lunarmc.xyz
advertising	we moved to lunarmc,xyz
advertising	we moved to lunarmc_xyz
advertising	we moved to lunarmc'xyz
advertising	we moved to lunarmc*xyz
advertising	we moved to lunarmcxyz
advertising	we moved to lunarmc xyz
advertising	we moved to lunarmc(dot)xyz
advertising	w3 m0v3d 70 lun4rmc.xyz
advertising	w e  m o v e d  t o  l u n a r m c . x y z
advertising	wе mοvеd tο Iunаrmc.xyz
advertising	WE MOVED TO LUNARMC.XYZ
advertising	We MoVeD tO lUnArMc.XyZ
advertising	weee moooved tooo luuunarmc.xyz
advertising	we moved to lunarmc-xyz
advertising	we moved to lunarmc;xyz
advertising	we moved to lunarmc~xyz
advertising	we moved to lunarmc.xyz we
advertising	we mvd to lnrmc.xyz
advertising	wwe mmovvedd tto llunnarrmmcc.xxyyzz
advertising	we.!.moved.!.to.!.lunarmc.xyz
advertising	lunarmc.xyz to moved we
advertising	w3 m0v3d 70 lun4rmc xyz
advertising	w3 m0v3d 70 Iun4rmc.xyz
advertising	We MoVeD tO lUnArMcXyZ
advertising	w 3  m 0 v 3 d  7 0  l u n 4 r m c . x y z
advertising	we moved to nethermc.org
advertising	we moved to nethermc,org
advertising	we moved to nethermc_org
advertising	we moved to nethermc'org
advertising	we moved to nethermc*org
advertising	we moved to nethermcorg
advertising	we moved to nethermc org
advertising	we moved to nethermc(dot)org
advertising	w3 m0v3d 70 n37h3rmc.0rg
advertising	w e  m o v e d  t o  n e t h e r m c . o r g
advertising	wе mοvеd tο nеthеrmc.οrg
advertising	WE MOVED TO NETHERMC.ORG
advertising	We MoVeD tO nEtHeRmC.oRg
advertising	weee moooved tooo neeethermc.org
advertising	we moved to nethermc-org
advertising	we moved to nethermc;org
advertising	we moved to nethermc~org
advertising	we moved to nethermc.org we
advertising	we mvd to nthrmc.rg
advertising	wwe mmovvedd tto nnetthherrmmcc.orrgg
advertising	we.!.moved.!.to.!.nethermc.org
advertising	nethermc.org to moved we
advertising	w3 m0v3d 70 n37h3rmc 0rg
advertising	We MoVeD tO nEtHeRmCoRg
advertising	w 3  m 0 v 3 d  7 0  n 3 7 h 3 r m c . 0 r g
advertising	visit examplecraft.net
advertising	visit examplecraft,net
advertising	visit examplecraft_net
advertising	visit examplecraft'net
advertising	visit examplecraft*net
advertising	visit examplecraftnet
advertising	visit examplecraft net
advertising	visit examplecraft(dot)net
advertising	v1517 3x4mpl3cr4f7.n37
advertising	v i s i t  e x a m p l e c r a f t . n e t
advertising	visit еxаmpIеcrаft.nеt
advertising	VISIT EXAMPLECRAFT.NET
advertising	ViSiT eXaMpLeCrAfT.nEt
advertising	viiisit eeexamplecraft.net
advertising	visit examplecraft-net
advertising	visit examplecraft;net
advertising	visit examplecraft~net
advertising	visit examplecraft.net vis
advertising	vst exmplcrft.nt
advertising	vvissitt exxammpplleccrrafftt.nnett
advertising	visit.!.examplecraft.net
advertising	examplecraft.net visit
advertising	v1517 3x4mpl3cr4f7 n37
advertising	v1517 3x4mpI3cr4f7.n37
advertising	ViSiT eXaMpLeCrAfTnEt
advertising	v 1 5 1 7  3 x 4 m p l 3 c r 4 f 7 . n 3 7
advertising	visit play.examplecraft.gg
advertising	visit play,examplecraft,gg
advertising	visit play_examplecraft_gg
advertising	visit play'examplecraft'gg
advertising	visit play*examplecraft*gg
advertising	visit playexamplecraftgg
advertising	visit play examplecraft gg
advertising	visit play(dot)examplecraft(dot)gg
advertising	v1517 pl4y.3x4mpl3cr4f7.gg
advertising	v i s i t  p l a y . e x a m p l e c r a f t . g g
advertising	visit pIаy.еxаmpIеcrаft.gg
advertising	VISIT PLAY.EXAMPLECRAFT.GG
advertising	ViSiT pLaY.eXaMpLeCrAfT.gG
advertising	viiisit plaaay.examplecraft.gg
advertising	visit play-examplecraft-gg
advertising	visit play;examplecraft;gg
advertising	visit play~examplecraft~gg
advertising	visit play.examplecraft.gg vis
advertising	vst ply.xmplcrft.gg
advertising	vvissitt ppllayy.exxammpplleccrrafftt.gggg
advertising	visit.!.play.examplecraft.gg
advertising	play.examplecraft.gg visit
advertising	v1517 pl4y 3x4mpl3cr4f7 gg
advertising	v1517 pI4y.3x4mpI3cr4f7.gg
advertising	ViSiT pLaYeXaMpLeCrAfTgG
advertising	v 1 5 1 7  p l 4 y . 3 x 4 m p l 3 c r 4 f 7 . g g
advertising	visit mc123.org
advertising	visit mc123,org
advertising	visit mc123_org
advertising	visit mc123'org
advertising	visit mc123*org
advertising	visit mc123org
advertising	visit mc123 org
advertising	visit mc123(dot)org
advertising	v1517 mc123.0rg
advertising	v i s i t  m c 1 2 3 . o r g
advertising	visit mc123.οrg
advertising	VISIT MC123.ORG
advertising	ViSiT mC123.oRg
advertising	viiisit mc123.ooorg
advertising	visit mc123-org
advertising	visit mc123;org
advertising	visit mc123~org
advertising	visit mc123.org vis
advertising	vst mc123.rg
advertising	vvissitt mmcc123.orrgg
advertising	visit.!.mc123.org
advertising	mc123.org visit
advertising	v1517 mc123 0rg
advertising	ViSiT mC123oRg
advertising	v 1 5 1 7  m c 1 2 3 . 0 r g
advertising	visit coolpvp.xyz
advertising	visit coolpvp,xyz
advertising	visit coolpvp_xyz
advertising	visit coolpvp'xyz
advertising	visit coolpvp*xyz
advertising	visit coolpvpxyz
advertising	visit coolpvp xyz
advertising	visit coolpvp(dot)xyz
advertising	v1517 c00lpvp.xyz
advertising	v i s i t  c o o l p v p . x y z
advertising	visit cοοIpvp.xyz
advertising	VISIT COOLPVP.XYZ
advertising	ViSiT cOoLpVp.XyZ
advertising	viiisit coooolpvp.xyz
advertising	visit coolpvp-xyz
advertising	visit coolpvp;xyz
advertising	visit coolpvp~xyz
advertising	visit coolpvp.xyz vis
advertising	vst clpvp.xyz
advertising	vvissitt ccoollppvvpp.xxyyzz
advertising	visit.!.coolpvp.xyz
advertising	coolpvp.xyz visit
advertising	v1517 c00lpvp xyz
advertising	v1517 c00Ipvp.xyz
advertising	ViSiT cOoLpVpXyZ
advertising	v 1 5 1 7  c 0 0 l p v p . x y z
advertising	visit funserver.com
advertising	visit funserver,com
advertising	visit funserver_com
advertising	visit funserver'com
advertising	visit funserver*com
advertising	visit funservercom
advertising	visit funserver com
advertising	visit funserver(dot)com
advertising	v1517 fun53rv3r.c0m
advertising	v i s i t  f u n s e r v e r . c o m
advertising	visit funsеrvеr.cοm
advertising	VISIT FUNSERVER.COM
advertising	ViSiT fUnSeRvEr.CoM
advertising	viiisit fuuunserver.com
advertising	visit funserver-com
advertising	visit funserver;com
advertising	visit funserver~com
advertising	visit funserver.com vis
advertising	vst fnsrvr.cm
advertising	vvissitt ffunnsserrvverr.ccomm
advertising	visit.!.funserver.com
advertising	funserver.com visit
advertising	v1517 fun53rv3r c0m
advertising	ViSiT fUnSeRvErCoM
advertising	v 1 5 1 7  f u n 5 3 r v 3 r . c 0 m
advertising	visit hypixelclone.net
advertising	visit hypixelclone,net
advertising	visit hypixelclone_net
advertising	visit hypixelclone'net
advertising	visit hypixelclone*net
advertising	visit hypixelclonenet
advertising	visit hypixelclone net
advertising	visit hypixelclone(dot)net
advertising	v1517 hyp1x3lcl0n3.n37
advertising	v i s i t  h y p i x e l c l o n e . n e t
advertising	visit hypixеIcIοnе.nеt
advertising	VISIT HYPIXELCLONE.NET
advertising	ViSiT hYpIxElClOnE.nEt
advertising	viiisit hypiiixelclone.net
advertising	visit hypixelclone-net
advertising	visit hypixelclone;net
advertising	visit hypixelclone~net
advertising	visit hypixelclone.net vis
advertising	vst hypxlcln.nt
advertising	vvissitt hhyyppixxellccllonne.nnett
advertising	visit.!.hypixelclone.net
advertising	hypixelclone.net visit
advertising	v1517 hyp1x3lcl0n3 n37
advertising	v1517 hyp1x3IcI0n3.n37
advertising	ViSiT hYpIxElClOnEnEt
advertising	v 1 5 1 7  h y p 1 x 3 l c l 0 n 3 . n 3 7
advertising	visit pvpzone.gg
advertising	visit pvpzone,gg
advertising	visit pvpzone_gg
advertising	visit pvpzone'gg
advertising	visit pvpzone*gg
advertising	visit pvpzonegg
advertising	visit pvpzone gg
advertising	visit pvpzone(dot)gg
advertising	v1517 pvpz0n3.gg
advertising	v i s i t  p v p z o n e . g g
advertising	visit pvpzοnе.gg
advertising	VISIT PVPZONE.GG
advertising	ViSiT pVpZoNe.Gg
advertising	viiisit pvpzooone.gg
advertising	visit pvpzone-gg
advertising	visit pvpzone;gg
advertising	visit pvpzone~gg
advertising	visit pvpzone.gg vis
advertising	vst pvpzn.gg
advertising	vvissitt ppvvppzzonne.gggg
advertising	visit.!.pvpzone.gg
advertising	pvpzone.gg visit
advertising	v1517 pvpz0n3 gg
advertising	ViSiT pVpZoNeGg
advertising	v 1 5 1 7  p v p z 0 n 3 . g g
advertising	visit survivalcraft.org
advertising	visit survivalcraft,org
advertising	visit survivalcraft_org
advertising	visit survivalcraft'org
advertising	visit survivalcraft*org
advertising	visit survivalcraftorg
advertising	visit survivalcraft org
advertising	visit survivalcraft(dot)org
advertising	v1517 5urv1v4lcr4f7.0rg
advertising	v i s i t  s u r v i v a l c r a f t . o r g
advertising	visit survivаIcrаft.οrg
advertising	VISIT SURVIVALCRAFT.ORG
advertising	ViSiT sUrViVaLcRaFt.OrG
advertising	viiisit suuurvivalcraft.org
advertising	visit survivalcraft-org
advertising	visit survivalcraft;org
advertising	visit survivalcraft~org
advertising	visit survivalcraft.org vis
advertising	vst srvvlcrft.rg
advertising	vvissitt ssurrvvivvallccrrafftt.orrgg
advertising	visit.!.survivalcraft.org
advertising	survivalcraft.org visit
advertising	v1517 5urv1v4lcr4f7 0rg
advertising	v1517 5urv1v4Icr4f7.0rg
advertising	ViSiT sUrViVaLcRaFtOrG
advertising	v 1 5 1 7  5 u r v 1 v 4 l c r 4 f 7 . 0 r g
advertising	visit minescape.xyz
advertising	visit minescape,xyz
advertising	visit minescape_xyz
advertising	visit minescape'xyz
advertising	visit minescape*xyz
advertising	visit minescapexyz
advertising	visit minescape xyz
advertising	visit minescape(dot)xyz
advertising	v1517 m1n35c4p3.xyz
advertising	v i s i t  m i n e s c a p e . x y z
advertising	visit minеscаpе.xyz
advertising	VISIT MINESCAPE.XYZ
advertising	ViSiT mInEsCaPe.XyZ
advertising	viiisit miiinescape.xyz
advertising	visit minescape-xyz
advertising	visit minescape;xyz
advertising	visit minescape~xyz
advertising	visit minescape.xyz vis
advertising	vst mnscp.xyz
advertising	vvissitt mminnessccappe.xxyyzz
advertising	visit.!.minescape.xyz
advertising	minescape.xyz visit
advertising	v1517 m1n35c4p3 xyz
advertising	ViSiT mInEsCaPeXyZ
advertising	v 1 5 1 7  m 1 n 3 5 c 4 p 3 . x y z
advertising	visit craftkingdom.net
advertising	visit craftkingdom,net
advertising	visit craftkingdom_net
advertising	visit craftkingdom'net
advertising	visit craftkingdom*net
advertising	visit craftkingdomnet
advertising	visit craftkingdom net
advertising	visit craftkingdom(dot)net
advertising	v1517 cr4f7k1ngd0m.n37
advertising	v i s i t  c r a f t k i n g d o m . n e t
advertising	visit crаftkingdοm.nеt
advertising	VISIT CRAFTKINGDOM.NET
advertising	ViSiT cRaFtKiNgDoM.nEt
advertising	viiisit craaaftkingdom.net
advertising	visit craftkingdom-net
advertising	visit craftkingdom;net
advertising	visit craftkingdom~net
advertising	visit craftkingdom.net vis
advertising	vst crftkngdm.nt
advertising	vvissitt ccrraffttkkinnggddomm.nnett
advertising	visit.!.craftkingdom.net
advertising	craftkingdom.net visit
advertising	v1517 cr4f7k1ngd0m n37
advertising	ViSiT cRaFtKiNgDoMnEt
advertising	v 1 5 1 7  c r 4 f 7 k 1 n g d 0 m . n 3 7
advertising	visit skypvp.gg
advertising	visit skypvp,gg
advertising	visit skypvp_gg
advertising	visit skypvp'gg
advertising	visit skypvp*gg
advertising	visit skypvpgg
advertising	visit skypvp gg
advertising	visit skypvp(dot)gg
advertising	v1517 5kypvp.gg
advertising	v i s i t  s k y p v p . g g
advertising	VISIT SKYPVP.GG
advertising	ViSiT sKyPvP.gG
advertising	viiisit skypvp.gg
advertising	visit skypvp-gg
advertising	visit skypvp;gg
advertising	visit skypvp~gg
advertising	visit skypvp.gg vis
advertising	vst skypvp.gg
advertising	vvissitt sskkyyppvvpp.gggg
advertising	visit.!.skypvp.gg
advertising	skypvp.gg visit
advertising	v1517 5kypvp gg
advertising	ViSiT sKyPvPgG
advertising	v 1 5 1 7  5 k y p v p . g g
advertising	visit bedwars.pro
advertising	visit bedwars,pro
advertising	visit bedwars_pro
advertising	visit bedwars'pro
advertising	visit bedwars*pro
advertising	visit bedwarspro
advertising	visit bedwars pro
advertising	visit bedwars(dot)pro
advertising	v1517 b3dw4r5.pr0
advertising	v i s i t  b e d w a r s . p r o
advertising	visit bеdwаrs.prο
advertising	VISIT BEDWARS.PRO
advertising	ViSiT bEdWaRs.PrO
advertising	viiisit beeedwars.pro
advertising	visit bedwars-pro
advertising	visit bedwars;pro
advertising	visit bedwars~pro
advertising	visit bedwars.pro vis
advertising	vst bdwrs.pro
advertising	vvissitt bbeddwwarrss.pprro
advertising	visit.!.bedwars.pro
advertising	bedwars.pro visit
advertising	v1517 b3dw4r5 pr0
advertising	ViSiT bEdWaRsPrO
advertising	v 1 5 1 7  b 3 d w 4 r 5 . p r 0
advertising	visit anarchy.ml
advertising	visit anarchy,ml
advertising	visit anarchy_ml
advertising	visit anarchy'ml
advertising	visit anarchy*ml
advertising	visit anarchyml
advertising	visit anarchy ml
advertising	visit anarchy(dot)ml
advertising	v1517 4n4rchy.ml
advertising	v i s i t  a n a r c h y . m l
advertising	visit аnаrchy.mI
advertising	VISIT ANARCHY.ML
advertising	ViSiT aNaRcHy.Ml
advertising	viiisit aaanarchy.ml
advertising	visit anarchy-ml
advertising	visit anarchy;ml
advertising	visit anarchy~ml
advertising	visit anarchy.ml vis
advertising	vst anrchy.ml
advertising	vvissitt annarrcchhyy.mmll
advertising	visit.!.anarchy.ml
advertising	anarchy.ml visit
advertising	v1517 4n4rchy ml
advertising	v1517 4n4rchy.mI
advertising	ViSiT aNaRcHyMl
advertising	v 1 5 1 7  4 n 4 r c h y . m l
advertising	visit smp.tk
advertising	visit smp,tk
advertising	visit smp_tk
advertising	visit smp'tk
advertising	visit smp*tk
advertising	visit smptk
advertising	visit smp tk
advertising	visit smp(dot)tk
advertising	v1517 5mp.7k
advertising	v i s i t  s m p . t k
advertising	VISIT SMP.TK
advertising	ViSiT sMp.Tk
advertising	viiisit smp.tk
advertising	visit smp-tk
advertising	visit smp;tk
advertising	visit smp~tk
advertising	visit smp.tk vis
advertising	vst smp.tk
advertising	vvissitt ssmmpp.ttkk
advertising	visit.!.smp.tk
advertising	smp.tk visit
advertising	v1517 5mp 7k
advertising	ViSiT sMpTk
advertising	v 1 5 1 7  5 m p . 7 k
advertising	visit creativecraft.com
advertising	visit creativecraft,com
advertising	visit creativecraft_com
advertising	visit creativecraft'com
advertising	visit creativecraft*com
advertising	visit creativecraftcom
advertising	visit creativecraft com
advertising	visit creativecraft(dot)com
advertising	v1517 cr3471v3cr4f7.c0m
advertising	v i s i t  c r e a t i v e c r a f t . c o m
advertising	visit crеаtivеcrаft.cοm
advertising	VISIT CREATIVECRAFT.COM
advertising	ViSiT cReAtIvEcRaFt.CoM
advertising	viiisit creeeativecraft.com
advertising	visit creativecraft-com
advertising	visit creativecraft;com
advertising	visit creativecraft~com
advertising	visit creativecraft.com vis
advertising	vst crtvcrft.cm
advertising	vvissitt ccrreattivveccrrafftt.ccomm
advertising	visit.!.creativecraft.com
advertising	creativecraft.com visit
advertising	v1517 cr3471v3cr4f7 c0m
advertising	ViSiT cReAtIvEcRaFtCoM
advertising	v 1 5 1 7  c r 3 4 7 1 v 3 c r 4 f 7 . c 0 m
advertising	visit dragonmc.net
advertising	visit dragonmc,net
advertising	visit dragonmc_net
advertising	visit dragonmc'net
advertising	visit dragonmc*net
advertising	visit dragonmcnet
advertising	visit dragonmc net
advertising	visit dragonmc(dot)net
advertising	v1517 dr4g0nmc.n37
advertising	v i s i t  d r a g o n m c . n e t
advertising	visit drаgοnmc.nеt
advertising	VISIT DRAGONMC.NET
advertising	ViSiT dRaGoNmC.nEt
advertising	viiisit draaagonmc.net
advertising	visit dragonmc-net
advertising	visit dragonmc;net
advertising	visit dragonmc~net
advertising	visit dragonmc.net vis
advertising	vst drgnmc.nt
advertising	vvissitt ddrraggonnmmcc.nnett
advertising	visit.!.dragonmc.net
advertising	dragonmc.net visit
advertising	v1517 dr4g0nmc n37
advertising	ViSiT dRaGoNmCnEt
advertising	v 1 5 1 7  d r 4 g 0 n m c . n 3 7
advertising	visit emeraldisle.org
advertising	visit emeraldisle,org
advertising	visit emeraldisle_org
advertising	visit emeraldisle'org
advertising	visit emeraldisle*org
advertising	visit emeraldisleorg
advertising	visit emeraldisle org
advertising	visit emeraldisle(dot)org
advertising	v1517 3m3r4ld15l3.0rg
advertising	v i s i t  e m e r a l d i s l e . o r g
advertising	visit еmеrаIdisIе.οrg
advertising	VISIT EMERALDISLE.ORG
advertising	ViSiT eMeRaLdIsLe.OrG
advertising	viiisit eeemeraldisle.org
advertising	visit emeraldisle-org
advertising	visit emeraldisle;org
advertising	visit emeraldisle~org
advertising	visit emeraldisle.org vis
advertising	vst emrldsl.rg
advertising	vvissitt emmerrallddisslle.orrgg
advertising	visit.!.emeraldisle.org
advertising	emeraldisle.org visit
advertising	v1517 3m3r4ld15l3 0rg
advertising	v1517 3m3r4Id15I3.0rg
advertising	ViSiT eMeRaLdIsLeOrG
advertising	v 1 5 1 7  3 m 3 r 4 l d 1 5 l 3 . 0 r g
advertising	visit foxcraft.gg
advertising	visit foxcraft,gg
advertising	visit foxcraft_gg
advertising	visit foxcraft'gg
advertising	visit foxcraft*gg
advertising	visit foxcraftgg
advertising	visit foxcraft gg
advertising	visit foxcraft(dot)gg
advertising	v1517 f0xcr4f7.gg
advertising	v i s i t  f o x c r a f t . g g
advertising	visit fοxcrаft.gg
advertising	VISIT FOXCRAFT.GG
advertising	ViSiT fOxCrAfT.gG
advertising	viiisit foooxcraft.gg
advertising	visit foxcraft-gg
advertising	visit foxcraft;gg
advertising	visit foxcraft~gg
advertising	visit foxcraft.gg vis
advertising	vst fxcrft.gg
advertising	vvissitt ffoxxccrrafftt.gggg
advertising	visit.!.foxcraft.gg
advertising	foxcraft.gg visit
advertising	v1517 f0xcr4f7 gg
advertising	ViSiT fOxCrAfTgG
advertising	v 1 5 1 7  f 0 x c r 4 f 7 . g g
advertising	visit goldrush.xyz
advertising	visit goldrush,xyz
advertising	visit goldrush_xyz
advertising	visit goldrush'xyz
advertising	visit goldrush*xyz
advertising	visit goldrushxyz
advertising	visit goldrush xyz
advertising	visit goldrush(dot)xyz
advertising	v1517 g0ldru5h.xyz
advertising	v i s i t  g o l d r u s h . x y z
advertising	visit gοIdrush.xyz
advertising	VISIT GOLDRUSH.XYZ
advertising	ViSiT gOlDrUsH.xYz
advertising	viiisit goooldrush.xyz
advertising	visit goldrush-xyz
advertising	visit goldrush;xyz
advertising	visit goldrush~xyz
advertising	visit goldrush.xyz vis
advertising	vst gldrsh.xyz
advertising	vvissitt ggollddrrusshh.xxyyzz
advertising	visit.!.goldrush.xyz
advertising	goldrush.xyz visit
advertising	v1517 g0ldru5h xyz
advertising	v1517 g0Idru5h.xyz
advertising	ViSiT gOlDrUsHxYz
advertising	v 1 5 1 7  g 0 l d r u 5 h . x y z
advertising	visit icecraft.ml
advertising	visit icecraft,ml
advertising	visit icecraft_ml
advertising	visit icecraft'ml
advertising	visit icecraft*ml
advertising	visit icecraftml
advertising	visit icecraft ml
advertising	visit icecraft(dot)ml
advertising	v1517 1c3cr4f7.ml
advertising	v i s i t  i c e c r a f t . m l
advertising	visit icеcrаft.mI
advertising	VISIT ICECRAFT.ML
advertising	ViSiT iCeCrAfT.mL
advertising	viiisit iiicecraft.ml
advertising	visit icecraft-ml
advertising	visit icecraft;ml
advertising	visit icecraft~ml
advertising	visit icecraft.ml vis
advertising	vst iccrft.ml
advertising	vvissitt icceccrrafftt.mmll
advertising	visit.!.icecraft.ml
advertising	icecraft.ml visit
advertising	v1517 1c3cr4f7 ml
advertising	v1517 1c3cr4f7.mI
advertising	ViSiT iCeCrAfTmL
advertising	v 1 5 1 7  1 c 3 c r 4 f 7 . m l
advertising	visit junglecraft.net
advertising	visit junglecraft,net
advertising	visit junglecraft_net
advertising	visit junglecraft'net
advertising	visit junglecraft*net
advertising	visit junglecraftnet
advertising	visit junglecraft net
advertising	visit junglecraft(dot)net
advertising	v1517 jungl3cr4f7.n37
advertising	v i s i t  j u n g l e c r a f t . n e t
advertising	visit jungIеcrаft.nеt
advertising	VISIT JUNGLECRAFT.NET
advertising	ViSiT jUnGlEcRaFt.NeT
advertising	viiisit juuunglecraft.net
advertising	visit junglecraft-net
advertising	visit junglecraft;net
advertising	visit junglecraft~net
advertising	visit junglecraft.net vis
advertising	vst jnglcrft.nt
advertising	vvissitt jjunngglleccrrafftt.nnett
advertising	visit.!.junglecraft.net
advertising	junglecraft.net visit
advertising	v1517 jungl3cr4f7 n37
advertising	v1517 jungI3cr4f7.n37
advertising	ViSiT jUnGlEcRaFtNeT
advertising	v 1 5 1 7  j u n g l 3 c r 4 f 7 . n 3 7
advertising	visit kingdoms.gg
advertising	visit kingdoms,gg
advertising	visit kingdoms_gg
advertising	visit kingdoms'gg
advertising	visit kingdoms*gg
advertising	visit kingdomsgg
advertising	visit kingdoms gg
advertising	visit kingdoms(dot)gg
advertising	v1517 k1ngd0m5.gg
advertising	v i s i t  k i n g d o m s . g g
advertising	visit kingdοms.gg
advertising	VISIT KINGDOMS.GG
advertising	ViSiT kInGdOmS.gG
advertising	viiisit kiiingdoms.gg
advertising	visit kingdoms-gg
advertising	visit kingdoms;gg
advertising	visit kingdoms~gg
advertising	visit kingdoms.gg vis
advertising	vst kngdms.gg
advertising	vvissitt kkinnggddommss.gggg
advertising	visit.!.kingdoms.gg
advertising	kingdoms.gg visit
advertising	v1517 k1ngd0m5 gg
advertising	ViSiT kInGdOmSgG
advertising	v 1 5 1 7  k 1 n g d 0 m 5 . g g
advertising	visit lunarmc.xyz
advertising	visit lunarmc,xyz
advertising	visit lunarmc_xyz
advertising	visit lunarmc'xyz
advertising	visit lunarmc*xyz
advertising	visit lunarmcxyz
advertising	visit lunarmc xyz
advertising	visit lunarmc(dot)xyz
advertising	v1517 lun4rmc.xyz
advertising	v i s i t  l u n a r m c . x y z
advertising	visit Iunаrmc.xyz
advertising	VISIT LUNARMC.XYZ
advertising	ViSiT lUnArMc.XyZ
advertising	viiisit luuunarmc.xyz
advertising	visit lunarmc-xyz
advertising	visit lunarmc;xyz
advertising	visit lunarmc~xyz
advertising	visit lunarmc.xyz vis
advertising	vst lnrmc.xyz
advertising	vvissitt llunnarrmmcc.xxyyzz
advertising	visit.!.lunarmc.xyz
advertising	lunarmc.xyz visit
advertising	v1517 lun4rmc xyz
advertising	v1517 Iun4rmc.xyz
advertising	ViSiT lUnArMcXyZ
advertising	v 1 5 1 7  l u n 4 r m c . x y z
advertising	visit nethermc.org
advertising	visit nethermc,org
advertising	visit nethermc_org
advertising	visit nethermc'org
advertising	visit nethermc*org
advertising	visit nethermcorg
advertising	visit nethermc org
advertising	visit nethermc(dot)org
advertising	v1517 n37h3rmc.0rg
advertising	v i s i t  n e t h e r m c . o r g
advertising	visit nеthеrmc.οrg
advertising	VISIT NETHERMC.ORG
advertising	ViSiT nEtHeRmC.oRg
advertising	viiisit neeethermc.org
advertising	visit nethermc-org
advertising	visit nethermc;org
advertising	visit nethermc~org
advertising	visit nethermc.org vis
advertising	vst nthrmc.rg
advertising	vvissitt nnetthherrmmcc.orrgg
advertising	visit.!.nethermc.org
advertising	nethermc.org visit
advertising	v1517 n37h3rmc 0rg
advertising	ViSiT nEtHeRmCoRg
advertising	v 1 5 1 7  n 3 7 h 3 r m c . 0 r g
advertising	pvp server examplecraft.net
advertising	pvp server examplecraft,net
advertising	pvp server examplecraft_net
advertising	pvp server examplecraft'net
advertising	pvp server examplecraft*net
advertising	pvp server examplecraftnet
advertising	pvp server examplecraft net
advertising	pvp server examplecraft(dot)net
advertising	pvp 53rv3r 3x4mpl3cr4f7.n37
advertising	p v p  s e r v e r  e x a m p l e c r a f t . n e t
advertising	pvp sеrvеr еxаmpIеcrаft.nеt
advertising	PVP SERVER EXAMPLECRAFT.NET
advertising	PvP sErVeR eXaMpLeCrAfT.nEt
advertising	pvp seeerver eeexamplecraft.net
advertising	pvp server examplecraft-net
advertising	pvp server examplecraft;net
advertising	pvp server examplecraft~net
advertising	pvp server examplecraft.net pvp
advertising	pvp srvr exmplcrft.nt
advertising	ppvvpp sserrvverr exxammpplleccrrafftt.nnett
advertising	pvp.!.server.!.examplecraft.net
advertising	examplecraft.net server pvp
advertising	pvp 53rv3r 3x4mpl3cr4f7 n37
advertising	pvp 53rv3r 3x4mpI3cr4f7.n37
advertising	PvP sErVeR eXaMpLeCrAfTnEt
advertising	p v p  5 3 r v 3 r  3 x 4 m p l 3 c r 4 f 7 . n 3 7
advertising	pvp server play.examplecraft.gg
advertising	pvp server play,examplecraft,gg
advertising	pvp server play_examplecraft_gg
advertising	pvp server play'examplecraft'gg
advertising	pvp server play*examplecraft*gg
advertising	pvp server playexamplecraftgg
advertising	pvp server play examplecraft gg
advertising	pvp server play(dot)examplecraft(dot)gg
advertising	pvp 53rv3r pl4y.3x4mpl3cr4f7.gg
advertising	p v p  s e r v e r  p l a y . e x a m p l e c r a f t . g g
advertising	pvp sеrvеr pIаy.еxаmpIеcrаft.gg
advertising	PVP SERVER PLAY.EXAMPLECRAFT.GG
advertising	PvP sErVeR pLaY.eXaMpLeCrAfT.gG
advertising	pvp seeerver plaaay.examplecraft.gg
advertising	pvp server play-examplecraft-gg
advertising	pvp server play;examplecraft;gg
advertising	pvp server play~examplecraft~gg
advertising	pvp server play.examplecraft.gg pvp
advertising	pvp srvr ply.xmplcrft.gg
advertising	ppvvpp sserrvverr ppllayy.exxammpplleccrrafftt.gggg
advertising	pvp.!.server.!.play.examplecraft.gg
advertising	play.examplecraft.gg server pvp
advertising	pvp 53rv3r pl4y 3x4mpl3cr4f7 gg
advertising	pvp 53rv3r pI4y.3x4mpI3cr4f7.gg
advertising	PvP sErVeR pLaYeXaMpLeCrAfTgG
advertising	p v p  5 3 r v 3 r  p l 4 y . 3 x 4 m p l 3 c r 4 f 7 . g g
advertising	pvp server mc123.org
advertising	pvp server mc123,org
advertising	pvp server mc123_org
advertising	pvp server mc123'org
advertising	pvp server mc123*org
advertising	pvp server mc123org
advertising	pvp server mc123 org
advertising	pvp server mc123(dot)org
advertising	pvp 53rv3r mc123.0rg
advertising	p v p  s e r v e r  m c 1 2 3 . o r g
advertising	pvp sеrvеr mc123.οrg
advertising	PVP SERVER MC123.ORG
advertising	PvP sErVeR mC123.oRg
advertising	pvp seeerver mc123.ooorg
advertising	pvp server mc123-org
advertising	pvp server mc123;org
advertising	pvp server mc123~org
advertising	pvp server mc123.org pvp
advertising	pvp srvr mc123.rg
advertising	ppvvpp sserrvverr mmcc123.orrgg
advertising	pvp.!.server.!.mc123.org
advertising	mc123.org server pvp
advertising	pvp 53rv3r mc123 0rg
advertising	PvP sErVeR mC123oRg
advertising	p v p  5 3 r v 3 r  m c 1 2 3 . 0 r g
advertising	pvp server coolpvp.xyz
advertising	pvp server coolpvp,xyz
advertising	pvp server coolpvp_xyz
advertising	pvp server coolpvp'xyz
advertising	pvp server coolpvp*xyz
advertising	pvp server coolpvpxyz
advertising	pvp server coolpvp xyz
advertising	pvp server coolpvp(dot)xyz
advertising	pvp 53rv3r c00lpvp.xyz
advertising	p v p  s e r v e r  c o o l p v p . x y z
advertising	pvp sеrvеr cοοIpvp.xyz
advertising	PVP SERVER COOLPVP.XYZ
advertising	PvP sErVeR cOoLpVp.XyZ
advertising	pvp seeerver coooolpvp.xyz
advertising	pvp server coolpvp-xyz
advertising	pvp server coolpvp;xyz
advertising	pvp server coolpvp~xyz
advertising	pvp server coolpvp.xyz pvp
advertising	pvp srvr clpvp.xyz
advertising	ppvvpp sserrvverr ccoollppvvpp.xxyyzz
advertising	pvp.!.server.!.coolpvp.xyz
advertising	coolpvp.xyz server pvp
advertising	pvp 53rv3r c00lpvp xyz
advertising	pvp 53rv3r c00Ipvp.xyz
advertising	PvP sErVeR cOoLpVpXyZ
advertising	p v p  5 3 r v 3 r  c 0 0 l p v p . x y z
advertising	pvp server funserver.com
advertising	pvp server funserver,com
advertising	pvp server funserver_com
advertising	pvp server funserver'com
advertising	pvp server funserver*com
advertising	pvp server funservercom
advertising	pvp server funserver com
advertising	pvp server funserver(dot)com
advertising	pvp 53rv3r fun53rv3r.c0m
advertising	p v p  s e r v e r  f u n s e r v e r . c o m
advertising	pvp sеrvеr funsеrvеr.cοm
advertising	PVP SERVER FUNSERVER.COM
advertising	PvP sErVeR fUnSeRvEr.CoM
advertising	pvp seeerver fuuunserver.com
advertising	pvp server funserver-com
advertising	pvp server funserver;com
advertising	pvp server funserver~com
advertising	pvp server funserver.com pvp
advertising	pvp srvr fnsrvr.cm
advertising	ppvvpp sserrvverr ffunnsserrvverr.ccomm
advertising	pvp.!.server.!.funserver.com
advertising	funserver.com server pvp
advertising	pvp 53rv3r fun53rv3r c0m
advertising	PvP sErVeR fUnSeRvErCoM
advertising	p v p  5 3 r v 3 r  f u n 5 3 r v 3 r . c 0 m
advertising	pvp server hypixelclone.net
advertising	pvp server hypixelclone,net
advertising	pvp server hypixelclone_net
advertising	pvp server hypixelclone'net
advertising	pvp server hypixelclone*net
advertising	pvp server hypixelclonenet
advertising	pvp server hypixelclone net
advertising	pvp server hypixelclone(dot)net
advertising	pvp 53rv3r hyp1x3lcl0n3.n37
advertising	p v p  s e r v e r  h y p i x e l c l o n e . n e t
advertising	pvp sеrvеr hypixеIcIοnе.nеt
advertising	PVP SERVER HYPIXELCLONE.NET
advertising	PvP sErVeR hYpIxElClOnE.nEt
advertising	pvp seeerver hypiiixelclone.net
advertising	pvp server hypixelclone-net
advertising	pvp server hypixelclone;net
advertising	pvp server hypixelclone~net
advertising	pvp server hypixelclone.net pvp
advertising	pvp srvr hypxlcln.nt
advertising	ppvvpp sserrvverr hhyyppixxellccllonne.nnett
advertising	pvp.!.server.!.hypixelclone.net
advertising	hypixelclone.net server pvp
advertising	pvp 53rv3r hyp1x3lcl0n3 n37
advertising	pvp 53rv3r hyp1x3IcI0n3.n37
advertising	PvP sErVeR hYpIxElClOnEnEt
advertising	p v p  5 3 r v 3 r  h y p 1 x 3 l c l 0 n 3 . n 3 7
advertising	pvp server pvpzone.gg
advertising	pvp server pvpzone,gg
advertising	pvp server pvpzone_gg
advertising	pvp server pvpzone'gg
advertising	pvp server pvpzone*gg
advertising	pvp server pvpzonegg
advertising	pvp server pvpzone gg
advertising	pvp server pvpzone(dot)gg
advertising	pvp 53rv3r pvpz0n3.gg
advertising	p v p  s e r v e r  p v p z o n e . g g
advertising	pvp sеrvеr pvpzοnе.gg
advertising	PVP SERVER PVPZONE.GG
advertising	PvP sErVeR pVpZoNe.Gg
advertising	pvp seeerver pvpzooone.gg
advertising	pvp server pvpzone-gg
advertising	pvp server pvpzone;gg
advertising	pvp server pvpzone~gg
advertising	pvp server pvpzone.gg pvp
advertising	pvp srvr pvpzn.gg
advertising	ppvvpp sserrvverr ppvvppzzonne.gggg
advertising	pvp.!.server.!.pvpzone.gg
advertising	pvpzone.gg server pvp
advertising	pvp 53rv3r pvpz0n3 gg
advertising	PvP sErVeR pVpZoNeGg
advertising	p v p  5 3 r v 3 r  p v p z 0 n 3 . g g
advertising	pvp server survivalcraft.org
advertising	pvp server survivalcraft,org
advertising	pvp server survivalcraft_org
advertising	pvp server survivalcraft'org
advertising	pvp server survivalcraft*org
advertising	pvp server survivalcraftorg
advertising	pvp server survivalcraft org
advertising	pvp server survivalcraft(dot)org
advertising	pvp 53rv3r 5urv1v4lcr4f7.0rg
advertising	p v p  s e r v e r  s u r v i v a l c r a f t . o r g
advertising	pvp sеrvеr survivаIcrаft.οrg
advertising	PVP SERVER SURVIVALCRAFT.ORG
advertising	PvP sErVeR sUrViVaLcRaFt.OrG
advertising	pvp seeerver suuurvivalcraft.org
advertising	pvp server survivalcraft-org
advertising	pvp server survivalcraft;org
advertising	pvp server survivalcraft~org
advertising	pvp server survivalcraft.org pvp
advertising	pvp srvr srvvlcrft.rg
advertising	ppvvpp sserrvverr ssurrvvivvallccrrafftt.orrgg
advertising	pvp.!.server.!.survivalcraft.org
advertising	survivalcraft.org server pvp
advertising	pvp 53rv3r 5urv1v4lcr4f7 0rg
advertising	pvp 53rv3r 5urv1v4Icr4f7.0rg
advertising	PvP sErVeR sUrViVaLcRaFtOrG
advertising	p v p  5 3 r v 3 r  5 u r v 1 v 4 l c r 4 f 7 . 0 r g
advertising	pvp server minescape.xyz
advertising	pvp server minescape,xyz
advertising	pvp server minescape_xyz
advertising	pvp server minescape'xyz
advertising	pvp server minescape*xyz
advertising	pvp server minescapexyz
advertising	pvp server minescape xyz
advertising	pvp server minescape(dot)xyz
advertising	pvp 53rv3r m1n35c4p3.xyz
advertising	p v p  s e r v e r  m i n e s c a p e . x y z
advertising	pvp sеrvеr minеscаpе.xyz
advertising	PVP SERVER MINESCAPE.XYZ
advertising	PvP sErVeR mInEsCaPe.XyZ
advertising	pvp seeerver miiinescape.xyz
advertising	pvp server minescape-xyz
advertising	pvp server minescape;xyz
advertising	pvp server minescape~xyz
advertising	pvp server minescape.xyz pvp
advertising	pvp srvr mnscp.xyz
advertising	ppvvpp sserrvverr mminnessccappe.xxyyzz
advertising	pvp.!.server.!.minescape.xyz
advertising	minescape.xyz server pvp
advertising	pvp 53rv3r m1n35c4p3 xyz
advertising	PvP sErVeR mInEsCaPeXyZ
advertising	p v p  5 3 r v 3 r  m 1 n 3 5 c 4 p 3 . x y z
advertising	pvp server craftkingdom.net
advertising	pvp server craftkingdom,net
advertising	pvp server craftkingdom_net
advertising	pvp server craftkingdom'net
advertising	pvp server craftkingdom*net
advertising	pvp server craftkingdomnet
advertising	pvp server craftkingdom net
advertising	pvp server craftkingdom(dot)net
advertising	pvp 53rv3r cr4f7k1ngd0m.n37
advertising	p v p  s e r v e r  c r a f t k i n g d o m . n e t
advertising	pvp sеrvеr crаftkingdοm.nеt
advertising	PVP SERVER CRAFTKINGDOM.NET
advertising	PvP sErVeR cRaFtKiNgDoM.nEt
advertising	pvp seeerver craaaftkingdom.net
advertising	pvp server craftkingdom-net
advertising	pvp server craftkingdom;net
advertising	pvp server craftkingdom~net
advertising	pvp server craftkingdom.net pvp
advertising	pvp srvr crftkngdm.nt
advertising	ppvvpp sserrvverr ccrraffttkkinnggddomm.nnett
advertising	pvp.!.server.!.craftkingdom.net
advertising	craftkingdom.net server pvp
advertising	pvp 53rv3r cr4f7k1ngd0m n37
advertising	PvP sErVeR cRaFtKiNgDoMnEt
advertising	p v p  5 3 r v 3 r  c r 4 f 7 k 1 n g d 0 m . n 3 7
advertising	pvp server skypvp.gg
advertising	pvp server skypvp,gg
advertising	pvp server skypvp_gg
advertising	pvp server skypvp'gg
advertising	pvp server skypvp*gg
advertising	pvp server skypvpgg
advertising	pvp server skypvp gg
advertising	pvp server skypvp(dot)gg
advertising	pvp 53rv3r 5kypvp.gg
advertising	p v p  s e r v e r  s k y p v p . g g
advertising	pvp sеrvеr skypvp.gg
advertising	PVP SERVER SKYPVP.GG
advertising	PvP sErVeR sKyPvP.gG
advertising	pvp seeerver skypvp.gg
advertising	pvp server skypvp-gg
advertising	pvp server skypvp;gg
advertising	pvp server skypvp~gg
advertising	pvp server skypvp.gg pvp
advertising	pvp srvr skypvp.gg
advertising	ppvvpp sserrvverr sskkyyppvvpp.gggg
advertising	pvp.!.server.!.skypvp.gg
advertising	skypvp.gg server pvp
advertising	pvp 53rv3r 5kypvp gg
advertising	PvP sErVeR sKyPvPgG
advertising	p v p  5 3 r v 3 r  5 k y p v p . g g
advertising	pvp server bedwars.pro
advertising	pvp server bedwars,pro
advertising	pvp server bedwars_pro
advertising	pvp server bedwars'pro
advertising	pvp server bedwars*pro
advertising	pvp server bedwarspro
advertising	pvp server bedwars pro
advertising	pvp server bedwars(dot)pro
advertising	pvp 53rv3r b3dw4r5.pr0
advertising	p v p  s e r v e r  b e d w a r s . p r o
advertising	pvp sеrvеr bеdwаrs.prο
advertising	PVP SERVER BEDWARS.PRO
advertising	PvP sErVeR bEdWaRs.PrO
advertising	pvp seeerver beeedwars.pro
advertising	pvp server bedwars-pro
advertising	pvp server bedwars;pro
advertising	pvp server bedwars~pro
advertising	pvp server bedwars.pro pvp
advertising	pvp srvr bdwrs.pro
advertising	ppvvpp sserrvverr bbeddwwarrss.pprro
advertising	pvp.!.server.!.bedwars.pro
advertising	bedwars.pro server pvp
advertising	pvp 53rv3r b3dw4r5 pr0
advertising	PvP sErVeR bEdWaRsPrO
advertising	p v p  5 3 r v 3 r  b 3 d w 4 r 5 . p r 0
advertising	pvp server anarchy.ml
advertising	pvp server anarchy,ml
advertising	pvp server anarchy_ml
advertising	pvp server anarchy'ml
advertising	pvp server anarchy*ml
advertising	pvp server anarchyml
advertising	pvp server anarchy ml
advertising	pvp server anarchy(dot)ml
advertising	pvp 53rv3r 4n4rchy.ml
advertising	p v p  s e r v e r  a n a r c h y . m l
advertising	pvp sеrvеr аnаrchy.mI
advertising	PVP SERVER ANARCHY.ML
advertising	PvP sErVeR aNaRcHy.Ml
advertising	pvp seeerver aaanarchy.ml
advertising	pvp server anarchy-ml
advertising	pvp server anarchy;ml
advertising	pvp server anarchy~ml
advertising	pvp server anarchy.ml pvp
advertising	pvp srvr anrchy.ml
advertising	ppvvpp sserrvverr annarrcchhyy.mmll
advertising	pvp.!.server.!.anarchy.ml
advertising	anarchy.ml server pvp
advertising	pvp 53rv3r 4n4rchy ml
advertising	pvp 53rv3r 4n4rchy.mI
advertising	PvP sErVeR aNaRcHyMl
advertising	p v p  5 3 r v 3 r  4 n 4 r c h y . m l
advertising	pvp server smp.tk
advertising	pvp server smp,tk
advertising	pvp server smp_tk
advertising	pvp server smp'tk
advertising	pvp server smp*tk
advertising	pvp server smptk
advertising	pvp server smp tk
advertising	pvp server smp(dot)tk
advertising	pvp 53rv3r 5mp.7k
advertising	p v p  s e r v e r  s m p . t k
advertising	pvp sеrvеr smp.tk
advertising	PVP SERVER SMP.TK
advertising	PvP sErVeR sMp.Tk
advertising	pvp seeerver smp.tk
advertising	pvp server smp-tk
advertising	pvp server smp;tk
advertising	pvp server smp~tk
advertising	pvp server smp.tk pvp
advertising	pvp srvr smp.tk
advertising	ppvvpp sserrvverr ssmmpp.ttkk
advertising	pvp.!.server.!.smp.tk
advertising	smp.tk server pvp
advertising	pvp 53rv3r 5mp 7k
advertising	PvP sErVeR sMpTk
advertising	p v p  5 3 r v 3 r  5 m p . 7 k
advertising	pvp server creativecraft.com
advertising	pvp server creativecraft,com
advertising	pvp server creativecraft_com
advertising	pvp server creativecraft'com
advertising	pvp server creativecraft*com
advertising	pvp server creativecraftcom
advertising	pvp server creativecraft com
advertising	pvp server creativecraft(dot)com
advertising	pvp 53rv3r cr3471v3cr4f7.c0m
advertising	p v p  s e r v e r  c r e a t i v e c r a f t . c o m
advertising	pvp sеrvеr crеаtivеcrаft.cοm
advertising	PVP SERVER CREATIVECRAFT.COM
advertising	PvP sErVeR cReAtIvEcRaFt.CoM
advertising	pvp seeerver creeeativecraft.com
advertising	pvp server creativecraft-com
advertising	pvp server creativecraft;com
advertising	pvp server creativecraft~com
advertising	pvp server creativecraft.com pvp
advertising	pvp srvr crtvcrft.cm
advertising	ppvvpp sserrvverr ccrreattivveccrrafftt.ccomm
advertising	pvp.!.server.!.creativecraft.com
advertising	creativecraft.com server pvp
advertising	pvp 53rv3r cr3471v3cr4f7 c0m
advertising	PvP sErVeR cReAtIvEcRaFtCoM
advertising	p v p  5 3 r v 3 r  c r 3 4 7 1 v 3 c r 4 f 7 . c 0 m
advertising	pvp server dragonmc.net
advertising	pvp server dragonmc,net
advertising	pvp server dragonmc_net
advertising	pvp server dragonmc'net
advertising	pvp server dragonmc*net
advertising	pvp server dragonmcnet
advertising	pvp server dragonmc net
advertising	pvp server dragonmc(dot)net
advertising	pvp 53rv3r dr4g0nmc.n37
advertising	p v p  s e r v e r  d r a g o n m c . n e t
advertising	pvp sеrvеr drаgοnmc.nеt
advertising	PVP SERVER DRAGONMC.NET
advertising	PvP sErVeR dRaGoNmC.nEt
advertising	pvp seeerver draaagonmc.net
advertising	pvp server dragonmc-net
advertising	pvp server dragonmc;net
advertising	pvp server dragonmc~net
advertising	pvp server dragonmc.net pvp
advertising	pvp srvr drgnmc.nt
advertising	ppvvpp sserrvverr ddrraggonnmmcc.nnett
advertising	pvp.!.server.!.dragonmc.net
advertising	dragonmc.net server pvp
advertising	pvp 53rv3r dr4g0nmc n37
advertising	PvP sErVeR dRaGoNmCnEt
advertising	p v p  5 3 r v 3 r  d r 4 g 0 n m c . n 3 7
advertising	pvp server emeraldisle.org
advertising	pvp server emeraldisle,org
advertising	pvp server emeraldisle_org
advertising	pvp server emeraldisle'org
advertising	pvp server emeraldisle*org
advertising	pvp server emeraldisleorg
advertising	pvp server emeraldisle org
advertising	pvp server emeraldisle(dot)org
advertising	pvp 53rv3r 3m3r4ld15l3.0rg
advertising	p v p  s e r v e r  e m e r a l d i s l e . o r g
advertising	pvp sеrvеr еmеrаIdisIе.οrg
advertising	PVP SERVER EMERALDISLE.ORG
advertising	PvP sErVeR eMeRaLdIsLe.OrG
advertising	pvp seeerver eeemeraldisle.org
advertising	pvp server emeraldisle-org
advertising	pvp server emeraldisle;org
advertising	pvp server emeraldisle~org
advertising	pvp server emeraldisle.org pvp
advertising	pvp srvr emrldsl.rg
advertising	ppvvpp sserrvverr emmerrallddisslle.orrgg
advertising	pvp.!.server.!.emeraldisle.org
advertising	emeraldisle.org server pvp
advertising	pvp 53rv3r 3m3r4ld15l3 0rg
advertising	pvp 53rv3r 3m3r4Id15I3.0rg
advertising	PvP sErVeR eMeRaLdIsLeOrG
advertising	p v p  5 3 r v 3 r  3 m 3 r 4 l d 1 5 l 3 . 0 r g
advertising	pvp server foxcraft.gg
advertising	pvp server foxcraft,gg
advertising	pvp server foxcraft_gg
advertising	pvp server foxcraft'gg
advertising	pvp server foxcraft*gg
advertising	pvp server foxcraftgg
advertising	pvp server foxcraft gg
advertising	pvp server foxcraft(dot)gg
advertising	pvp 53rv3r f0xcr4f7.gg
advertising	p v p  s e r v e r  f o x c r a f t . g g
advertising	pvp sеrvеr fοxcrаft.gg
advertising	PVP SERVER FOXCRAFT.GG
advertising	PvP sErVeR fOxCrAfT.gG
advertising	pvp seeerver foooxcraft.gg
advertising	pvp server foxcraft-gg
advertising	pvp server foxcraft;gg
advertising	pvp server foxcraft~gg
advertising	pvp server foxcraft.gg pvp
advertising	pvp srvr fxcrft.gg
advertising	ppvvpp sserrvverr ffoxxccrrafftt.gggg
advertising	pvp.!.server.!.foxcraft.gg
advertising	foxcraft.gg server pvp
advertising	pvp 53rv3r f0xcr4f7 gg
advertising	PvP sErVeR fOxCrAfTgG
advertising	p v p  5 3 r v 3 r  f 0 x c r 4 f 7 . g g
advertising	pvp server goldrush.xyz
advertising	pvp server goldrush,xyz
advertising	pvp server goldrush_xyz
advertising	pvp server goldrush'xyz
advertising	pvp server goldrush*xyz
advertising	pvp server goldrushxyz
advertising	pvp server goldrush xyz
advertising	pvp server goldrush(dot)xyz
advertising	pvp 53rv3r g0ldru5h.xyz
advertising	p v p  s e r v e r  g o l d r u s h . x y z
advertising	pvp sеrvеr gοIdrush.xyz
advertising	PVP SERVER GOLDRUSH.XYZ
advertising	PvP sErVeR gOlDrUsH.xYz
advertising	pvp seeerver goooldrush.xyz
advertising	pvp server goldrush-xyz
advertising	pvp server goldrush;xyz
advertising	pvp server goldrush~xyz
advertising	pvp server goldrush.xyz pvp
advertising	pvp srvr gldrsh.xyz
advertising	ppvvpp sserrvverr ggollddrrusshh.xxyyzz
advertising	pvp.!.server.!.goldrush.xyz
advertising	goldrush.xyz server pvp
advertising	pvp 53rv3r g0ldru5h xyz
advertising	pvp 53rv3r g0Idru5h.xyz
advertising	PvP sErVeR gOlDrUsHxYz
advertising	p v p  5 3 r v 3 r  g 0 l d r u 5 h . x y z
advertising	pvp server icecraft.ml
advertising	pvp server icecraft,ml
advertising	pvp server icecraft_ml
advertising	pvp server icecraft'ml
advertising	pvp server icecraft*ml
advertising	pvp server icecraftml
advertising	pvp server icecraft ml
advertising	pvp server icecraft(dot)ml
advertising	pvp 53rv3r 1c3cr4f7.ml
advertising	p v p  s e r v e r  i c e c r a f t . m l
advertising	pvp sеrvеr icеcrаft.mI
advertising	PVP SERVER ICECRAFT.ML
advertising	PvP sErVeR iCeCrAfT.mL
advertising	pvp seeerver iiicecraft.ml
advertising	pvp server icecraft-ml
advertising	pvp server icecraft;ml
advertising	pvp server icecraft~ml
advertising	pvp server icecraft.ml pvp
advertising	pvp srvr iccrft.ml
advertising	ppvvpp sserrvverr icceccrrafftt.mmll
advertising	pvp.!.server.!.icecraft.ml
advertising	icecraft.ml server pvp
advertising	pvp 53rv3r 1c3cr4f7 ml
advertising	pvp 53rv3r 1c3cr4f7.mI
advertising	PvP sErVeR iCeCrAfTmL
advertising	p v p  5 3 r v 3 r  1 c 3 c r 4 f 7 . m l
advertising	pvp server junglecraft.net
advertising	pvp server junglecraft,net
advertising	pvp server junglecraft_net
advertising	pvp server junglecraft'net
advertising	pvp server junglecraft*net
advertising	pvp server junglecraftnet
advertising	pvp server junglecraft net
advertising	pvp server junglecraft(dot)net
advertising	pvp 53rv3r jungl3cr4f7.n37
advertising	p v p  s e r v e r  j u n g l e c r a f t . n e t
advertising	pvp sеrvеr jungIеcrаft.nеt
advertising	PVP SERVER JUNGLECRAFT.NET
advertising	PvP sErVeR jUnGlEcRaFt.NeT
advertising	pvp seeerver juuunglecraft.net
advertising	pvp server junglecraft-net
advertising	pvp server junglecraft;net
advertising	pvp server junglecraft~net
advertising	pvp server junglecraft.net pvp
advertising	pvp srvr jnglcrft.nt
advertising	ppvvpp sserrvverr jjunngglleccrrafftt.nnett
advertising	pvp.!.server.!.junglecraft.net
advertising	junglecraft.net server pvp
advertising	pvp 53rv3r jungl3cr4f7 n37
advertising	pvp 53rv3r jungI3cr4f7.n37
advertising	PvP sErVeR jUnGlEcRaFtNeT
advertising	p v p  5 3 r v 3 r  j u n g l 3 c r 4 f 7 . n 3 7
advertising	pvp server kingdoms.gg
advertising	pvp server kingdoms,gg
advertising	pvp server kingdoms_gg
advertising	pvp server kingdoms'gg
advertising	pvp server kingdoms*gg
advertising	pvp server kingdomsgg
advertising	pvp server kingdoms gg
advertising	pvp server kingdoms(dot)gg
advertising	pvp 53rv3r k1ngd0m5.gg
advertising	p v p  s e r v e r  k i n g d o m s . g g
advertising	pvp sеrvеr kingdοms.gg
advertising	PVP SERVER KINGDOMS.GG
advertising	PvP sErVeR kInGdOmS.gG
advertising	pvp seeerver kiiingdoms.gg
advertising	pvp server kingdoms-gg
advertising	pvp server kingdoms;gg
advertising	pvp server kingdoms~gg
advertising	pvp server kingdoms.gg pvp
advertising	pvp srvr kngdms.gg
advertising	ppvvpp sserrvverr kkinnggddommss.gggg
advertising	pvp.!.server.!.kingdoms.gg
advertising	kingdoms.gg server pvp
advertising	pvp 53rv3r k1ngd0m5 gg
advertising	PvP sErVeR kInGdOmSgG
advertising	p v p  5 3 r v 3 r  k 1 n g d 0 m 5 . g g
advertising	pvp server lunarmc.xyz
advertising	pvp server lunarmc,xyz
advertising	pvp server lunarmc_xyz
advertising	pvp server lunarmc'xyz
advertising	pvp server lunarmc*xyz
advertising	pvp server lunarmcxyz
advertising	pvp server lunarmc xyz
advertising	pvp server lunarmc(dot)xyz
advertising	pvp 53rv3r lun4rmc.xyz
advertising	p v p  s e r v e r  l u n a r m c . x y z
advertising	pvp sеrvеr Iunаrmc.xyz
advertising	PVP SERVER LUNARMC.XYZ
advertising	PvP sErVeR lUnArMc.XyZ
advertising	pvp seeerver luuunarmc.xyz
advertising	pvp server lunarmc-xyz
advertising	pvp server lunarmc;xyz
advertising	pvp server lunarmc~xyz
advertising	pvp server lunarmc.xyz pvp
advertising	pvp srvr lnrmc.xyz
advertising	ppvvpp sserrvverr llunnarrmmcc.xxyyzz
advertising	pvp.!.server.!.lunarmc.xyz
advertising	lunarmc.xyz server pvp
advertising	pvp 53rv3r lun4rmc xyz
advertising	pvp 53rv3r Iun4rmc.xyz
advertising	PvP sErVeR lUnArMcXyZ
advertising	p v p  5 3 r v 3 r  l u n 4 r m c . x y z
advertising	pvp server nethermc.org
advertising	pvp server nethermc,org
advertising	pvp server nethermc_org
advertising	pvp server nethermc'org
advertising	pvp server nethermc*org
advertising	pvp server nethermcorg
advertising	pvp server nethermc org
advertising	pvp server nethermc(dot)org
advertising	pvp 53rv3r n37h3rmc.0rg
advertising	p v p  s e r v e r  n e t h e r m c . o r g
advertising	pvp sеrvеr nеthеrmc.οrg
advertising	PVP SERVER NETHERMC.ORG
advertising	PvP sErVeR nEtHeRmC.oRg
advertising	pvp seeerver neeethermc.org
advertising	pvp server nethermc-org
advertising	pvp server nethermc;org
advertising	pvp server nethermc~org
advertising	pvp server nethermc.org pvp
advertising	pvp srvr nthrmc.rg
advertising	ppvvpp sserrvverr nnetthherrmmcc.orrgg
advertising	pvp.!.server.!.nethermc.org
advertising	nethermc.org server pvp
advertising	pvp 53rv3r n37h3rmc 0rg
advertising	PvP sErVeR nEtHeRmCoRg
advertising	p v p  5 3 r v 3 r  n 3 7 h 3 r m c . 0 r g
advertising	discord.gg/comehere
advertising	discord,gg/comehere
advertising	discord_gg/comehere
advertising	discord'gg/comehere
advertising	discord*gg/comehere
advertising	discordgg/comehere
advertising	discord gg/comehere
advertising	discord(dot)gg/comehere
advertising	d15c0rd.gg/c0m3h3r3
advertising	d i s c o r d . g g / c o m e h e r e
advertising	discοrd.gg/cοmеhеrе
advertising	DISCORD.GG/COMEHERE
advertising	DiScOrD.gG/cOmEhErE
advertising	diiiscord.gg/comehere
advertising	discord-gg/comehere
advertising	discord;gg/comehere
advertising	discord~gg/comehere
advertising	discord.gg/comehere dis
advertising	dscrd.gg/cmhre
advertising	ddissccorrdd.gggg/ccommehherre
advertising	d15c0rd gg/c0m3h3r3
advertising	DiScOrDgG/cOmEhErE
advertising	d 1 5 c 0 r d . g g / c 0 m 3 h 3 r 3
advertising	discord.com/invite/comehere
advertising	discord,com/invite/comehere
advertising	discord_com/invite/comehere
advertising	discord'com/invite/comehere
advertising	discord*com/invite/comehere
advertising	discordcom/invite/comehere
advertising	discord com/invite/comehere
advertising	discord(dot)com/invite/comehere
advertising	d15c0rd.c0m/1nv173/c0m3h3r3
advertising	d i s c o r d . c o m / i n v i t e / c o m e h e r e
advertising	discοrd.cοm/invitе/cοmеhеrе
advertising	DISCORD.COM/INVITE/COMEHERE
advertising	DiScOrD.cOm/InViTe/CoMeHeRe
advertising	diiiscord.com/invite/comehere
advertising	discord-com/invite/comehere
advertising	discord;com/invite/comehere
advertising	discord~com/invite/comehere
advertising	discord.com/invite/comehere dis
advertising	dscrd.cm/nvt/cmhre
advertising	ddissccorrdd.ccomm/innvvitte/ccommehherre
advertising	d15c0rd c0m/1nv173/c0m3h3r3
advertising	DiScOrDcOm/InViTe/CoMeHeRe
advertising	d 1 5 c 0 r d . c 0 m / 1 n v 1 7 3 / c 0 m 3 h 3 r 3
advertising	join discord.gg/example
advertising	join discord,gg/example
advertising	join discord_gg/example
advertising	join discord'gg/example
advertising	join discord*gg/example
advertising	join discordgg/example
advertising	join discord gg/example
advertising	join discord(dot)gg/example
advertising	j01n d15c0rd.gg/3x4mpl3
advertising	j o i n  d i s c o r d . g g / e x a m p l e
advertising	jοin discοrd.gg/еxаmpIе
advertising	JOIN DISCORD.GG/EXAMPLE
advertising	JoIn DiScOrD.gG/eXaMpLe
advertising	joooin diiiscord.gg/example
advertising	join discord-gg/example
advertising	join discord;gg/example
advertising	join discord~gg/example
advertising	join discord.gg/example joi
advertising	join dscrd.gg/xmple
advertising	jjoinn ddissccorrdd.gggg/exxammpplle
advertising	join.!.discord.gg/example
advertising	discord.gg/example join
advertising	j01n d15c0rd gg/3x4mpl3
advertising	j01n d15c0rd.gg/3x4mpI3
advertising	JoIn DiScOrDgG/eXaMpLe
advertising	j 0 1 n  d 1 5 c 0 r d . g g / 3 x 4 m p l 3
advertising	discord.gg/example for free stuff
advertising	discord,gg/example for free stuff
advertising	discord_gg/example for free stuff
advertising	discord'gg/example for free stuff
advertising	discord*gg/example for free stuff
advertising	discordgg/example for free stuff
advertising	discord gg/example for free stuff
advertising	discord(dot)gg/example for free stuff
advertising	d15c0rd.gg/3x4mpl3 f0r fr33 57uff
advertising	d i s c o r d . g g / e x a m p l e  f o r  f r e e  s t u f f
advertising	discοrd.gg/еxаmpIе fοr frее stuff
advertising	DISCORD.GG/EXAMPLE FOR FREE STUFF
advertising	DiScOrD.gG/eXaMpLe FoR fReE sTuFf
advertising	diiiscord.gg/example fooor freeee stuuuff
advertising	discord-gg/example for free stuff
advertising	discord;gg/example for free stuff
advertising	discord~gg/example for free stuff
advertising	discord.gg/example for free stuff dis
advertising	dscrd.gg/xmple for free stff
advertising	ddissccorrdd.gggg/exxammpplle fforr ffrree ssttuffff
advertising	discord.gg/example.!.for.!.free.!.stuff
advertising	stuff free for discord.gg/example
advertising	d15c0rd gg/3x4mpl3 f0r fr33 57uff
advertising	d15c0rd.gg/3x4mpI3 f0r fr33 57uff
advertising	DiScOrDgG/eXaMpLe FoR fReE sTuFf
advertising	d 1 5 c 0 r d . g g / 3 x 4 m p l 3  f 0 r  f r 3 3  5 7 u f f
advertising	join our discord.gg/server
advertising	join our discord,gg/server
advertising	join our discord_gg/server
advertising	join our discord'gg/server
advertising	join our discord*gg/server
advertising	join our discordgg/server
advertising	join our discord gg/server
advertising	join our discord(dot)gg/server
advertising	j01n 0ur d15c0rd.gg/53rv3r
advertising	j o i n  o u r  d i s c o r d . g g / s e r v e r
advertising	jοin οur discοrd.gg/sеrvеr
advertising	JOIN OUR DISCORD.GG/SERVER
advertising	JoIn OuR dIsCoRd.Gg/SeRvEr
advertising	joooin ooour diiiscord.gg/server
advertising	join our discord-gg/server
advertising	join our discord;gg/server
advertising	join our discord~gg/server
advertising	join our discord.gg/server joi
advertising	join our dscrd.gg/srvr
advertising	jjoinn ourr ddissccorrdd.gggg/sserrvverr
advertising	join.!.our.!.discord.gg/server
advertising	discord.gg/server our join
advertising	j01n 0ur d15c0rd gg/53rv3r
advertising	JoIn OuR dIsCoRdGg/SeRvEr
advertising	j 0 1 n  0 u r  d 1 5 c 0 r d . g g / 5 3 r v 3 r
advertising	discord.gg/server now
advertising	discord,gg/server now
advertising	discord_gg/server now
advertising	discord'gg/server now
advertising	discord*gg/server now
advertising	discordgg/server now
advertising	discord gg/server now
advertising	discord(dot)gg/server now
advertising	d15c0rd.gg/53rv3r n0w
advertising	d i s c o r d . g g / s e r v e r  n o w
advertising	discοrd.gg/sеrvеr nοw
advertising	DISCORD.GG/SERVER NOW
advertising	DiScOrD.gG/sErVeR nOw
advertising	diiiscord.gg/server nooow
advertising	discord-gg/server now
advertising	discord;gg/server now
advertising	discord~gg/server now
advertising	discord.gg/server now dis
advertising	dscrd.gg/srvr now
advertising	ddissccorrdd.gggg/sserrvverr nnoww
advertising	discord.gg/server.!.now
advertising	now discord.gg/server
advertising	d15c0rd gg/53rv3r n0w
advertising	DiScOrDgG/sErVeR nOw
advertising	d 1 5 c 0 r d . g g / 5 3 r v 3 r  n 0 w
advertising	invite discord.gg/players
advertising	invite discord,gg/players
advertising	invite discord_gg/players
advertising	invite discord'gg/players
advertising	invite discord*gg/players
advertising	invite discordgg/players
advertising	invite discord gg/players
advertising	invite discord(dot)gg/players
advertising	1nv173 d15c0rd.gg/pl4y3r5
advertising	i n v i t e  d i s c o r d . g g / p l a y e r s
advertising	invitе discοrd.gg/pIаyеrs
advertising	INVITE DISCORD.GG/PLAYERS
advertising	InViTe DiScOrD.gG/pLaYeRs
advertising	iiinvite diiiscord.gg/players
advertising	invite discord-gg/players
advertising	invite discord;gg/players
advertising	invite discord~gg/players
advertising	invite discord.gg/players inv
advertising	invte dscrd.gg/plyrs
advertising	innvvitte ddissccorrdd.gggg/ppllayyerrss
advertising	invite.!.discord.gg/players
advertising	discord.gg/players invite
advertising	1nv173 d15c0rd gg/pl4y3r5
advertising	1nv173 d15c0rd.gg/pI4y3r5
advertising	InViTe DiScOrDgG/pLaYeRs
advertising	1 n v 1 7 3  d 1 5 c 0 r d . g g / p l 4 y 3 r 5
advertising	discord.com/invite/players
advertising	discord,com/invite/players
advertising	discord_com/invite/players
advertising	discord'com/invite/players
advertising	discord*com/invite/players
advertising	discordcom/invite/players
advertising	discord com/invite/players
advertising	discord(dot)com/invite/players
advertising	d15c0rd.c0m/1nv173/pl4y3r5
advertising	d i s c o r d . c o m / i n v i t e / p l a y e r s
advertising	discοrd.cοm/invitе/pIаyеrs
advertising	DISCORD.COM/INVITE/PLAYERS
advertising	DiScOrD.cOm/InViTe/PlAyErS
advertising	diiiscord.com/invite/players
advertising	discord-com/invite/players
advertising	discord;com/invite/players
advertising	discord~com/invite/players
advertising	discord.com/invite/players dis
advertising	dscrd.cm/nvt/plyrs
advertising	ddissccorrdd.ccomm/innvvitte/ppllayyerrss
advertising	d15c0rd c0m/1nv173/pl4y3r5
advertising	d15c0rd.c0m/1nv173/pI4y3r5
advertising	DiScOrDcOm/InViTe/PlAyErS
advertising	d 1 5 c 0 r d . c 0 m / 1 n v 1 7 3 / p l 4 y 3 r 5
advertising	discord.gg/community
advertising	discord,gg/community
advertising	discord_gg/community
advertising	discord'gg/community
advertising	discord*gg/community
advertising	discordgg/community
advertising	discord gg/community
advertising	discord(dot)gg/community
advertising	d15c0rd.gg/c0mmun17y
advertising	d i s c o r d . g g / c o m m u n i t y
advertising	discοrd.gg/cοmmunity
advertising	DISCORD.GG/COMMUNITY
advertising	DiScOrD.gG/cOmMuNiTy
advertising	diiiscord.gg/community
advertising	discord-gg/community
advertising	discord;gg/community
advertising	discord~gg/community
advertising	discord.gg/community dis
advertising	dscrd.gg/cmmnty
advertising	ddissccorrdd.gggg/ccommmmunnittyy
advertising	d15c0rd gg/c0mmun17y
advertising	DiScOrDgG/cOmMuNiTy
advertising	d 1 5 c 0 r d . g g / c 0 m m u n 1 7 y
advertising	discord.gg/community join now
advertising	discord,gg/community join now
advertising	discord_gg/community join now
advertising	discord'gg/community join now
advertising	discord*gg/community join now
advertising	discordgg/community join now
advertising	discord gg/community join now
advertising	discord(dot)gg/community join now
advertising	d15c0rd.gg/c0mmun17y j01n n0w
advertising	d i s c o r d . g g / c o m m u n i t y  j o i n  n o w
advertising	discοrd.gg/cοmmunity jοin nοw
advertising	DISCORD.GG/COMMUNITY JOIN NOW
advertising	DiScOrD.gG/cOmMuNiTy JoIn NoW
advertising	diiiscord.gg/community joooin nooow
advertising	discord-gg/community join now
advertising	discord;gg/community join now
advertising	discord~gg/community join now
advertising	discord.gg/community join now dis
advertising	dscrd.gg/cmmnty join now
advertising	ddissccorrdd.gggg/ccommmmunnittyy jjoinn nnoww
advertising	discord.gg/community.!.join.!.now
advertising	now join discord.gg/community
advertising	d15c0rd gg/c0mmun17y j01n n0w
advertising	DiScOrDgG/cOmMuNiTy JoIn NoW
advertising	d 1 5 c 0 r d . g g / c 0 m m u n 1 7 y  j 0 1 n  n 0 w
