advertising	check out anarchy.bradesco
advertising	funs3rv3r.pnc
clean	curseforge.enterprises is a bad website lol
advertising	pvp server minescape.live
clean	that image is from namemc.exchange
advertising	we moved to craftmoon.kim
clean	twitch.ferrari is not a minecraft site
advertising	everyone join pvpzone.weatherchannel
advertising	f0xcraft.team
clean	that image is from curseforge.christmas
advertising	try megasmp.garden
advertising	pvp server craftmoon.condos
advertising	craftk1ngd0m.pru
advertising	hop on survivalcraft.solutions
advertising	new server foxcraft.lincoln
advertising	best server is coolpvp.band
clean	the docs at modrinth.fresenius explain it
advertising	my server is survivalcraft.je
clean	someone linked wikipedia.swatch in a video
clean	i saw a thread on stackoverflow.shangrila
clean	the docs at planetminecraft.sport explain it
advertising	play on goldrush.dating
clean	i read it on twitch.archi
clean	check papermc.ong later
advertising	drag0nmc.mo
advertising	come to survivalcraft.zuerich
advertising	ip skymc.ke
advertising	mcs3rv3r.repair
clean	the wiki at pastebin.mma is old
advertising	try lunarmc.seven
advertising	my server is goldrush.finance
advertising	we moved to icecraft.republican
advertising	join megasmp.athleta
advertising	everyone join junglemc.fire
advertising	hop on lunarmc.helsinki
advertising	ip craftmoon.icu
advertising	check out mcserver.web
advertising	m3gasmp.cv
clean	i found the answer on fandom.hiphop
advertising	try icecraft.jprs
advertising	come to survivalcraft.talk
advertising	new server nethermc.shangrila
advertising	b3dwars.erni
clean	the mod is hosted on stackoverflow.bs
clean	the issue is tracked at github.nr
advertising	we moved to junglemc.ollo
advertising	pvpz0n3.associates
advertising	join mcserver.ferrari
advertising	everyone join megasmp.ly
advertising	come to mcserver.codes
advertising	server ip is bedwars.ieee
advertising	new server icecraft.army
advertising	come to foxcraft.pictet
advertising	craftm00n.got
advertising	pvp server foxcraft.army
advertising	play on icecraft.ford
advertising	looking for players at pvpzone.ikano
advertising	m1n3scap3.dhl
clean	someone linked imgur.now in a video
clean	papermc.anquan is a bad website lol
advertising	join icecraft.equipment
clean	youtube.ws loads slowly for me
advertising	pvpz0n3.pictet
advertising	best server is pvpzone.tc
advertising	b3stpvp.group
advertising	g0ldrush.gl
advertising	mcs3rv3r.sew
advertising	play on opcraft.cd
advertising	we moved to craftkingdom.run
advertising	visit craftkingdom.report
advertising	looking for players at foxcraft.dental
advertising	best server is pvpzone.courses
advertising	join goldrush.cymru
clean	that image is from papermc.media
advertising	everyone join anarchy.play
advertising	pvp server pvpzone.fashion
clean	i read it on namemc.website
advertising	funs3rv3r.li
advertising	check out icecraft.af
advertising	try icecraft.ht
advertising	check out coolpvp.sener
advertising	we moved to lunarmc.kerryproperties
advertising	we moved to coolpvp.lanxess
advertising	come to mcserver.zip
advertising	my server is megasmp.coupon
advertising	1c3craft.eat
advertising	c00lpvp.lego
clean	is twitch.vivo down for anyone else
advertising	l u n a r m c . c d
advertising	looking for players at playmc.kp
advertising	pvp server skymc.family
clean	fandom.dot is a bad website lol
advertising	server ip is opcraft.xbox
advertising	looking for players at coolpvp.am
advertising	check out minescape.teva
clean	i found the answer on reddit.mortgage
advertising	server ip is bestpvp.tt
advertising	m3gasmp.feedback
advertising	best server is icecraft.tmall
clean	i read it on papermc.jaguar
advertising	come play lunarmc.marriott
advertising	join bedwars.expert
advertising	everyone join dragonmc.directory
advertising	try minescape.observer
advertising	best server is coolpvp.dad
clean	the issue is tracked at steam.ismaili
advertising	visit dragonmc.okinawa
clean	is vimeo.protection down for anyone else
advertising	come play mcserver.lacaixa
clean	their blog modrinth.ps is interesting
advertising	everyone join icecraft.sr
advertising	3m3rald.intuit
advertising	new server dragonmc.bostik
advertising	pvp server junglemc.red
advertising	craftm00n.wine
advertising	my server is nethermc.club
advertising	we moved to survivalcraft.zuerich
advertising	1c3craft.zw
advertising	craftm00n.olayangroup
clean	google it or look at pastebin.gmx
clean	someone linked github.feedback in a video
advertising	come play bedwars.srl
advertising	check out foxcraft.cbre
clean	google it or look at imgur.photography
advertising	p l a y m c . l t d a
advertising	server ip is pvpzone.jobs
advertising	join minescape.nf
advertising	try craftkingdom.catholic
clean	the docs at curseforge.frontier explain it
advertising	come to emerald.za
advertising	0pcraft.hsbc
advertising	check out icecraft.art
advertising	we moved to opcraft.audible
advertising	try mcserver.town
advertising	free ranks at megasmp.jcb
clean	their blog youtube.clinique is interesting
advertising	check out pvpzone.jmp
advertising	we moved to survivalcraft.rwe
advertising	server ip is junglemc.sakura
clean	i read it on modrinth.auto
advertising	visit megasmp.pg
advertising	check out minescape.build
advertising	jungl3mc.cricket
clean	namemc.na is a bad website lol
advertising	come to mcserver.bayern
advertising	join coolpvp.christmas
advertising	best server is lunarmc.bf
advertising	come to skymc.wed
clean	check namemc.nyc later
advertising	l u n a r m c . y a c h t s
advertising	come to skymc.phone
clean	i read it on namemc.vi
clean	is reddit.club down for anyone else
advertising	come to playmc.mit
clean	the changelog is at wikipedia.int
advertising	f0xcraft.tr
advertising	c00lpvp.luxury
advertising	we moved to emerald.trading
advertising	g0ldrush.gold
advertising	pvp server goldrush.salon
clean	the mod is hosted on curseforge.cafe
clean	i found the answer on curseforge.gf
advertising	visit craftmoon.moi
advertising	everyone join anarchy.az
advertising	free ranks at playmc.realty
advertising	pvpz0n3.target
advertising	try icecraft.one
clean	the mod is hosted on papermc.ong
clean	that image is from medium.group
advertising	3m3rald.education
advertising	come play lunarmc.tunes
advertising	hop on playmc.computer
advertising	everyone join foxcraft.reit
clean	modrinth.bloomberg loads slowly for me
advertising	everyone join skymc.aarp
advertising	try craftmoon.bike
advertising	s k y m c . c l e a n i n g
advertising	my server is dragonmc.ke
clean	someone linked pastebin.tr in a video
advertising	m3gasmp.nfl
advertising	come play junglemc.gi
advertising	m3gasmp.citic
clean	i read it on modrinth.nagoya
advertising	join lunarmc.juegos
advertising	b3stpvp.statebank
advertising	looking for players at mcserver.cat
clean	the docs at pastebin.sexy explain it
advertising	play on emerald.uy
advertising	m1n3scap3.gy
advertising	everyone join bestpvp.menu
advertising	new server survivalcraft.mitsubishi
advertising	1c3craft.py
clean	medium.aero is not a minecraft site
advertising	visit nethermc.bbc
clean	the wiki at imgur.uol is old
advertising	best server is anarchy.click
advertising	come play craftkingdom.no
advertising	come to junglemc.sydney
advertising	best server is bestpvp.vision
advertising	best server is dragonmc.cards
advertising	join funserver.bmw
advertising	new server icecraft.ping
clean	the wiki at youtube.samsclub is old
advertising	ip megasmp.docs
advertising	free ranks at craftmoon.aetna
clean	i found the answer on wikipedia.yahoo
advertising	funs3rv3r.tax
advertising	server ip is bedwars.house
advertising	hop on skymc.pr
clean	papermc.kuokgroup loads slowly for me
advertising	pvp server craftmoon.mil
advertising	craftm00n.discover
clean	the wiki at reddit.windows is old
advertising	come play pvpzone.sv
advertising	try opcraft.ax
advertising	server ip is survivalcraft.ao
clean	the mod is hosted on planetminecraft.travelersinsurance
advertising	looking for players at bestpvp.firestone
advertising	c00lpvp.mango
advertising	hop on lunarmc.yachts
clean	the docs at wikipedia.viking explain it
advertising	check out junglemc.lasalle
clean	vimeo.bbva is not a minecraft site
advertising	join mcserver.bosch
advertising	mcs3rv3r.ist
clean	the docs at github.ceo explain it
advertising	1c3craft.wow
clean	stackoverflow.rest is a bad website lol
advertising	free ranks at icecraft.cyou
advertising	craftk1ngd0m.circle
advertising	come play survivalcraft.ma
advertising	server ip is anarchy.flowers
advertising	come to funserver.tax
advertising	my server is mcserver.management
clean	their blog youtube.abbott is interesting
clean	is reddit.compare down for anyone else
advertising	come to craftkingdom.pn
clean	is stackoverflow.bt down for anyone else
clean	i found the answer on fandom.mv
clean	google it or look at youtube.amsterdam
advertising	c00lpvp.amex
advertising	check out bestpvp.za
advertising	server ip is emerald.uz
advertising	hop on funserver.training
advertising	check out mcserver.loan
advertising	m1n3scap3.goodyear
advertising	come to emerald.grocery
advertising	m1n3scap3.meet
advertising	looking for players at opcraft.bargains
clean	is wikipedia.mp down for anyone else
advertising	visit junglemc.gucci
advertising	pvp server pvpzone.my
advertising	play on playmc.abc
advertising	my server is opcraft.lv
advertising	everyone join minescape.onl
advertising	hop on mcserver.attorney
advertising	join pvpzone.best
clean	i read it on github.sony
clean	vimeo.allstate is a bad website lol
advertising	best server is craftmoon.wme
clean	the issue is tracked at planetminecraft.cfd
advertising	mcs3rv3r.shopping
advertising	we moved to junglemc.today
advertising	surv1valcraft.market
advertising	everyone join skymc.ph
clean	that vimeo.fail tutorial helped
clean	their blog medium.sz is interesting
advertising	pvp server bestpvp.ismaili
advertising	come to dragonmc.school
advertising	come to foxcraft.olayangroup
advertising	ip pvpzone.jmp
advertising	visit bestpvp.seat
clean	that medium.jot tutorial helped
advertising	my server is playmc.pictures
clean	the changelog is at youtube.py
advertising	new server icecraft.gmx
advertising	new server craftmoon.sa
advertising	everyone join playmc.lplfinancial
advertising	server ip is emerald.dupont
clean	someone linked spigotmc.voyage in a video
clean	google it or look at papermc.guitars
advertising	my server is emerald.bharti
clean	google it or look at fandom.ae
advertising	everyone join craftkingdom.gal
clean	the changelog is at vimeo.hot
advertising	best server is mcserver.latino
advertising	3m3rald.dds
advertising	pvp server bestpvp.tl
clean	i saw a thread on wikipedia.vn
advertising	come to minescape.dish
clean	i found the answer on reddit.space
clean	the changelog is at fandom.ar
clean	check fandom.allfinanz later
advertising	my server is bedwars.space
clean	modrinth.map loads slowly for me
clean	i found the answer on github.supplies
clean	the changelog is at wikipedia.international
advertising	we moved to mcserver.guide
advertising	funs3rv3r.gap
advertising	best server is bestpvp.vet
advertising	we moved to coolpvp.locus
clean	the mod is hosted on pastebin.redumbrella
advertising	pvp server mcserver.anquan
advertising	join minescape.storage
advertising	everyone join craftkingdom.motorcycles
clean	vimeo.hisamitsu loads slowly for me
advertising	surv1valcraft.si
clean	i read it on stackoverflow.deloitte
advertising	n3th3rmc.ntt
advertising	come to pvpzone.ipiranga
advertising	join mcserver.top
advertising	check out bedwars.systems
advertising	pvp server goldrush.domains
advertising	check out funserver.tennis
advertising	visit skymc.directory
advertising	mcs3rv3r.yahoo
clean	the wiki at wikipedia.ki is old
advertising	my server is emerald.bg
clean	the wiki at wikipedia.community is old
advertising	hop on craftmoon.fujitsu
advertising	looking for players at bestpvp.group
advertising	best server is coolpvp.gratis
clean	the changelog is at modrinth.tt
advertising	everyone join pvpzone.ua
advertising	visit junglemc.fitness
advertising	try megasmp.sd
advertising	come to icecraft.jewelry
advertising	funs3rv3r.sm
advertising	come play coolpvp.tab
advertising	new server opcraft.bbva
advertising	looking for players at survivalcraft.surf
advertising	looking for players at anarchy.world
advertising	play on goldrush.builders
clean	the issue is tracked at namemc.deals
advertising	check out bestpvp.consulting
advertising	server ip is dragonmc.money
advertising	a n a r c h y . s m a r t
advertising	visit anarchy.tushu
advertising	1c3craft.express
advertising	new server junglemc.sydney
clean	their blog modrinth.lat is interesting
advertising	funs3rv3r.biz
advertising	come play playmc.computer
clean	their blog youtube.latino is interesting
advertising	try survivalcraft.eu
clean	someone linked twitch.baidu in a video
advertising	best server is icecraft.cl
advertising	new server minescape.autos
clean	the docs at stackoverflow.bcn explain it
clean	check vimeo.fr later
clean	i read it on youtube.ferrero
advertising	ip craftmoon.agakhan
advertising	mcs3rv3r.ls
clean	the issue is tracked at wikipedia.yun
advertising	we moved to coolpvp.loan
advertising	ip junglemc.mu
advertising	join goldrush.lc
clean	google it or look at medium.express
clean	i read it on spigotmc.exposed
advertising	pvp server craftmoon.show
advertising	free ranks at opcraft.ro
advertising	my server is pvpzone.frl
advertising	new server junglemc.like
advertising	surv1valcraft.dm
clean	i found the answer on namemc.tab
advertising	pvp server goldrush.lotto
advertising	try opcraft.tjx
advertising	ip bedwars.tires
advertising	hop on coolpvp.hdfc
advertising	join craftkingdom.report
advertising	play on megasmp.safety
clean	the mod is hosted on twitch.weather
advertising	everyone join lunarmc.fo
clean	the docs at stackoverflow.panasonic explain it
advertising	join craftmoon.hitachi
advertising	looking for players at mcserver.emerck
advertising	check out craftkingdom.healthcare
advertising	my server is pvpzone.supplies
clean	wikipedia.skin is a bad website lol
clean	i read it on medium.next
advertising	ip megasmp.bofa
advertising	free ranks at funserver.oracle
advertising	best server is craftkingdom.hu
advertising	a n a r c h y . d a t e
advertising	try playmc.mango
advertising	hop on emerald.za
advertising	come play bedwars.apple
advertising	come to junglemc.staples
advertising	best server is minescape.exposed
clean	fandom.team loads slowly for me
advertising	looking for players at megasmp.mom
advertising	visit minescape.pl
advertising	pvp server survivalcraft.rio
advertising	everyone join nethermc.ps
clean	the issue is tracked at planetminecraft.town
advertising	visit bedwars.nike
clean	the changelog is at github.ericsson
advertising	we moved to dragonmc.ally
clean	is wikipedia.sd down for anyone else
advertising	we moved to goldrush.deal
advertising	new server opcraft.zero
advertising	try emerald.furniture
clean	check spigotmc.voting later
advertising	we moved to craftkingdom.pe
clean	fandom.nissan is a bad website lol
advertising	ip foxcraft.cbn
advertising	come play skymc.marshalls
advertising	looking for players at dragonmc.ren
advertising	come play funserver.norton
advertising	play on survivalcraft.lundbeck
advertising	mcs3rv3r.vote
advertising	play on emerald.buzz
advertising	everyone join funserver.fi
advertising	pvp server skymc.ventures
advertising	hop on coolpvp.booking
advertising	come play opcraft.reisen
clean	their blog stackoverflow.gea is interesting
advertising	come to goldrush.you
advertising	looking for players at icecraft.vin
advertising	try bestpvp.contractors
advertising	try mcserver.physio
clean	i found the answer on planetminecraft.esq
clean	the changelog is at fandom.holiday
advertising	play on playmc.so
advertising	check out icecraft.gs
advertising	check out playmc.mx
advertising	funs3rv3r.box
clean	planetminecraft.esq is not a minecraft site
clean	that image is from planetminecraft.crown
advertising	looking for players at funserver.asia
advertising	new server megasmp.tkmaxx
advertising	b3stpvp.android
advertising	1c3craft.pf
advertising	come to anarchy.kerryhotels
advertising	we moved to lunarmc.tvs
advertising	join lunarmc.save
clean	the changelog is at steam.science
advertising	m3gasmp.sd
clean	fandom.mobile loads slowly for me
advertising	b3stpvp.za
clean	someone linked papermc.jaguar in a video
advertising	p l a y m c . l i f e i n s u r a n c e
advertising	join craftkingdom.contact
clean	medium.gdn is not a minecraft site
clean	check fandom.agency later
advertising	everyone join opcraft.firestone
advertising	we moved to dragonmc.pw
advertising	best server is nethermc.party
advertising	we moved to craftmoon.corsica
advertising	check out bedwars.ieee
advertising	looking for players at survivalcraft.weibo
advertising	we moved to survivalcraft.hamburg
advertising	everyone join goldrush.kids
advertising	pvp server goldrush.alipay
clean	is spigotmc.je down for anyone else
advertising	ip megasmp.vet
clean	i saw a thread on stackoverflow.wanggou
clean	their blog vimeo.protection is interesting
advertising	check out foxcraft.career
clean	is spigotmc.hm down for anyone else
clean	wikipedia.chat is a bad website lol
advertising	visit nethermc.xerox
clean	check vimeo.hr later
clean	imgur.tatamotors loads slowly for me
advertising	server ip is mcserver.barclaycard
advertising	my server is anarchy.su
clean	that papermc.save tutorial helped
advertising	hop on dragonmc.jetzt
advertising	f0xcraft.aw
advertising	n3th3rmc.church
advertising	we moved to pvpzone.fund
advertising	b3dwars.uno
advertising	drag0nmc.monash
advertising	free ranks at lunarmc.voyage
advertising	come to skymc.family
clean	i saw a thread on reddit.as
advertising	ip anarchy.date
clean	the mod is hosted on twitch.lego
advertising	server ip is opcraft.gmbh
clean	spigotmc.spot loads slowly for me
advertising	jungl3mc.travel
clean	someone linked modrinth.limo in a video
advertising	new server mcserver.support
advertising	join dragonmc.philips
clean	the issue is tracked at pastebin.ski
advertising	g0ldrush.talk
advertising	everyone join pvpzone.spa
advertising	m3gasmp.moe
clean	google it or look at papermc.lease
advertising	visit lunarmc.jetzt
advertising	hop on opcraft.weather
advertising	pvpz0n3.amfam
advertising	we moved to nethermc.bostik
clean	pastebin.zara is not a minecraft site
advertising	play on emerald.land
advertising	best server is pvpzone.weatherchannel
advertising	visit icecraft.engineer
clean	the docs at steam.infiniti explain it
advertising	looking for players at bedwars.delivery
advertising	join pvpzone.barcelona
advertising	join craftkingdom.pk
advertising	visit coolpvp.amex
clean	google it or look at github.er
advertising	join foxcraft.ws
advertising	play on dragonmc.lefrak
advertising	new server anarchy.desi
advertising	looking for players at minescape.live
advertising	hop on playmc.pink
clean	i saw a thread on twitch.amfam
advertising	come to icecraft.lifestyle
advertising	funs3rv3r.fo
clean	google it or look at pastebin.partners
advertising	p l a y m c . s a p
advertising	ip bedwars.wed
advertising	come to emerald.secure
advertising	try goldrush.shoes
clean	i found the answer on wikipedia.kerryproperties
advertising	free ranks at anarchy.events
clean	the wiki at fandom.singles is old
clean	reddit.cy is a bad website lol
advertising	my server is pvpzone.gmo
advertising	server ip is minescape.exposed
advertising	a n a r c h y . l e x u s
clean	their blog youtube.reise is interesting
clean	spigotmc.tiaa is a bad website lol
clean	i found the answer on papermc.guitars
advertising	looking for players at megasmp.wine
advertising	play on megasmp.mil
advertising	m1n3scap3.bs
advertising	free ranks at minescape.gy
advertising	new server icecraft.garden
advertising	new server pvpzone.amfam
advertising	come to junglemc.casino
advertising	hop on goldrush.security
advertising	new server goldrush.kitchen
advertising	try bedwars.racing
clean	youtube.university loads slowly for me
advertising	play on funserver.pics
advertising	free ranks at craftkingdom.cfa
advertising	come play nethermc.baseball
advertising	play on craftmoon.nz
advertising	we moved to lunarmc.koeln
advertising	try pvpzone.viking
advertising	b3dwars.sport
advertising	come play icecraft.amica
clean	that image is from steam.gn
advertising	best server is survivalcraft.bank
clean	that image is from reddit.xin
advertising	mcs3rv3r.dealer
clean	google it or look at twitch.ru
advertising	try craftmoon.lidl
advertising	come play megasmp.recipes
advertising	new server goldrush.deal
advertising	looking for players at survivalcraft.sl
advertising	come play survivalcraft.kyoto
advertising	free ranks at bestpvp.genting
clean	their blog reddit.cyou is interesting
advertising	a n a r c h y . e x t r a s p a c e
advertising	come to coolpvp.kyoto
advertising	everyone join pvpzone.target
clean	that twitch.mit tutorial helped
advertising	pvp server funserver.obi
clean	i found the answer on stackoverflow.lr
clean	i read it on imgur.emerck
advertising	best server is goldrush.immobilien
advertising	server ip is craftmoon.tf
clean	the mod is hosted on medium.ngo
clean	the changelog is at modrinth.williamhill
clean	google it or look at modrinth.zip
clean	is fandom.physio down for anyone else
clean	the wiki at medium.jm is old
advertising	we moved to funserver.wedding
advertising	looking for players at nethermc.country
advertising	play on junglemc.casino
advertising	hop on minescape.alibaba
advertising	server ip is minescape.hockey
advertising	g0ldrush.men
advertising	surv1valcraft.unicom
advertising	s k y m c . t r
clean	i saw a thread on modrinth.asia
advertising	f0xcraft.direct
advertising	we moved to funserver.horse
advertising	pvp server dragonmc.mo
advertising	try bedwars.stockholm
advertising	free ranks at minescape.blue
advertising	server ip is megasmp.rentals
advertising	everyone join goldrush.jcb
clean	the mod is hosted on wikipedia.yahoo
advertising	pvp server nethermc.limo
advertising	c00lpvp.museum
advertising	mcs3rv3r.bcn
clean	pastebin.va is not a minecraft site
advertising	check out funserver.boutique
advertising	try minescape.schmidt
advertising	join icecraft.trade
advertising	best server is anarchy.luxe
clean	someone linked youtube.moi in a video
advertising	new server anarchy.ci
advertising	check out funserver.radio
advertising	l u n a r m c . j u e g o s
advertising	best server is bestpvp.sony
advertising	3m3rald.ag
advertising	new server pvpzone.lifestyle
clean	the changelog is at curseforge.calvinklein
advertising	funs3rv3r.author
advertising	a n a r c h y . c i t a d e l
clean	someone linked youtube.blog in a video
advertising	we moved to coolpvp.estate
advertising	come play opcraft.photos
advertising	everyone join emerald.furniture
clean	the docs at steam.ai explain it
advertising	1c3craft.read
advertising	1c3craft.nf
advertising	n3th3rmc.gift
advertising	everyone join nethermc.nr
advertising	best server is playmc.esq
advertising	ip minescape.redumbrella
clean	that planetminecraft.philips tutorial helped
advertising	funs3rv3r.hosting
advertising	hop on emerald.reise
clean	is vimeo.mitsubishi down for anyone else
advertising	check out junglemc.lease
advertising	play on craftmoon.barefoot
advertising	new server icecraft.sandvik
advertising	free ranks at minescape.ms
advertising	new server bestpvp.menu
clean	that fandom.faith tutorial helped
advertising	surv1valcraft.horse
clean	that modrinth.discover tutorial helped
advertising	new server anarchy.hotels
advertising	play on coolpvp.airbus
advertising	hop on dragonmc.phone
advertising	pvp server funserver.bh
advertising	pvp server minescape.pars
advertising	pvp server lunarmc.tvs
clean	imgur.reit loads slowly for me
advertising	best server is goldrush.talk
advertising	hop on anarchy.mp
advertising	we moved to funserver.chrome
advertising	we moved to junglemc.security
advertising	n3th3rmc.mh
advertising	my server is pvpzone.courses
advertising	check out skymc.link
advertising	visit megasmp.osaka
advertising	my server is survivalcraft.bank
advertising	pvp server mcserver.dealer
advertising	hop on skymc.rocks
advertising	everyone join minescape.dev
clean	the issue is tracked at pastebin.whoswho
advertising	new server anarchy.barclays
advertising	pvpz0n3.asda
advertising	new server megasmp.schmidt
advertising	new server nethermc.gucci
advertising	my server is goldrush.book
advertising	n3th3rmc.shangrila
advertising	jungl3mc.smile
advertising	free ranks at nethermc.tips
clean	check stackoverflow.meme later
advertising	we moved to emerald.goog
advertising	pvp server mcserver.chanel
advertising	new server foxcraft.int
clean	the wiki at modrinth.caravan is old
clean	the changelog is at twitch.studio
advertising	check out bedwars.jnj
clean	the changelog is at pastebin.tube
advertising	p l a y m c . g i v i n g
clean	i read it on github.gh
advertising	new server junglemc.forsale
advertising	g0ldrush.center
advertising	come play skymc.kddi
advertising	come play icecraft.wow
advertising	my server is icecraft.jobs
clean	the docs at curseforge.miami explain it
advertising	server ip is goldrush.cipriani
advertising	funs3rv3r.cr
advertising	new server craftkingdom.hair
advertising	come to funserver.earth
advertising	server ip is playmc.icu
clean	planetminecraft.guge is not a minecraft site
clean	curseforge.gr is a bad website lol
advertising	try nethermc.bnpparibas
clean	steam.ismaili is a bad website lol
clean	check modrinth.olayan later
advertising	funs3rv3r.vn
advertising	new server anarchy.netbank
advertising	looking for players at skymc.si
advertising	join pvpzone.bible
clean	their blog imgur.hermes is interesting
advertising	best server is pvpzone.itv
clean	i found the answer on reddit.kr
advertising	we moved to mcserver.kr
advertising	new server bedwars.hiv
clean	google it or look at fandom.dk
advertising	try minescape.diet
clean	the changelog is at wikipedia.consulting
advertising	best server is megasmp.charity
clean	i read it on youtube.buzz
advertising	looking for players at goldrush.cisco
advertising	looking for players at icecraft.imdb
clean	i saw a thread on spigotmc.bio
advertising	come play playmc.hk
advertising	s k y m c . d e n t i s t
clean	that namemc.ye tutorial helped
advertising	jungl3mc.gi
advertising	looking for players at emerald.host
advertising	new server lunarmc.windows
clean	i found the answer on reddit.repair
advertising	free ranks at pvpzone.sx
advertising	play on nethermc.markets
advertising	looking for players at coolpvp.engineer
advertising	pvp server pvpzone.diamonds
advertising	free ranks at megasmp.de
advertising	pvp server nethermc.rest
clean	twitch.cars is a bad website lol
clean	someone linked reddit.channel in a video
advertising	play on junglemc.work
advertising	best server is junglemc.axa
advertising	we moved to emerald.lpl
advertising	come play megasmp.joburg
advertising	try megasmp.emerck
advertising	jungl3mc.dog
advertising	f0xcraft.hbo
advertising	visit playmc.sap
advertising	craftm00n.fail
advertising	join junglemc.cy
advertising	3m3rald.land
clean	fandom.moe is a bad website lol
clean	i saw a thread on namemc.godaddy
advertising	best server is goldrush.deal
advertising	looking for players at foxcraft.vanguard
advertising	server ip is emerald.ong
advertising	check out foxcraft.gm
advertising	m1n3scap3.sina
advertising	come to bedwars.kw
advertising	try icecraft.cw
advertising	hop on mcserver.ltda
advertising	server ip is mcserver.juniper
advertising	try icecraft.style
advertising	ip craftkingdom.exchange
advertising	come play lunarmc.broadway
advertising	everyone join opcraft.allfinanz
advertising	we moved to junglemc.love
advertising	ip bestpvp.cash
advertising	visit opcraft.makeup
advertising	new server junglemc.pink
clean	twitch.eat loads slowly for me
clean	that image is from modrinth.movie
clean	the mod is hosted on pastebin.rip
advertising	new server coolpvp.haus
advertising	we moved to foxcraft.exchange
advertising	check out pvpzone.finance
clean	youtube.gop is a bad website lol
clean	the docs at reddit.circle explain it
clean	youtube.abbvie loads slowly for me
advertising	n3th3rmc.ubank
clean	curseforge.do loads slowly for me
advertising	play on goldrush.cf
advertising	visit junglemc.wow
advertising	try anarchy.foo
advertising	pvp server lunarmc.temasek
advertising	c00lpvp.booking
clean	is papermc.bauhaus down for anyone else
advertising	try survivalcraft.tattoo
advertising	new server pvpzone.aws
advertising	ip mcserver.nyc
advertising	n3th3rmc.party
advertising	everyone join emerald.win
advertising	craftk1ngd0m.safe
advertising	check out bestpvp.sr
advertising	come to nethermc.media
clean	is pastebin.zara down for anyone else
advertising	come to survivalcraft.aarp
advertising	f0xcraft.comsec
advertising	looking for players at nethermc.soccer
advertising	server ip is dragonmc.dental
advertising	funs3rv3r.property
advertising	play on bedwars.coop
advertising	come to pvpzone.digital
advertising	ip craftmoon.mm
advertising	join survivalcraft.merckmsd
advertising	play on survivalcraft.sakura
advertising	visit craftmoon.whoswho
advertising	come play survivalcraft.ao
advertising	visit mcserver.bayern
advertising	we moved to coolpvp.bo
advertising	hop on icecraft.softbank
clean	the wiki at youtube.kyoto is old
advertising	0pcraft.zara
advertising	m1n3scap3.blog
advertising	play on craftmoon.progressive
advertising	try bestpvp.prudential
advertising	come to playmc.al
clean	medium.boutique is a bad website lol
advertising	check out mcserver.sncf
advertising	everyone join bestpvp.protection
advertising	f0xcraft.club
advertising	b3dwars.st
advertising	server ip is coolpvp.tci
advertising	looking for players at bedwars.paris
advertising	everyone join goldrush.creditunion
advertising	craftm00n.tf
clean	check medium.lilly later
advertising	looking for players at bestpvp.md
advertising	best server is megasmp.boston
advertising	ip survivalcraft.jo
clean	fandom.scholarships is a bad website lol
advertising	play on coolpvp.guru
advertising	pvp server emerald.srl
clean	i found the answer on steam.barcelona
advertising	come to pvpzone.fans
advertising	come play playmc.giving
advertising	a n a r c h y . u s
advertising	c00lpvp.ax
advertising	come to survivalcraft.gives
advertising	looking for players at bedwars.imamat
advertising	try bestpvp.la
advertising	server ip is goldrush.farmers
advertising	s k y m c . o m e g a
clean	i found the answer on pastebin.sandvik
clean	i saw a thread on modrinth.visa
advertising	new server pvpzone.cars
advertising	best server is pvpzone.tennis
advertising	ip megasmp.stcgroup
advertising	3m3rald.rodeo
clean	i saw a thread on twitch.brother
advertising	try dragonmc.channel
clean	the mod is hosted on medium.poker
advertising	visit playmc.mango
advertising	visit opcraft.lawyer
advertising	new server opcraft.hsbc
advertising	free ranks at bestpvp.consulting
advertising	visit coolpvp.viajes
advertising	join megasmp.book
advertising	best server is megasmp.football
clean	planetminecraft.youtube is not a minecraft site
clean	imgur.best loads slowly for me
clean	i found the answer on imgur.ups
clean	their blog steam.in is interesting
clean	that wikipedia.bz tutorial helped
clean	the wiki at pastebin.gg is old
advertising	best server is skymc.sx
advertising	craftk1ngd0m.be
advertising	try funserver.biz
advertising	p l a y m c . g i v i n g
advertising	my server is bedwars.re
advertising	m3gasmp.ing
advertising	everyone join skymc.is
advertising	new server foxcraft.tr
advertising	visit nethermc.ninja
advertising	visit megasmp.forsale
advertising	s k y m c . l o a n s
advertising	free ranks at icecraft.rehab
advertising	s k y m c . t i c k e t s
advertising	new server opcraft.adult
clean	is papermc.mtr down for anyone else
advertising	join skymc.ggee
advertising	new server icecraft.accenture
advertising	come play dragonmc.rs
clean	their blog curseforge.latrobe is interesting
advertising	c00lpvp.iq
advertising	we moved to minescape.pars
advertising	come play icecraft.statebank
advertising	everyone join emerald.ly
advertising	c00lpvp.bid
advertising	we moved to survivalcraft.ck
advertising	try icecraft.coupon
advertising	we moved to icecraft.zappos
advertising	my server is junglemc.sina
advertising	a n a r c h y . j e
advertising	everyone join lunarmc.capital
clean	the issue is tracked at reddit.eus
advertising	we moved to bedwars.bet
advertising	new server playmc.is
clean	the issue is tracked at imgur.sk
clean	i read it on planetminecraft.rs
advertising	free ranks at funserver.date
advertising	my server is craftmoon.nextdirect
advertising	we moved to bedwars.town
advertising	visit dragonmc.barefoot
advertising	pvp server funserver.toshiba
clean	i read it on imgur.imamat
advertising	come to lunarmc.broadway
advertising	join minescape.java
clean	their blog steam.corsica is interesting
advertising	looking for players at anarchy.ltd
advertising	visit survivalcraft.talk
advertising	come play goldrush.cn
advertising	visit opcraft.be
advertising	best server is bedwars.institute
advertising	play on icecraft.clothing
clean	is papermc.fan down for anyone else
clean	the changelog is at twitch.olayangroup
clean	i read it on steam.ke
clean	the issue is tracked at spigotmc.fedex
advertising	n3th3rmc.clubmed
advertising	g0ldrush.goog
advertising	pvp server mcserver.ru
advertising	check out anarchy.hyundai
advertising	hop on funserver.su
advertising	join pvpzone.mq
advertising	f0xcraft.fan
advertising	jungl3mc.aol
advertising	c00lpvp.page
advertising	g0ldrush.thd
advertising	looking for players at megasmp.pnc
advertising	ip bestpvp.tt
advertising	come play anarchy.cars
advertising	my server is opcraft.fan
clean	the mod is hosted on vimeo.systems
advertising	check out craftkingdom.accountant
advertising	hop on craftmoon.porn
advertising	drag0nmc.hiphop
advertising	l u n a r m c . i n t e r n a t i o n a l
clean	is twitch.cars down for anyone else
advertising	hop on craftkingdom.gw
advertising	pvp server mcserver.marketing
advertising	come to nethermc.country
advertising	pvpz0n3.clinic
advertising	join foxcraft.dj
clean	the docs at twitch.sarl explain it
advertising	play on bestpvp.boehringer
advertising	3m3rald.futbol
advertising	funs3rv3r.weber
clean	someone linked namemc.vi in a video
advertising	everyone join nethermc.abogado
advertising	we moved to survivalcraft.aarp
clean	papermc.bayern is a bad website lol
clean	that image is from fandom.room
advertising	pvpz0n3.ikano
advertising	join emerald.kids
advertising	best server is playmc.giving
advertising	come to craftkingdom.gw
advertising	join playmc.berlin
clean	the issue is tracked at youtube.seven
advertising	play on emerald.uz
clean	the docs at vimeo.properties explain it
advertising	try icecraft.cisco
advertising	best server is bestpvp.sr
advertising	come play junglemc.lr
advertising	we moved to bestpvp.pizza
advertising	visit icecraft.brother
advertising	we moved to nethermc.food
advertising	my server is craftkingdom.watches
clean	i saw a thread on stackoverflow.progressive
advertising	mcs3rv3r.ky
advertising	surv1valcraft.fire
advertising	craftm00n.safe
advertising	free ranks at emerald.ye
advertising	new server pvpzone.cf
advertising	mcs3rv3r.crown
advertising	hop on lunarmc.lu
advertising	play on minescape.nrw
advertising	come to megasmp.mtn
clean	their blog papermc.qa is interesting
advertising	try pvpzone.miami
advertising	ip pvpzone.target
advertising	new server emerald.group
clean	the issue is tracked at imgur.dell
advertising	we moved to goldrush.winners
advertising	looking for players at opcraft.zero
advertising	looking for players at goldrush.jcb
advertising	g0ldrush.fans
advertising	new server mcserver.ph
advertising	visit coolpvp.suzuki
advertising	pvpz0n3.jmp
advertising	come to minescape.mn
advertising	ip lunarmc.kitchen
advertising	0pcraft.gw
advertising	my server is craftmoon.leclerc
advertising	join goldrush.domains
advertising	looking for players at opcraft.xihuan
advertising	join junglemc.aol
clean	the issue is tracked at papermc.temasek
advertising	pvp server craftkingdom.sohu
clean	wikipedia.lifeinsurance is a bad website lol
advertising	everyone join nethermc.food
advertising	my server is playmc.foundation
clean	the docs at steam.obi explain it
advertising	0pcraft.search
advertising	1c3craft.vision
advertising	f0xcraft.ng
advertising	free ranks at funserver.bb
clean	the mod is hosted on youtube.hk
advertising	server ip is skymc.trading
advertising	we moved to bedwars.ki
advertising	come to lunarmc.cd
advertising	hop on mcserver.bms
clean	is curseforge.miami down for anyone else
advertising	funs3rv3r.asia
advertising	pvp server mcserver.hotels
advertising	check out funserver.sas
clean	i found the answer on steam.sina
advertising	my server is nethermc.mw
advertising	b3dwars.philips
advertising	hop on dragonmc.dev
advertising	come play pvpzone.alsace
advertising	free ranks at junglemc.axa
advertising	3m3rald.dupont
advertising	free ranks at survivalcraft.bosch
clean	the issue is tracked at wikipedia.bz
advertising	server ip is playmc.gm
advertising	ip nethermc.soccer
advertising	everyone join anarchy.date
advertising	server ip is lunarmc.codes
advertising	craftk1ngd0m.homedepot
clean	is medium.weir down for anyone else
advertising	pvp server junglemc.forsale
advertising	ip mcserver.latino
clean	i read it on imgur.accountants
advertising	free ranks at icecraft.zappos
advertising	craftk1ngd0m.schaeffler
advertising	best server is nethermc.africa
advertising	come play nethermc.samsclub
clean	the wiki at youtube.pnc is old
advertising	free ranks at skymc.trv
clean	modrinth.tc loads slowly for me
advertising	best server is craftmoon.vegas
advertising	we moved to craftmoon.airtel
clean	medium.group is a bad website lol
advertising	try dragonmc.it
advertising	pvp server playmc.bing
advertising	pvp server coolpvp.am
advertising	n3th3rmc.yandex
advertising	server ip is goldrush.actor
advertising	come play mcserver.bayern
advertising	ip bestpvp.vet
clean	their blog youtube.abb is interesting
advertising	play on playmc.sd
advertising	come to playmc.ericsson
advertising	hop on bedwars.barclaycard
clean	their blog modrinth.bm is interesting
advertising	ip pvpzone.toyota
advertising	hop on anarchy.krd
advertising	surv1valcraft.merck
advertising	play on dragonmc.blockbuster
clean	the docs at fandom.energy explain it
advertising	new server nethermc.green
clean	the wiki at planetminecraft.alsace is old
advertising	new server minescape.taobao
advertising	play on bedwars.cz
advertising	craftm00n.dhl
advertising	l u n a r m c . f o
advertising	we moved to lunarmc.nokia
advertising	p l a y m c . r i c h
advertising	1c3craft.hamburg
advertising	hop on pvpzone.fashion
advertising	everyone join emerald.ubs
advertising	b3dwars.town
advertising	try craftkingdom.business
advertising	we moved to craftmoon.bloomberg
clean	fandom.ril loads slowly for me
clean	their blog papermc.kp is interesting
advertising	ip coolpvp.company
advertising	ip emerald.delivery
advertising	hop on craftkingdom.nr
advertising	come play anarchy.author
advertising	3m3rald.insure
advertising	a n a r c h y . b r a d e s c o
advertising	we moved to mcserver.tn
clean	someone linked imgur.am in a video
advertising	join opcraft.zappos
advertising	new server funserver.box
advertising	join goldrush.thd
clean	google it or look at imgur.icbc
advertising	we moved to megasmp.mini
advertising	0pcraft.allfinanz
advertising	3m3rald.cba
clean	is fandom.food down for anyone else
clean	reddit.help loads slowly for me
clean	the mod is hosted on wikipedia.realtor
advertising	everyone join survivalcraft.ski
advertising	new server coolpvp.guru
advertising	everyone join craftkingdom.zone
advertising	visit goldrush.cn
advertising	drag0nmc.inc
advertising	check out lunarmc.calvinklein
advertising	a n a r c h y . f i d e l i t y
advertising	new server icecraft.bofa
advertising	come play skymc.la
advertising	come to craftmoon.ar
clean	curseforge.online is not a minecraft site
advertising	come to mcserver.tienda
advertising	looking for players at survivalcraft.si
advertising	0pcraft.productions
clean	their blog planetminecraft.pwc is interesting
clean	the docs at imgur.schaeffler explain it
advertising	my server is dragonmc.maison
advertising	we moved to skymc.globo
clean	the changelog is at curseforge.ro
advertising	c00lpvp.progressive
advertising	best server is goldrush.bw
clean	the mod is hosted on spigotmc.bradesco
clean	check github.sh later
clean	the mod is hosted on imgur.pk
clean	is steam.jo down for anyone else
advertising	ip craftkingdom.tiaa
clean	the docs at vimeo.fail explain it
advertising	we moved to skymc.dtv
advertising	best server is foxcraft.gent
advertising	try craftkingdom.cc
advertising	new server craftmoon.porn
advertising	new server pvpzone.associates
advertising	hop on coolpvp.rugby
advertising	my server is dragonmc.wedding
advertising	funs3rv3r.homedepot
advertising	b3stpvp.rio
advertising	l u n a r m c . p h o t o
clean	their blog imgur.safe is interesting
advertising	come play craftmoon.org
advertising	come play mcserver.ikano
advertising	new server playmc.clubmed
advertising	try bedwars.ril
clean	the wiki at curseforge.cafe is old
advertising	check out goldrush.grocery
advertising	we moved to megasmp.yokohama
advertising	free ranks at mcserver.bauhaus
advertising	check out minescape.dish
clean	the mod is hosted on fandom.lds
advertising	come play craftmoon.hotmail
advertising	1c3craft.sandvik
clean	planetminecraft.travelersinsurance loads slowly for me
advertising	s k y m c . e d u c a t i o n
advertising	drag0nmc.ftr
advertising	b3stpvp.ismaili
advertising	come play skymc.dentist
advertising	best server is icecraft.tui
advertising	try craftkingdom.pin
clean	the issue is tracked at modrinth.bi
advertising	free ranks at coolpvp.shell
advertising	p l a y m c . j o t
advertising	play on bestpvp.wanggou
clean	google it or look at namemc.itv
clean	the mod is hosted on papermc.creditcard
advertising	free ranks at coolpvp.amex
clean	the issue is tracked at curseforge.garden
advertising	craftk1ngd0m.ubank
advertising	join skymc.globo
advertising	join funserver.scot
advertising	new server craftkingdom.se
advertising	g0ldrush.vote
advertising	best server is dragonmc.pub
advertising	visit icecraft.one
advertising	play on emerald.tools
advertising	hop on bestpvp.ceo
advertising	best server is survivalcraft.auspost
advertising	surv1valcraft.university
advertising	come play minescape.sina
advertising	join bestpvp.limo
advertising	new server nethermc.science
advertising	free ranks at megasmp.sy
advertising	3m3rald.delivery
advertising	try junglemc.sanofi
advertising	join junglemc.monster
advertising	come play anarchy.ryukyu
advertising	c00lpvp.gov
advertising	try pvpzone.hdfcbank
advertising	1c3craft.lv
advertising	looking for players at mcserver.forex
advertising	my server is icecraft.azure
advertising	surv1valcraft.soy
advertising	come to nethermc.ninja
advertising	b3stpvp.cash
advertising	everyone join minescape.kia
advertising	hop on icecraft.gs
advertising	check out icecraft.army
clean	steam.fitness is not a minecraft site
advertising	come to goldrush.dealer
advertising	a n a r c h y . t o k y o
advertising	play on skymc.trading
advertising	visit craftmoon.lidl
clean	i saw a thread on stackoverflow.foundation
advertising	free ranks at funserver.epson
advertising	new server coolpvp.arte
advertising	hop on emerald.enterprises
advertising	try craftmoon.progressive
advertising	m3gasmp.live
clean	the changelog is at vimeo.scot
advertising	c00lpvp.engineer
advertising	come to mcserver.sncf
clean	is planetminecraft.tjmaxx down for anyone else
advertising	best server is craftkingdom.fyi
advertising	pvp server pvpzone.honda
advertising	everyone join funserver.property
clean	pastebin.webcam is not a minecraft site
advertising	play on bedwars.dish
advertising	pvp server minescape.onl
advertising	my server is survivalcraft.fire
advertising	craftm00n.media
advertising	looking for players at foxcraft.contact
advertising	come to dragonmc.ke
advertising	new server craftmoon.got
advertising	visit megasmp.walmart
clean	check twitch.guru later
advertising	funs3rv3r.radio
advertising	looking for players at playmc.graphics
clean	i saw a thread on github.domains
advertising	join icecraft.cn
advertising	join bedwars.mv
advertising	best server is coolpvp.mtr
advertising	pvpz0n3.promo
advertising	pvp server survivalcraft.pt
advertising	jungl3mc.hiv
advertising	best server is mcserver.singles
clean	the changelog is at twitch.plumbing
advertising	server ip is mcserver.crs
advertising	my server is megasmp.sd
advertising	funs3rv3r.cu
clean	that image is from vimeo.pics
advertising	server ip is icecraft.cafe
advertising	looking for players at pvpzone.am
advertising	play on mcserver.bridgestone
advertising	new server emerald.ong
advertising	come play foxcraft.cfd
advertising	s k y m c . t o y s
advertising	check out playmc.read
advertising	check out minescape.farm
advertising	try minescape.ms
advertising	we moved to dragonmc.website
advertising	visit craftmoon.aw
advertising	new server junglemc.pub
advertising	we moved to bestpvp.bv
advertising	come play skymc.ng
advertising	everyone join opcraft.audible
clean	the issue is tracked at github.epson
advertising	m1n3scap3.py
advertising	visit minescape.brussels
clean	that image is from steam.mattel
advertising	pvp server mcserver.loan
advertising	play on emerald.grocery
advertising	looking for players at minescape.dad
advertising	everyone join emerald.cpa
advertising	join anarchy.desi
clean	the changelog is at modrinth.tn
advertising	looking for players at anarchy.sa
advertising	looking for players at bestpvp.pizza
advertising	looking for players at bedwars.cz
advertising	join coolpvp.kpmg
advertising	join craftmoon.shia
advertising	my server is funserver.author
clean	the changelog is at modrinth.search
advertising	l u n a r m c . a i r f o r c e
advertising	come to playmc.travelersinsurance
advertising	come play craftkingdom.software
advertising	3m3rald.win
advertising	new server icecraft.americanfamily
advertising	server ip is funserver.booking
advertising	best server is pvpzone.ug
clean	the changelog is at papermc.film
advertising	come play dragonmc.kr
advertising	come play craftkingdom.lamborghini
advertising	f0xcraft.gallup
advertising	ip skymc.family
advertising	visit pvpzone.istanbul
advertising	hop on junglemc.merck
advertising	looking for players at bedwars.pioneer
clean	the mod is hosted on imgur.best
advertising	try minescape.gent
advertising	ip anarchy.wang
advertising	s k y m c . s k i
advertising	check out coolpvp.gea
advertising	craftm00n.joy
advertising	free ranks at craftmoon.press
advertising	my server is nethermc.nr
clean	the changelog is at modrinth.zip
clean	someone linked stackoverflow.ieee in a video
clean	twitch.menu is a bad website lol
advertising	join goldrush.tube
advertising	l u n a r m c . v i v a
advertising	play on megasmp.sandvikcoromant
advertising	server ip is funserver.boutique
advertising	pvp server lunarmc.search
advertising	hop on bestpvp.taobao
advertising	m1n3scap3.gent
advertising	free ranks at megasmp.sv
advertising	come play survivalcraft.pay
clean	google it or look at youtube.abbott
advertising	3m3rald.jll
advertising	come play survivalcraft.solutions
clean	reddit.pfizer loads slowly for me
advertising	come play skymc.viva
advertising	join funserver.as
advertising	drag0nmc.wedding
clean	someone linked wikipedia.tattoo in a video
advertising	play on survivalcraft.pt
advertising	surv1valcraft.ismaili
clean	the wiki at twitch.aeg is old
advertising	come to craftmoon.discover
advertising	n3th3rmc.bostik
advertising	m3gasmp.walmart
advertising	hop on skymc.case
advertising	pvp server megasmp.athleta
advertising	l u n a r m c . m r
advertising	come play opcraft.swiss
advertising	everyone join funserver.pics
advertising	try minescape.meet
clean	check planetminecraft.locker later
advertising	0pcraft.adult
advertising	visit skymc.bv
advertising	visit emerald.eu
clean	their blog steam.science is interesting
advertising	try craftkingdom.honda
advertising	we moved to funserver.nico
advertising	c00lpvp.yodobashi
advertising	ip funserver.construction
advertising	b3dwars.cal
clean	the docs at planetminecraft.grocery explain it
advertising	server ip is craftkingdom.docs
clean	their blog stackoverflow.fire is interesting
clean	i saw a thread on github.global
clean	google it or look at youtube.clinic
advertising	ip icecraft.eat
advertising	m3gasmp.osaka
clean	check twitch.td later
advertising	b3stpvp.nra
advertising	1c3craft.army
advertising	b3dwars.imamat
clean	the mod is hosted on youtube.osaka
advertising	free ranks at pvpzone.fans
advertising	pvp server anarchy.wang
advertising	pvp server icecraft.softbank
advertising	visit emerald.gu
advertising	come to megasmp.coupon
advertising	pvp server lunarmc.faith
advertising	m3gasmp.pccw
advertising	visit coolpvp.partners
advertising	join mcserver.walter
advertising	we moved to playmc.hk
advertising	f0xcraft.mz
advertising	mcs3rv3r.deal
advertising	play on goldrush.like
advertising	a n a r c h y . v i g
advertising	server ip is lunarmc.com
advertising	my server is goldrush.hisamitsu
clean	the docs at fandom.radio explain it
advertising	ip coolpvp.studio
clean	is planetminecraft.reviews down for anyone else
advertising	looking for players at bestpvp.prudential
clean	i read it on pastebin.gs
advertising	new server funserver.mitsubishi
advertising	server ip is bedwars.abb
clean	vimeo.hr is a bad website lol
advertising	come to lunarmc.fk
advertising	server ip is foxcraft.management
advertising	everyone join survivalcraft.mtn
advertising	drag0nmc.pars
advertising	try skymc.yamaxun
clean	someone linked github.netflix in a video
advertising	0pcraft.calvinklein
clean	is youtube.shouji down for anyone else
clean	the mod is hosted on twitch.song
advertising	come play opcraft.abudhabi
advertising	ip junglemc.fk
advertising	pvp server bestpvp.cy
advertising	play on bedwars.properties
clean	the wiki at curseforge.design is old
advertising	craftk1ngd0m.otsuka
advertising	new server pvpzone.fans
advertising	g0ldrush.salon
advertising	check out dragonmc.netbank
advertising	come play icecraft.tmall
advertising	pvpz0n3.cheap
advertising	best server is playmc.casa
advertising	mcs3rv3r.emerck
advertising	free ranks at goldrush.sy
advertising	m3gasmp.cloud
advertising	come to playmc.lds
advertising	b3dwars.news
advertising	come play skymc.gallery
advertising	funs3rv3r.bmw
advertising	visit foxcraft.kred
advertising	try emerald.lt
advertising	free ranks at lunarmc.camera
advertising	try bedwars.frogans
clean	is stackoverflow.fj down for anyone else
advertising	my server is dragonmc.omega
advertising	we moved to foxcraft.cbn
advertising	check out craftkingdom.panasonic
advertising	join craftmoon.aeg
advertising	best server is opcraft.kosher
advertising	m3gasmp.select
advertising	hop on pvpzone.cruise
advertising	check out bedwars.dish
advertising	we moved to bedwars.gh
advertising	join junglemc.volvo
advertising	server ip is junglemc.bzh
advertising	new server anarchy.nu
advertising	join dragonmc.sbs
advertising	pvp server nethermc.baseball
clean	the mod is hosted on youtube.pnc
advertising	everyone join dragonmc.rs
advertising	ip icecraft.meet
advertising	drag0nmc.trust
clean	is imgur.org down for anyone else
advertising	jungl3mc.mx
advertising	play on coolpvp.page
advertising	try mcserver.taipei
advertising	server ip is anarchy.tokyo
advertising	come play icecraft.vin
advertising	looking for players at goldrush.star
advertising	hop on foxcraft.supplies
clean	their blog papermc.sandvikcoromant is interesting
advertising	join craftmoon.barefoot
clean	is spigotmc.ec down for anyone else
clean	the mod is hosted on planetminecraft.web
advertising	check out opcraft.nissan
advertising	check out coolpvp.tattoo
clean	is spigotmc.th down for anyone else
advertising	hop on coolpvp.shell
clean	google it or look at stackoverflow.fire
clean	that pastebin.aig tutorial helped
advertising	hop on goldrush.rw
advertising	new server craftmoon.aw
advertising	everyone join minescape.gent
advertising	ip mcserver.top
advertising	c00lpvp.pharmacy
advertising	mcs3rv3r.ferrari
advertising	m1n3scap3.kaufen
advertising	m3gasmp.industries
advertising	try craftkingdom.to
clean	the docs at stackoverflow.vodka explain it
advertising	0pcraft.eus
clean	google it or look at steam.kred
clean	is vimeo.genting down for anyone else
advertising	mcs3rv3r.versicherung
advertising	hop on icecraft.amazon
advertising	everyone join foxcraft.durban
advertising	b3stpvp.archi
advertising	craftk1ngd0m.rip
clean	the issue is tracked at pastebin.pw
advertising	m3gasmp.imdb
clean	wikipedia.ist loads slowly for me
advertising	jungl3mc.lr
clean	modrinth.lat loads slowly for me
advertising	play on nethermc.science
advertising	check out mcserver.kz
advertising	server ip is icecraft.scholarships
advertising	new server bedwars.kh
clean	the wiki at twitch.gd is old
clean	someone linked fandom.gmbh in a video
advertising	come to goldrush.lotto
advertising	free ranks at nethermc.realtor
advertising	m3gasmp.rexroth
clean	imgur.kz is a bad website lol
advertising	play on icecraft.tmall
advertising	mcs3rv3r.barclaycard
clean	papermc.pizza is not a minecraft site
advertising	visit pvpzone.samsung
advertising	ip survivalcraft.farmers
advertising	everyone join foxcraft.onl
advertising	everyone join coolpvp.ai
advertising	try foxcraft.bj
advertising	p l a y m c . i o
clean	their blog pastebin.pohl is interesting
advertising	best server is minescape.haus
advertising	play on goldrush.tube
advertising	try craftkingdom.bb
advertising	new server goldrush.abogado
advertising	3m3rald.kred
advertising	looking for players at playmc.sucks
advertising	my server is playmc.casa
clean	their blog steam.seek is interesting
clean	steam.biz is not a minecraft site
advertising	try funserver.sn
clean	their blog fandom.schule is interesting
advertising	ip coolpvp.sling
clean	that reddit.organic tutorial helped
clean	the mod is hosted on planetminecraft.globo
advertising	come to icecraft.pohl
clean	the docs at steam.ricoh explain it
clean	planetminecraft.rocks loads slowly for me
advertising	visit bestpvp.dot
advertising	play on pvpzone.fashion
advertising	looking for players at coolpvp.vana
advertising	check out funserver.open
advertising	looking for players at pvpzone.kddi
advertising	g0ldrush.actor
clean	is stackoverflow.rest down for anyone else
advertising	we moved to skymc.hockey
clean	someone linked steam.ads in a video
clean	someone linked reddit.bot in a video
advertising	we moved to craftmoon.aetna
clean	the wiki at medium.jot is old
advertising	server ip is megasmp.games
advertising	server ip is minescape.nc
advertising	come play funserver.pnc
clean	twitch.hu is a bad website lol
advertising	pvp server craftmoon.hotmail
clean	imgur.cern loads slowly for me
clean	reddit.repair is not a minecraft site
advertising	try skymc.yt
advertising	everyone join craftmoon.wme
clean	the docs at papermc.engineer explain it
advertising	c00lpvp.gea
advertising	n3th3rmc.tips
clean	their blog spigotmc.gw is interesting
advertising	3m3rald.enterprises
advertising	free ranks at craftmoon.nextdirect
advertising	check out anarchy.je
advertising	everyone join lunarmc.football
advertising	jungl3mc.fairwinds
advertising	everyone join dragonmc.navy
advertising	m1n3scap3.kia
advertising	best server is skymc.tw
clean	that image is from github.boats
advertising	hop on emerald.computer
clean	the docs at stackoverflow.run explain it
advertising	pvp server foxcraft.exchange
advertising	free ranks at icecraft.fishing
advertising	everyone join foxcraft.college
advertising	pvp server lunarmc.bt
advertising	come to megasmp.pccw
advertising	everyone join nethermc.church
clean	that image is from spigotmc.spot
clean	check github.ping later
advertising	visit pvpzone.mq
advertising	ip coolpvp.gp
advertising	try bestpvp.yachts
advertising	come to craftmoon.orange
advertising	try survivalcraft.akdn
advertising	free ranks at icecraft.amica
clean	someone linked curseforge.ro in a video
advertising	my server is pvpzone.hsbc
advertising	we moved to pvpzone.host
advertising	everyone join foxcraft.int
advertising	check out nethermc.ren
advertising	try nethermc.realty
advertising	my server is dragonmc.dev
advertising	server ip is bedwars.tirol
advertising	m3gasmp.stcgroup
advertising	join bestpvp.group
advertising	best server is minescape.cfd
clean	fandom.de is a bad website lol
clean	check medium.aramco later
advertising	s k y m c . e p s o n
clean	i saw a thread on twitch.marriott
advertising	best server is nethermc.got
advertising	1c3craft.moto
advertising	join bestpvp.protection
clean	namemc.institute loads slowly for me
advertising	new server emerald.mw
advertising	pvp server junglemc.fairwinds
advertising	ip pvpzone.health
advertising	surv1valcraft.beats
clean	the issue is tracked at spigotmc.comsec
advertising	s k y m c . g l o b o
advertising	new server icecraft.nhk
advertising	b3stpvp.nyc
advertising	my server is megasmp.nec
advertising	visit lunarmc.viva
advertising	try opcraft.beer
advertising	come play dragonmc.mn
advertising	my server is nethermc.mh
advertising	m1n3scap3.brussels
advertising	check out lunarmc.camera
advertising	looking for players at pvpzone.hospital
advertising	my server is foxcraft.pn
advertising	new server foxcraft.tech
clean	the mod is hosted on medium.juniper
advertising	pvp server junglemc.tech
advertising	looking for players at emerald.bharti
advertising	come to emerald.lpl
clean	someone linked stackoverflow.gal in a video
clean	steam.llc loads slowly for me
advertising	everyone join lunarmc.vg
advertising	m1n3scap3.world
advertising	hop on emerald.pro
advertising	everyone join anarchy.hr
clean	the wiki at fandom.kiwi is old
advertising	n3th3rmc.realtor
advertising	pvpz0n3.hughes
advertising	come to opcraft.ifm
advertising	1c3craft.aero
advertising	ip craftkingdom.star
advertising	new server opcraft.sm
advertising	try craftkingdom.exchange
advertising	pvpz0n3.jnj
advertising	looking for players at junglemc.aquarelle
clean	that github.bd tutorial helped
clean	the docs at wikipedia.booking explain it
advertising	pvp server bestpvp.komatsu
advertising	everyone join minescape.gg
advertising	play on survivalcraft.ventures
advertising	looking for players at survivalcraft.fund
clean	i found the answer on fandom.moe
advertising	server ip is playmc.hdfc
advertising	pvp server bestpvp.capital
advertising	hop on playmc.tab
clean	their blog fandom.madrid is interesting
advertising	looking for players at goldrush.cn
advertising	ip bestpvp.mortgage
advertising	free ranks at opcraft.dot
advertising	new server bedwars.softbank
advertising	free ranks at funserver.sm
advertising	best server is anarchy.hyundai
advertising	n3th3rmc.ink
advertising	f0xcraft.ferrari
advertising	jungl3mc.lilly
advertising	come to nethermc.abogado
advertising	my server is emerald.tn
clean	github.er is not a minecraft site
advertising	play on craftkingdom.firmdale
advertising	my server is emerald.jeep
clean	the changelog is at planetminecraft.vegas
advertising	my server is craftkingdom.faith
clean	the changelog is at steam.living
advertising	check out opcraft.vip
advertising	everyone join survivalcraft.energy
advertising	free ranks at megasmp.fun
advertising	everyone join skymc.domains
advertising	server ip is megasmp.nico
advertising	3m3rald.beauty
advertising	looking for players at icecraft.landrover
advertising	pvp server dragonmc.do
advertising	pvp server bedwars.ae
advertising	new server megasmp.ps
advertising	we moved to craftmoon.nextdirect
advertising	come to minescape.next
advertising	come play skymc.dm
clean	i found the answer on papermc.bayern
advertising	try skymc.flights
clean	someone linked medium.walmart in a video
advertising	pvp server lunarmc.airforce
advertising	my server is icecraft.locker
advertising	server ip is playmc.zara
clean	check youtube.ikano later
advertising	looking for players at funserver.fi
advertising	server ip is opcraft.beer
advertising	jungl3mc.silk
advertising	join emerald.prof
advertising	surv1valcraft.ski
advertising	we moved to foxcraft.run
advertising	looking for players at nethermc.tickets
advertising	pvp server mcserver.energy
advertising	looking for players at funserver.radio
advertising	join pvpzone.jobs
advertising	free ranks at megasmp.hangout
clean	the docs at reddit.eurovision explain it
advertising	3m3rald.rich
clean	i found the answer on vimeo.education
clean	someone linked pastebin.name in a video
clean	youtube.beer is a bad website lol
advertising	everyone join icecraft.fishing
advertising	hop on bedwars.wiki
clean	i found the answer on wikipedia.baseball
advertising	play on funserver.kindle
advertising	jungl3mc.uk
clean	the changelog is at twitch.mil
advertising	come play foxcraft.dupont
clean	is wikipedia.onl down for anyone else
clean	the mod is hosted on vimeo.loan
advertising	play on bestpvp.yun
advertising	new server nethermc.mobile
advertising	visit bestpvp.rentals
advertising	hop on mcserver.aeg
advertising	try craftkingdom.sohu
clean	someone linked modrinth.rsvp in a video
advertising	my server is craftkingdom.app
advertising	looking for players at minescape.lotto
advertising	surv1valcraft.google
advertising	we moved to nethermc.eg
clean	the changelog is at planetminecraft.pt
advertising	pvpz0n3.mu
advertising	s k y m c . k d d i
advertising	funs3rv3r.box
advertising	ip craftkingdom.sh
advertising	my server is junglemc.loans
clean	the docs at imgur.taxi explain it
advertising	hop on skymc.report
advertising	ip foxcraft.today
clean	is wikipedia.viking down for anyone else
clean	the mod is hosted on fandom.barclays
advertising	ip funserver.uno
advertising	everyone join emerald.gl
clean	that stackoverflow.bs tutorial helped
advertising	my server is survivalcraft.energy
advertising	f0xcraft.bestbuy
clean	the issue is tracked at steam.cg
advertising	free ranks at junglemc.cam
clean	stackoverflow.gal is a bad website lol
clean	google it or look at youtube.hospital
clean	their blog github.honda is interesting
advertising	try coolpvp.marshalls
advertising	best server is craftmoon.locus
clean	curseforge.stcgroup loads slowly for me
advertising	s k y m c . p h o n e
advertising	try goldrush.gold
clean	that image is from steam.memorial
advertising	my server is emerald.ong
advertising	s k y m c . i s
advertising	server ip is foxcraft.gf
advertising	new server playmc.mx
clean	the issue is tracked at reddit.vu
advertising	pvp server goldrush.cuisinella
advertising	try junglemc.security
advertising	free ranks at icecraft.py
advertising	hop on coolpvp.mango
advertising	we moved to mcserver.zip
advertising	new server bedwars.sexy
advertising	everyone join anarchy.je
advertising	pvp server funserver.cbre
clean	google it or look at modrinth.firmdale
advertising	my server is dragonmc.ne
advertising	server ip is bedwars.cz
clean	the changelog is at planetminecraft.guge
advertising	pvpz0n3.vana
advertising	we moved to mcserver.hitachi
clean	i saw a thread on papermc.mobi
advertising	f0xcraft.pictet
advertising	check out funserver.blue
advertising	free ranks at opcraft.adult
advertising	best server is skymc.americanexpress
clean	google it or look at pastebin.bofa
clean	the mod is hosted on wikipedia.ve
advertising	my server is survivalcraft.gives
clean	that papermc.watch tutorial helped
clean	that image is from curseforge.sn
advertising	pvp server emerald.goog
advertising	free ranks at minescape.brussels
advertising	come play megasmp.pnc
advertising	come play emerald.dupont
advertising	c00lpvp.viajes
clean	is github.melbourne down for anyone else
clean	google it or look at modrinth.unicom
advertising	my server is pvpzone.godaddy
clean	youtube.nhk is a bad website lol
clean	is namemc.km down for anyone else
advertising	my server is pvpzone.bi
clean	i read it on twitch.ph
advertising	g0ldrush.lc
advertising	join icecraft.limited
advertising	b3stpvp.delta
advertising	everyone join pvpzone.tjx
advertising	everyone join anarchy.ooo
clean	the wiki at reddit.boehringer is old
advertising	check out pvpzone.vana
clean	their blog spigotmc.hm is interesting
advertising	free ranks at megasmp.pg
advertising	free ranks at goldrush.vi
clean	the issue is tracked at papermc.kp
advertising	come play emerald.lol
advertising	we moved to anarchy.viajes
advertising	craftm00n.cloud
advertising	try funserver.property
clean	the issue is tracked at vimeo.mk
advertising	try survivalcraft.aol
clean	i saw a thread on reddit.so
advertising	come to pvpzone.miami
advertising	try anarchy.lol
advertising	looking for players at craftmoon.lk
advertising	s k y m c . w e d
advertising	join playmc.bom
clean	their blog spigotmc.ax is interesting
advertising	hop on playmc.tokyo
advertising	craftk1ngd0m.software
advertising	my server is skymc.tours
advertising	best server is bestpvp.help
advertising	play on emerald.eat
advertising	best server is nethermc.software
advertising	hop on skymc.beauty
advertising	try opcraft.productions
advertising	ip nethermc.markets
clean	the wiki at planetminecraft.delivery is old
advertising	looking for players at coolpvp.haus
advertising	funs3rv3r.cbre
clean	i saw a thread on namemc.institute
advertising	come play anarchy.krd
advertising	everyone join craftmoon.design
clean	their blog modrinth.pf is interesting
advertising	c00lpvp.bo
clean	i saw a thread on curseforge.christmas
advertising	l u n a r m c . t k
advertising	ip goldrush.fish
advertising	we moved to minescape.rehab
clean	the wiki at medium.haus is old
clean	google it or look at planetminecraft.philips
advertising	best server is survivalcraft.soy
advertising	new server megasmp.sd
clean	the wiki at reddit.la is old
advertising	join funserver.trv
advertising	server ip is bestpvp.sling
advertising	craftm00n.edu
advertising	p l a y m c . c r e d i t
advertising	looking for players at craftmoon.kfh
clean	twitch.sr is a bad website lol
clean	i saw a thread on planetminecraft.flowers
advertising	hop on mcserver.zip
clean	google it or look at wikipedia.ga
clean	is youtube.skype down for anyone else
advertising	everyone join pvpzone.global
advertising	we moved to minescape.datsun
advertising	f0xcraft.hk
advertising	looking for players at bestpvp.af
advertising	server ip is bedwars.ki
advertising	m3gasmp.sbs
advertising	visit junglemc.florist
advertising	drag0nmc.gb
advertising	a n a r c h y . n i k o n
advertising	server ip is mcserver.smile
advertising	come play funserver.monster
advertising	try playmc.sap
clean	that curseforge.capitalone tutorial helped
advertising	f0xcraft.review
advertising	l u n a r m c . w t c
advertising	play on craftmoon.office
advertising	check out goldrush.cuisinella
advertising	my server is funserver.cr
advertising	looking for players at opcraft.zm
advertising	come play survivalcraft.forum
clean	i read it on pastebin.pohl
clean	google it or look at planetminecraft.date
advertising	m3gasmp.uol
clean	imgur.bible is not a minecraft site
clean	imgur.how is a bad website lol
advertising	surv1valcraft.aol
clean	the mod is hosted on twitch.recipes
advertising	free ranks at foxcraft.fan
clean	the issue is tracked at wikipedia.barefoot
advertising	try goldrush.tf
advertising	my server is craftmoon.got
advertising	my server is survivalcraft.voyage
advertising	m1n3scap3.blockbuster
advertising	free ranks at anarchy.bank
advertising	join bestpvp.wanggou
advertising	come play dragonmc.lincoln
advertising	visit foxcraft.team
advertising	try funserver.homedepot
advertising	n3th3rmc.nokia
advertising	check out mcserver.africa
clean	i found the answer on steam.jobs
advertising	join lunarmc.broadway
advertising	try mcserver.parts
advertising	n3th3rmc.autos
clean	their blog medium.vip is interesting
advertising	looking for players at lunarmc.analytics
advertising	we moved to minescape.man
advertising	best server is coolpvp.id
advertising	my server is bestpvp.dell
advertising	play on pvpzone.host
advertising	play on playmc.flights
advertising	hop on bedwars.post
advertising	come to dragonmc.show
advertising	new server goldrush.irish
clean	i saw a thread on papermc.fan
advertising	m3gasmp.events
advertising	come to bestpvp.capital
advertising	visit coolpvp.am
clean	the issue is tracked at curseforge.mormon
advertising	best server is coolpvp.man
clean	the changelog is at namemc.mom
advertising	come play bestpvp.alstom
advertising	server ip is skymc.williamhill
clean	i read it on medium.sz
advertising	come play megasmp.tdk
clean	someone linked spigotmc.kddi in a video
advertising	try bestpvp.za
clean	the wiki at spigotmc.storage is old
advertising	ip mcserver.repair
clean	the docs at stackoverflow.attorney explain it
advertising	come play goldrush.moscow
advertising	b3stpvp.ngo
clean	is stackoverflow.baby down for anyone else
advertising	free ranks at nethermc.bloomberg
advertising	try megasmp.qpon
clean	their blog youtube.jll is interesting
clean	is fandom.madrid down for anyone else
clean	someone linked twitch.law in a video
clean	google it or look at namemc.ruhr
advertising	c00lpvp.bbt
advertising	play on craftkingdom.reise
clean	the wiki at planetminecraft.uk is old
advertising	check out anarchy.nexus
advertising	server ip is foxcraft.claims
advertising	we moved to emerald.realestate
clean	check modrinth.qpon later
advertising	join minescape.blue
clean	check youtube.hospital later
clean	i read it on curseforge.gallo
advertising	my server is bestpvp.sling
clean	reddit.read is not a minecraft site
advertising	join nethermc.mw
advertising	free ranks at megasmp.cv
advertising	visit survivalcraft.cleaning
advertising	come play craftkingdom.firmdale
advertising	we moved to megasmp.au
advertising	join skymc.here
advertising	pvp server survivalcraft.cleaning
advertising	jungl3mc.tech
advertising	hop on coolpvp.ink
advertising	free ranks at funserver.kindle
advertising	m3gasmp.ifm
advertising	server ip is foxcraft.now
advertising	p l a y m c . p l u m b i n g
advertising	visit playmc.capetown
advertising	my server is funserver.mo
clean	that fandom.jetzt tutorial helped
advertising	drag0nmc.kh
advertising	b3dwars.bet
advertising	check out skymc.yt
advertising	everyone join skymc.la
clean	the issue is tracked at planetminecraft.ftr
advertising	come to minescape.space
advertising	everyone join junglemc.gucci
clean	the mod is hosted on stackoverflow.vodka
clean	i saw a thread on fandom.technology
clean	that fandom.barclays tutorial helped
advertising	free ranks at survivalcraft.merck
advertising	play on survivalcraft.expert
advertising	my server is bedwars.mv
clean	google it or look at medium.cu
advertising	server ip is junglemc.travel
clean	wikipedia.international loads slowly for me
advertising	free ranks at craftmoon.sandvik
advertising	pvp server icecraft.sr
advertising	ip opcraft.madrid
advertising	come play opcraft.banamex
advertising	c00lpvp.sling
advertising	best server is craftmoon.lighting
advertising	craftm00n.hotmail
advertising	a n a r c h y . l o v e
advertising	hop on skymc.foundation
advertising	b3stpvp.pid
advertising	my server is bestpvp.gb
advertising	free ranks at pvpzone.sas
advertising	f0xcraft.dental
advertising	server ip is coolpvp.arte
advertising	0pcraft.vip
clean	someone linked fandom.bom in a video
advertising	looking for players at megasmp.qpon
advertising	3m3rald.nowtv
advertising	craftk1ngd0m.richardli
clean	google it or look at youtube.viajes
advertising	c00lpvp.tdk
advertising	come to survivalcraft.expert
advertising	ip playmc.ir
advertising	try craftmoon.dnp
clean	google it or look at spigotmc.kaufen
advertising	come play anarchy.cyou
clean	the docs at imgur.ibm explain it
advertising	my server is playmc.dclk
advertising	pvp server junglemc.lilly
advertising	we moved to dragonmc.channel
advertising	play on icecraft.fast
advertising	everyone join skymc.aco
clean	wikipedia.za is a bad website lol
clean	the mod is hosted on steam.si
advertising	free ranks at skymc.audi
clean	is fandom.land down for anyone else
advertising	b3dwars.now
advertising	ip mcserver.sky
clean	that image is from planetminecraft.open
advertising	try foxcraft.msd
advertising	new server bedwars.institute
advertising	g0ldrush.locker
advertising	ip bedwars.restaurant
advertising	looking for players at icecraft.delta
advertising	drag0nmc.cpa
advertising	surv1valcraft.drive
advertising	join emerald.best
clean	curseforge.ford is a bad website lol
advertising	free ranks at icecraft.tunes
clean	someone linked planetminecraft.pm in a video
advertising	come play lunarmc.com
advertising	join dragonmc.na
advertising	looking for players at minescape.man
advertising	play on opcraft.tv
advertising	ip emerald.realestate
advertising	join bestpvp.mobi
advertising	join icecraft.nhk
clean	the docs at fandom.cbre explain it
advertising	everyone join skymc.dtv
clean	namemc.boston is a bad website lol
advertising	pvp server pvpzone.cars
advertising	1c3craft.goldpoint
clean	the changelog is at github.supplies
advertising	1c3craft.bofa
advertising	join anarchy.world
advertising	ip coolpvp.ink
advertising	play on craftmoon.corsica
clean	i read it on papermc.li
advertising	join dragonmc.quebec
clean	that namemc.bharti tutorial helped
advertising	come play icecraft.xxx
advertising	check out craftmoon.kerryproperties
clean	the wiki at vimeo.flights is old
advertising	come to funserver.box
advertising	hop on foxcraft.cc
advertising	server ip is survivalcraft.bestbuy
clean	i read it on modrinth.visa
advertising	server ip is dragonmc.monash
advertising	3m3rald.za
clean	spigotmc.sew is not a minecraft site
advertising	ip playmc.swiss
advertising	pvp server lunarmc.style
advertising	pvp server minescape.audi
advertising	come play mcserver.cologne
clean	the wiki at pastebin.partners is old
advertising	visit survivalcraft.google
advertising	m1n3scap3.live
advertising	new server bestpvp.yamaxun
advertising	free ranks at coolpvp.legal
advertising	hop on foxcraft.int
advertising	play on bestpvp.film
advertising	check out mcserver.car
advertising	check out minescape.bo
advertising	my server is anarchy.gt
advertising	come play anarchy.viajes
advertising	come to anarchy.joy
advertising	craftm00n.vu
advertising	come to funserver.date
clean	steam.commbank is a bad website lol
advertising	check out pvpzone.wales
clean	i saw a thread on pastebin.wien
advertising	best server is minescape.theatre
clean	planetminecraft.crown is a bad website lol
advertising	play on junglemc.sakura
advertising	join craftkingdom.be
clean	imgur.pharmacy is not a minecraft site
advertising	try bestpvp.tj
advertising	jungl3mc.lasalle
advertising	come to playmc.io
advertising	visit coolpvp.tt
advertising	pvp server megasmp.clinique
advertising	new server junglemc.apartments
advertising	visit funserver.cu
advertising	play on survivalcraft.voyage
clean	check steam.ly later
clean	i saw a thread on fandom.schwarz
advertising	check out icecraft.kiwi
advertising	come play funserver.komatsu
advertising	my server is pvpzone.tjx
advertising	jungl3mc.grainger
advertising	best server is survivalcraft.comsec
advertising	visit playmc.gop
clean	i saw a thread on vimeo.doctor
clean	the issue is tracked at vimeo.rio
advertising	try playmc.kp
clean	youtube.abbvie is not a minecraft site
advertising	ip megasmp.ug
advertising	come to lunarmc.schule
advertising	hop on opcraft.cooking
advertising	come play goldrush.jcb
advertising	best server is lunarmc.mq
advertising	check out skymc.cipriani
advertising	s k y m c . c l i n i q u e
advertising	pvp server minescape.brussels
advertising	come to survivalcraft.cleaning
advertising	server ip is goldrush.fr
advertising	visit icecraft.vin
advertising	looking for players at opcraft.lawyer
advertising	try bestpvp.yt
advertising	ip bedwars.moe
advertising	join dragonmc.wme
advertising	l u n a r m c . r u g b y
advertising	server ip is nethermc.ink
advertising	come play emerald.jll
advertising	check out emerald.desi
clean	check stackoverflow.tools later
advertising	visit icecraft.fox
clean	modrinth.map is not a minecraft site
clean	is pastebin.ss down for anyone else
advertising	free ranks at emerald.food
clean	i read it on stackoverflow.np
advertising	my server is bedwars.bar
advertising	1c3craft.ml
advertising	pvp server junglemc.sk
advertising	hop on goldrush.kids
clean	is papermc.cisco down for anyone else
advertising	3m3rald.realestate
advertising	we moved to dragonmc.ist
advertising	looking for players at minescape.you
clean	their blog github.homesense is interesting
clean	i found the answer on namemc.ggee
advertising	come to pvpzone.fashion
advertising	p l a y m c . m k
clean	the changelog is at imgur.lexus
advertising	visit goldrush.lotto
advertising	best server is emerald.jeep
advertising	n3th3rmc.samsclub
clean	i saw a thread on papermc.lasalle
advertising	join funserver.abc
advertising	server ip is nethermc.clubmed
advertising	l u n a r m c . a b b v i e
advertising	pvp server bestpvp.vet
advertising	try playmc.rodeo
advertising	play on foxcraft.claims
advertising	craftm00n.bloomberg
advertising	try dragonmc.works
advertising	craftk1ngd0m.im
advertising	come play lunarmc.shouji
clean	is twitch.vana down for anyone else
advertising	check out craftmoon.saarland
clean	google it or look at namemc.irish
advertising	come to emerald.archi
clean	the docs at spigotmc.pccw explain it
advertising	looking for players at emerald.rexroth
clean	i found the answer on namemc.scb
advertising	1c3craft.accenture
advertising	join funserver.ieee
clean	is reddit.is down for anyone else
advertising	surv1valcraft.expert
advertising	visit pvpzone.tennis
advertising	hop on lunarmc.porn
advertising	everyone join bedwars.st
clean	google it or look at imgur.sk
advertising	b3stpvp.vacations
advertising	free ranks at playmc.swiss
advertising	server ip is dragonmc.ftr
advertising	check out funserver.nrw
clean	the docs at papermc.imdb explain it
advertising	everyone join goldrush.bargains
advertising	everyone join craftmoon.jo
clean	i saw a thread on spigotmc.gw
advertising	server ip is foxcraft.fairwinds
advertising	visit coolpvp.vip
advertising	free ranks at craftmoon.construction
clean	their blog wikipedia.rogers is interesting
advertising	come to nethermc.institute
clean	github.supplies is not a minecraft site
advertising	best server is lunarmc.tk
clean	the wiki at pastebin.limited is old
advertising	server ip is minescape.py
advertising	everyone join lunarmc.cruises
clean	the issue is tracked at planetminecraft.auction
clean	youtube.nowtv is a bad website lol
advertising	ip pvpzone.jmp
advertising	come play icecraft.meet
advertising	new server minescape.lotto
clean	fandom.frogans is not a minecraft site
clean	i saw a thread on curseforge.management
advertising	hop on emerald.agency
advertising	server ip is craftmoon.olayangroup
advertising	pvp server anarchy.wf
advertising	ip foxcraft.okinawa
clean	the wiki at modrinth.expert is old
clean	the changelog is at modrinth.discover
advertising	new server opcraft.surgery
advertising	my server is icecraft.salon
advertising	check out junglemc.sakura
clean	someone linked youtube.im in a video
clean	is vimeo.careers down for anyone else
advertising	come play junglemc.ie
advertising	n3th3rmc.tickets
advertising	p l a y m c . p o k e r
advertising	pvp server junglemc.nissan
clean	that fandom.investments tutorial helped
clean	check twitch.vet later
advertising	looking for players at bedwars.town
advertising	f0xcraft.today
advertising	ip craftkingdom.barclays
advertising	looking for players at junglemc.pub
clean	their blog fandom.agency is interesting
advertising	server ip is funserver.red
clean	that fandom.select tutorial helped
advertising	come play craftmoon.ec
advertising	come play anarchy.il
advertising	new server lunarmc.cruises
advertising	m3gasmp.emerck
clean	is pastebin.whoswho down for anyone else
advertising	craftk1ngd0m.abbott
advertising	funs3rv3r.immo
advertising	g0ldrush.tf
advertising	server ip is goldrush.rw
advertising	play on playmc.er
advertising	m3gasmp.nico
advertising	everyone join bedwars.institute
clean	twitch.you is not a minecraft site
advertising	check out dragonmc.asda
clean	modrinth.wme is a bad website lol
advertising	new server opcraft.madrid
advertising	come play emerald.ubs
advertising	come play craftkingdom.bb
advertising	check out coolpvp.cm
advertising	free ranks at nethermc.autos
clean	someone linked twitch.ru in a video
advertising	new server pvpzone.nissay
advertising	come to craftmoon.shia
advertising	free ranks at goldrush.dvag
clean	curseforge.at loads slowly for me
advertising	server ip is megasmp.boston
advertising	ip minescape.taobao
advertising	come play dragonmc.wang
advertising	best server is lunarmc.lat
advertising	my server is goldrush.talk
advertising	join funserver.ae
advertising	come to pvpzone.work
advertising	hop on skymc.ss
clean	check stackoverflow.grainger later
advertising	jungl3mc.swatch
advertising	b3dwars.stockholm
advertising	come to minescape.datsun
advertising	visit bestpvp.aig
advertising	check out skymc.sx
advertising	server ip is minescape.bo
advertising	check out playmc.williamhill
advertising	craftm00n.au
advertising	free ranks at pvpzone.poker
advertising	try icecraft.playstation
advertising	try skymc.cleaning
advertising	join nethermc.kn
advertising	pvp server dragonmc.na
clean	the docs at modrinth.expert explain it
advertising	free ranks at mcserver.technology
advertising	we moved to mcserver.shopping
advertising	craftm00n.corsica
advertising	pvpz0n3.tips
advertising	free ranks at junglemc.lamer
advertising	come play craftkingdom.im
advertising	n3th3rmc.able
advertising	my server is junglemc.bridgestone
advertising	server ip is craftmoon.alstom
advertising	hop on craftmoon.guge
clean	the issue is tracked at fandom.bom
advertising	m3gasmp.docs
advertising	best server is playmc.bible
advertising	my server is icecraft.cal
clean	google it or look at papermc.sanofi
advertising	visit pvpzone.toyota
advertising	visit skymc.kddi
clean	that spigotmc.volvo tutorial helped
advertising	looking for players at funserver.nikon
advertising	server ip is minescape.prime
clean	i found the answer on spigotmc.casa
advertising	server ip is playmc.ericsson
advertising	best server is mcserver.seek
advertising	check out playmc.tokyo
advertising	f0xcraft.black
clean	the changelog is at medium.group
advertising	join survivalcraft.forum
advertising	hop on anarchy.lexus
clean	planetminecraft.esq loads slowly for me
advertising	funs3rv3r.ericsson
advertising	visit emerald.volvo
advertising	p l a y m c . t m
advertising	m3gasmp.clinique
advertising	ip craftmoon.app
clean	i found the answer on imgur.sharp
clean	i found the answer on github.mckinsey
advertising	free ranks at lunarmc.cd
advertising	visit bedwars.new
advertising	new server mcserver.cr
advertising	ip bestpvp.surf
advertising	everyone join minescape.capetown
clean	namemc.style is a bad website lol
advertising	check out emerald.esq
advertising	try foxcraft.aero
advertising	we moved to skymc.ventures
advertising	mcs3rv3r.codes
advertising	server ip is anarchy.mv
clean	i saw a thread on youtube.bid
advertising	ip mcserver.fr
advertising	my server is opcraft.photos
advertising	check out nethermc.rest
clean	check fandom.scholarships later
advertising	my server is mcserver.town
advertising	check out funserver.gmail
advertising	server ip is anarchy.luxe
advertising	pvp server bedwars.post
advertising	try anarchy.barclays
advertising	come to icecraft.xxx
advertising	ip craftmoon.wine
advertising	mcs3rv3r.cologne
advertising	come to minescape.il
clean	is namemc.data down for anyone else
advertising	try goldrush.health
clean	the docs at medium.jot explain it
advertising	free ranks at foxcraft.contact
advertising	craftm00n.homes
advertising	visit mcserver.hot
advertising	pvpz0n3.health
advertising	pvp server craftkingdom.winners
advertising	my server is bestpvp.fyi
clean	check github.teva later
clean	i found the answer on medium.desi
advertising	play on anarchy.video
advertising	play on bedwars.walter
advertising	check out junglemc.xihuan
clean	imgur.dell is a bad website lol
advertising	3m3rald.food
advertising	looking for players at survivalcraft.market
advertising	server ip is funserver.scot
advertising	come to skymc.rogers
clean	the issue is tracked at github.golf
advertising	my server is craftmoon.moi
advertising	join mcserver.bayern
advertising	join opcraft.ovh
advertising	my server is megasmp.osaka
advertising	we moved to craftmoon.firmdale
advertising	free ranks at megasmp.tkmaxx
advertising	come to anarchy.ryukyu
clean	github.casino is a bad website lol
advertising	new server playmc.win
advertising	visit survivalcraft.sakura
clean	i saw a thread on vimeo.it
advertising	3m3rald.gle
advertising	m3gasmp.audio
advertising	hop on pvpzone.mu
advertising	pvpz0n3.ngo
clean	the wiki at papermc.quebec is old
advertising	ip foxcraft.gripe
clean	the issue is tracked at reddit.gallup
advertising	try playmc.sucks
clean	that papermc.rugby tutorial helped
advertising	looking for players at funserver.mg
advertising	f0xcraft.gn
advertising	pvp server bestpvp.nyc
clean	i read it on namemc.bank
advertising	free ranks at goldrush.insure
advertising	1c3craft.fun
advertising	ip emerald.menu
advertising	server ip is icecraft.nhk
advertising	hop on lunarmc.lacaixa
advertising	pvpz0n3.istanbul
advertising	visit pvpzone.target
clean	their blog wikipedia.homedepot is interesting
advertising	c00lpvp.man
clean	i found the answer on steam.bf
advertising	hop on bedwars.ca
advertising	come play craftkingdom.plus
advertising	server ip is survivalcraft.weibo
clean	the issue is tracked at pastebin.sandvik
advertising	try emerald.buy
advertising	f0xcraft.lincoln
clean	that medium.sfr tutorial helped
advertising	everyone join emerald.flickr
advertising	drag0nmc.do
clean	the issue is tracked at pastebin.zappos
advertising	looking for players at playmc.is
advertising	free ranks at bestpvp.gr
advertising	join foxcraft.review
clean	the changelog is at vimeo.rentals
advertising	try skymc.hiphop
advertising	surv1valcraft.hn
advertising	craftk1ngd0m.gallo
advertising	g0ldrush.fj
clean	the docs at papermc.toyota explain it
clean	check fandom.gucci later
clean	the issue is tracked at steam.barcelona
advertising	b3dwars.name
advertising	join anarchy.kg
clean	i found the answer on stackoverflow.solar
advertising	server ip is bestpvp.help
advertising	c00lpvp.monash
advertising	come play lunarmc.ferrero
advertising	pvp server bestpvp.hr
clean	check curseforge.joy later
advertising	play on junglemc.ec
advertising	join lunarmc.mr
advertising	play on skymc.la
advertising	visit skymc.stcgroup
clean	that pastebin.ss tutorial helped
advertising	f0xcraft.helsinki
advertising	pvp server opcraft.search
clean	github.bestbuy loads slowly for me
advertising	l u n a r m c . b u y
advertising	play on minescape.sina
advertising	best server is opcraft.sm
advertising	my server is icecraft.skin
advertising	best server is bestpvp.android
advertising	ip bedwars.gifts
advertising	hop on nethermc.george
clean	that imgur.lexus tutorial helped
advertising	come to pvpzone.attorney
advertising	come play dragonmc.hm
advertising	try bestpvp.flickr
clean	the wiki at fandom.barclays is old
advertising	come to bedwars.ricoh
advertising	check out junglemc.cam
advertising	best server is craftmoon.chat
advertising	pvpz0n3.call
advertising	try bedwars.name
advertising	new server bedwars.walmart
clean	someone linked vimeo.nz in a video
clean	check reddit.la later
advertising	surv1valcraft.tvs
advertising	ip skymc.doctor
clean	the issue is tracked at papermc.watch
advertising	hop on pvpzone.supplies
advertising	try funserver.investments
clean	i found the answer on steam.intuit
advertising	my server is mcserver.sohu
clean	namemc.pet is a bad website lol
clean	i saw a thread on imgur.lamborghini
advertising	craftk1ngd0m.sohu
advertising	join survivalcraft.pet
advertising	p l a y m c . g o p
advertising	pvp server craftmoon.vegas
advertising	looking for players at icecraft.accenture
advertising	free ranks at junglemc.ec
advertising	n3th3rmc.dj
clean	the wiki at curseforge.ford is old
advertising	hop on nethermc.ml
advertising	craftm00n.mm
advertising	visit coolpvp.shop
advertising	come play emerald.reisen
advertising	check out funserver.sn
advertising	jungl3mc.sex
advertising	free ranks at minescape.futbol
advertising	best server is craftkingdom.leclerc
advertising	come play playmc.plumbing
advertising	3m3rald.bf
advertising	my server is megasmp.select
advertising	pvp server goldrush.luxury
advertising	join bestpvp.help
advertising	come play lunarmc.bt
advertising	come to opcraft.ax
clean	the mod is hosted on steam.xxx
advertising	n3th3rmc.ren
advertising	best server is skymc.juegos
clean	i saw a thread on steam.yamaxun
clean	papermc.bb loads slowly for me
advertising	hop on pvpzone.nowruz
advertising	ip opcraft.praxi
advertising	hop on anarchy.prudential
advertising	come play dragonmc.americanexpress
advertising	try opcraft.vip
advertising	free ranks at craftmoon.to
advertising	0pcraft.im
advertising	s k y m c . p r
advertising	hop on anarchy.xxx
advertising	everyone join funserver.gap
clean	that papermc.dating tutorial helped
advertising	m3gasmp.mom
advertising	join craftkingdom.review
clean	the wiki at medium.aero is old
advertising	ip icecraft.pf
advertising	check out bedwars.afl
advertising	new server mcserver.physio
advertising	server ip is playmc.tci
advertising	visit survivalcraft.lundbeck
clean	the mod is hosted on papermc.durban
advertising	try pvpzone.itv
advertising	server ip is craftmoon.fail
clean	modrinth.shell is a bad website lol
clean	google it or look at medium.walmart
clean	the wiki at stackoverflow.tools is old
clean	is stackoverflow.tk down for anyone else
clean	the issue is tracked at fandom.capital
clean	is imgur.lv down for anyone else
advertising	server ip is junglemc.silk
clean	is fandom.samsung down for anyone else
advertising	everyone join coolpvp.mk
advertising	visit emerald.rexroth
advertising	come play anarchy.us
clean	that pastebin.toray tutorial helped
advertising	looking for players at lunarmc.jetzt
advertising	my server is megasmp.nfl
advertising	server ip is pvpzone.cash
advertising	server ip is lunarmc.gq
advertising	looking for players at dragonmc.ally
advertising	pvp server minescape.ki
advertising	visit junglemc.ec
clean	the mod is hosted on namemc.kindle
advertising	check out nethermc.broker
advertising	best server is survivalcraft.sl
advertising	free ranks at bedwars.jm
advertising	we moved to opcraft.sm
clean	the issue is tracked at fandom.dealer
advertising	we moved to nethermc.organic
advertising	hop on megasmp.fun
advertising	free ranks at anarchy.netbank
clean	youtube.rwe loads slowly for me
advertising	ip icecraft.gs
advertising	0pcraft.ro
advertising	my server is junglemc.fujitsu
advertising	check out pvpzone.promo
clean	youtube.moi is not a minecraft site
advertising	server ip is bedwars.shell
clean	the issue is tracked at spigotmc.id
clean	that image is from planetminecraft.alsace
advertising	come to pvpzone.finance
advertising	best server is goldrush.sarl
advertising	everyone join craftkingdom.business
advertising	b3stpvp.ceo
advertising	my server is mcserver.walter
clean	steam.jobs is not a minecraft site
advertising	b3dwars.ci
advertising	looking for players at mcserver.rs
clean	that vimeo.uy tutorial helped
advertising	ip megasmp.car
clean	the issue is tracked at medium.desi
advertising	come play megasmp.hm
advertising	m1n3scap3.globo
advertising	best server is mcserver.healthcare
advertising	check out goldrush.tf
advertising	play on craftmoon.vu
advertising	p l a y m c . f a i l
clean	the wiki at stackoverflow.dhl is old
advertising	ip junglemc.apple
clean	that image is from wikipedia.credit
advertising	try skymc.careers
advertising	craftm00n.temasek
clean	their blog modrinth.tn is interesting
advertising	play on pvpzone.mu
advertising	free ranks at emerald.george
advertising	hop on coolpvp.ovh
advertising	my server is megasmp.jcb
advertising	pvp server coolpvp.amex
advertising	new server dragonmc.sap
clean	twitch.eat is not a minecraft site
advertising	server ip is mcserver.lplfinancial
clean	the changelog is at imgur.hotels
advertising	new server megasmp.industries
advertising	visit minescape.dvr
advertising	come to nethermc.catering
advertising	come to mcserver.sncf
advertising	visit craftmoon.temasek
clean	the wiki at twitch.info is old
advertising	server ip is coolpvp.ax
advertising	looking for players at goldrush.dvag
advertising	come play craftmoon.community
clean	check modrinth.java later
advertising	free ranks at coolpvp.fly
advertising	we moved to opcraft.zm
advertising	p l a y m c . p a y
advertising	craftk1ngd0m.lamborghini
advertising	new server goldrush.gold
clean	the docs at pastebin.forsale explain it
advertising	visit bestpvp.study
clean	that image is from twitch.voto
clean	check youtube.smile later
advertising	we moved to nethermc.ntt
advertising	we moved to lunarmc.guitars
advertising	new server dragonmc.ke
clean	the mod is hosted on stackoverflow.hbo
advertising	funs3rv3r.sfr
advertising	ip pvpzone.honda
advertising	come play survivalcraft.bestbuy
advertising	join minescape.clinic
clean	namemc.cal loads slowly for me
advertising	jungl3mc.casino
advertising	drag0nmc.directory
advertising	looking for players at icecraft.scholarships
clean	google it or look at reddit.bo
advertising	m1n3scap3.mc
clean	papermc.mr is a bad website lol
advertising	new server emerald.cpa
advertising	join craftmoon.boutique
advertising	my server is dragonmc.blackfriday
advertising	new server survivalcraft.ismaili
advertising	free ranks at craftmoon.intuit
advertising	join icecraft.sener
advertising	new server goldrush.bargains
advertising	server ip is bedwars.bar
advertising	new server megasmp.photos
advertising	new server craftmoon.baidu
advertising	m1n3scap3.next
advertising	try skymc.gallery
advertising	everyone join bestpvp.android
advertising	n3th3rmc.olayan
clean	papermc.horse is a bad website lol
advertising	try opcraft.surgery
advertising	try pvpzone.vana
advertising	my server is minescape.you
clean	their blog planetminecraft.ad is interesting
advertising	l u n a r m c . g a m e s
advertising	join survivalcraft.aramco
advertising	looking for players at anarchy.london
advertising	new server anarchy.kg
advertising	try icecraft.statefarm
advertising	craftk1ngd0m.se
clean	the docs at twitch.winners explain it
advertising	b3dwars.watches
advertising	pvp server anarchy.mov
advertising	come to minescape.kaufen
advertising	ip goldrush.immobilien
clean	check fandom.yachts later
advertising	n3th3rmc.bbc
advertising	hop on bedwars.ua
advertising	b3dwars.photography
advertising	server ip is mcserver.sc
clean	i found the answer on modrinth.suzuki
clean	google it or look at imgur.hotels
advertising	play on opcraft.dz
clean	check pastebin.aig later
advertising	come play junglemc.bzh
advertising	looking for players at nethermc.gift
advertising	join icecraft.deals
advertising	come play bestpvp.business
clean	the docs at reddit.productions explain it
advertising	hop on survivalcraft.vg
advertising	join icecraft.quest
clean	is spigotmc.pccw down for anyone else
advertising	ip icecraft.brother
clean	that curseforge.gl tutorial helped
advertising	3m3rald.earth
clean	the wiki at medium.express is old
clean	is modrinth.directory down for anyone else
advertising	join nethermc.realtor
advertising	come play bestpvp.tk
clean	their blog planetminecraft.pictet is interesting
clean	wikipedia.ve is a bad website lol
advertising	new server funserver.immo
advertising	n3th3rmc.alipay
advertising	check out bedwars.church
advertising	new server junglemc.wiki
advertising	ip bestpvp.allstate
advertising	visit icecraft.dubai
advertising	looking for players at craftmoon.baby
advertising	m1n3scap3.dell
advertising	server ip is junglemc.love
clean	google it or look at twitch.io
advertising	b3dwars.systems
clean	is wikipedia.yun down for anyone else
advertising	hop on bestpvp.game
advertising	free ranks at bedwars.ltd
clean	the changelog is at twitch.republican
advertising	looking for players at nethermc.hosting
advertising	try craftkingdom.vn
advertising	mcs3rv3r.fr
advertising	g0ldrush.sharp
advertising	everyone join funserver.istanbul
advertising	everyone join craftmoon.safe
advertising	my server is funserver.yun
advertising	we moved to coolpvp.degree
advertising	my server is foxcraft.hospital
advertising	drag0nmc.arte
clean	twitch.br loads slowly for me
clean	papermc.akdn loads slowly for me
clean	their blog namemc.dvag is interesting
advertising	come play junglemc.money
advertising	p l a y m c . e r
advertising	server ip is goldrush.moscow
clean	someone linked modrinth.shell in a video
advertising	pvp server goldrush.ad
advertising	new server funserver.direct
advertising	visit megasmp.industries
clean	the mod is hosted on curseforge.merck
advertising	hop on survivalcraft.unicom
advertising	p l a y m c . a r a b
advertising	b3stpvp.alstom
advertising	looking for players at anarchy.career
clean	the changelog is at imgur.rent
advertising	check out anarchy.trust
advertising	we moved to emerald.care
advertising	free ranks at opcraft.ve
advertising	everyone join dragonmc.barefoot
advertising	g0ldrush.zone
advertising	my server is foxcraft.fan
clean	that image is from imgur.tennis
advertising	b3dwars.church
advertising	come to emerald.airtel
advertising	best server is bedwars.expert
advertising	my server is bedwars.pioneer
advertising	we moved to funserver.mit
advertising	new server emerald.seat
advertising	check out skymc.wed
advertising	new server craftmoon.safe
advertising	surv1valcraft.surf
advertising	try goldrush.surgery
advertising	my server is dragonmc.inc
advertising	l u n a r m c . g q
advertising	p l a y m c . t c i
clean	i read it on stackoverflow.progressive
advertising	pvpz0n3.ups
advertising	hop on craftkingdom.schaeffler
clean	their blog imgur.reit is interesting
clean	youtube.page loads slowly for me
advertising	play on mcserver.data
advertising	we moved to dragonmc.wedding
advertising	m1n3scap3.dvr
clean	the docs at papermc.akdn explain it
clean	is planetminecraft.au down for anyone else
advertising	check out foxcraft.okinawa
clean	check pastebin.webcam later
advertising	free ranks at funserver.tax
advertising	looking for players at megasmp.au
advertising	come play survivalcraft.one
advertising	looking for players at icecraft.cw
advertising	come to bedwars.house
advertising	check out foxcraft.hughes
advertising	come to dragonmc.city
advertising	visit goldrush.ong
advertising	my server is anarchy.mp
advertising	join craftkingdom.christmas
advertising	visit skymc.deloitte
clean	that steam.works tutorial helped
clean	check youtube.latino later
clean	that image is from planetminecraft.hiv
advertising	visit icecraft.meet
advertising	1c3craft.prof
advertising	1c3craft.af
advertising	my server is survivalcraft.luxe
clean	the issue is tracked at steam.cheap
advertising	try craftmoon.works
clean	check curseforge.market later
advertising	hop on survivalcraft.reviews
advertising	free ranks at emerald.bm
advertising	join skymc.epson
advertising	pvpz0n3.ug
advertising	join nethermc.science
advertising	drag0nmc.navy
advertising	check out minescape.you
clean	google it or look at vimeo.hot
advertising	visit mcserver.sohu
advertising	1c3craft.quebec
clean	fandom.samsung is not a minecraft site
advertising	hop on coolpvp.durban
advertising	play on foxcraft.durban
advertising	new server mcserver.bayern
advertising	ip goldrush.kitchen
advertising	come to megasmp.uol
clean	the changelog is at papermc.lb
advertising	try dragonmc.bradesco
advertising	come to lunarmc.com
clean	the docs at steam.contractors explain it
advertising	ip anarchy.citadel
advertising	try playmc.plumbing
clean	someone linked imgur.how in a video
advertising	best server is nethermc.id
advertising	my server is nethermc.supply
advertising	we moved to playmc.giving
advertising	server ip is bedwars.sexy
advertising	ip craftkingdom.hu
advertising	ip craftmoon.to
clean	the changelog is at curseforge.gt
advertising	pvp server funserver.author
advertising	c00lpvp.amex
advertising	server ip is coolpvp.ai
clean	i found the answer on papermc.kpmg
advertising	visit mcserver.forex
advertising	new server survivalcraft.lundbeck
clean	that image is from imgur.tz
advertising	play on dragonmc.wedding
advertising	check out anarchy.miami
advertising	new server bestpvp.tk
clean	the mod is hosted on pastebin.tokyo
advertising	everyone join dragonmc.asda
advertising	everyone join pvpzone.soy
clean	is steam.ricoh down for anyone else
advertising	server ip is bedwars.stc
clean	i saw a thread on curseforge.gf
advertising	free ranks at goldrush.jot
clean	google it or look at planetminecraft.download
clean	that image is from vimeo.genting
advertising	my server is pvpzone.jmp
advertising	new server skymc.store
advertising	ip playmc.travelersinsurance
clean	i found the answer on reddit.fishing
clean	check medium.es later
advertising	come play playmc.arab
clean	namemc.nfl loads slowly for me
advertising	best server is icecraft.limited
advertising	f0xcraft.spot
advertising	server ip is minescape.lamborghini
advertising	pvp server craftmoon.au
advertising	best server is nethermc.bnpparibas
advertising	server ip is funserver.catering
advertising	free ranks at bedwars.financial
advertising	hop on emerald.theater
advertising	a n a r c h y . t j
advertising	my server is funserver.kuokgroup
clean	medium.money is a bad website lol
advertising	join junglemc.hiv
advertising	m3gasmp.watch
advertising	check out skymc.rogers
clean	is wikipedia.courses down for anyone else
advertising	my server is playmc.rip
clean	the issue is tracked at curseforge.yt
advertising	craftm00n.progressive
advertising	hop on foxcraft.krd
clean	google it or look at stackoverflow.docs
advertising	come play minescape.taobao
advertising	surv1valcraft.merckmsd
advertising	join bedwars.gripe
clean	is fandom.mh down for anyone else
clean	i read it on twitch.brother
advertising	my server is bedwars.bet
clean	reddit.ck is a bad website lol
advertising	s k y m c . d i y
clean	the changelog is at steam.navy
advertising	looking for players at coolpvp.viajes
clean	is vimeo.nowruz down for anyone else
advertising	craftm00n.next
clean	google it or look at spigotmc.citi
advertising	new server emerald.mattel
clean	the issue is tracked at vimeo.az
clean	the mod is hosted on planetminecraft.reviews
clean	the wiki at reddit.vu is old
advertising	we moved to icecraft.cool
advertising	everyone join icecraft.gmx
advertising	surv1valcraft.florist
advertising	we moved to nethermc.wanggou
advertising	best server is coolpvp.map
advertising	hop on minescape.extraspace
advertising	try opcraft.lv
advertising	g0ldrush.deal
advertising	new server nethermc.markets
advertising	jungl3mc.work
advertising	visit skymc.globo
clean	medium.cf is not a minecraft site
advertising	come play goldrush.luxury
clean	vimeo.direct is not a minecraft site
advertising	we moved to opcraft.nowtv
advertising	best server is survivalcraft.ismaili
clean	i read it on pastebin.rehab
clean	that image is from papermc.cba
advertising	my server is emerald.lol
advertising	craftk1ngd0m.run
advertising	free ranks at craftmoon.office
advertising	visit playmc.mz
advertising	ip lunarmc.itau
advertising	come play bedwars.bar
advertising	my server is nethermc.media
advertising	free ranks at craftkingdom.software
clean	the issue is tracked at twitch.site
advertising	3m3rald.george
advertising	free ranks at emerald.black
advertising	ip craftmoon.fujitsu
clean	the docs at curseforge.tj explain it
clean	google it or look at reddit.bar
advertising	free ranks at megasmp.phd
advertising	best server is funserver.yun
advertising	n3th3rmc.realty
clean	is modrinth.tirol down for anyone else
advertising	new server bestpvp.by
advertising	pvp server coolpvp.diamonds
clean	i found the answer on medium.bw
clean	the wiki at youtube.nissay is old
clean	i saw a thread on youtube.gop
advertising	mcs3rv3r.rs
clean	vimeo.gq is not a minecraft site
advertising	looking for players at craftkingdom.faith
clean	the docs at github.sakura explain it
clean	is stackoverflow.otsuka down for anyone else
clean	namemc.irish is not a minecraft site
advertising	3m3rald.group
advertising	best server is bedwars.villas
advertising	we moved to goldrush.health
advertising	pvp server megasmp.engineering
advertising	we moved to skymc.ski
clean	google it or look at pastebin.wien
advertising	free ranks at junglemc.chintai
clean	is spigotmc.exposed down for anyone else
advertising	come play icecraft.ge
advertising	b3dwars.hot
clean	that image is from fandom.dds
clean	i read it on fandom.prime
advertising	come play nethermc.asia
advertising	check out craftkingdom.to
advertising	best server is mcserver.sky
advertising	come play lunarmc.aquarelle
advertising	my server is coolpvp.gi
clean	i saw a thread on fandom.cooking
advertising	c00lpvp.lasalle
advertising	my server is lunarmc.lat
clean	medium.haus is a bad website lol
advertising	come play icecraft.fishing
advertising	looking for players at coolpvp.pl
advertising	everyone join dragonmc.online
advertising	n3th3rmc.woodside
advertising	best server is icecraft.network
advertising	play on foxcraft.aero
clean	the changelog is at papermc.bb
advertising	come to icecraft.netflix
advertising	visit bestpvp.za
advertising	try foxcraft.fido
advertising	check out megasmp.vet
advertising	hop on junglemc.work
advertising	free ranks at junglemc.ie
advertising	b3stpvp.zw
advertising	m1n3scap3.diet
advertising	pvp server skymc.fage
advertising	1c3craft.camp
advertising	my server is bestpvp.hr
advertising	try coolpvp.lego
advertising	looking for players at nethermc.university
advertising	looking for players at emerald.black
advertising	best server is survivalcraft.je
clean	that image is from twitch.gd
advertising	surv1valcraft.vg
advertising	join megasmp.lanxess
clean	planetminecraft.alibaba loads slowly for me
advertising	play on bedwars.fedex
advertising	play on coolpvp.hdfcbank
advertising	come play icecraft.ml
advertising	come play opcraft.goldpoint
advertising	pvp server icecraft.cisco
advertising	s k y m c . b a n d
clean	that fandom.aq tutorial helped
advertising	check out bestpvp.sony
clean	i read it on fandom.gu
advertising	check out funserver.date
advertising	ip playmc.mx
advertising	ip lunarmc.faith
advertising	check out craftmoon.locus
advertising	we moved to dragonmc.lincoln
advertising	everyone join anarchy.tj
advertising	a n a r c h y . s o n g
clean	the docs at fandom.wow explain it
advertising	hop on dragonmc.pw
advertising	check out dragonmc.cg
advertising	surv1valcraft.bn
clean	google it or look at wikipedia.bv
advertising	join skymc.int
advertising	come play minescape.irish
advertising	everyone join craftkingdom.bot
advertising	ip coolpvp.homes
advertising	everyone join mcserver.yahoo
clean	the changelog is at wikipedia.barefoot
advertising	hop on dragonmc.do
clean	someone linked modrinth.fans in a video
clean	the changelog is at steam.intuit
clean	that image is from curseforge.market
advertising	everyone join opcraft.saxo
advertising	hop on mcserver.tn
advertising	join bedwars.walmart
advertising	my server is bestpvp.business
advertising	visit funserver.hosting
clean	their blog fandom.gu is interesting
clean	the wiki at fandom.dds is old
advertising	try craftkingdom.barclays
advertising	looking for players at funserver.teva
advertising	pvp server emerald.swatch
clean	that image is from twitch.recipes
clean	reddit.fishing loads slowly for me
advertising	funs3rv3r.red
advertising	0pcraft.gmbh
advertising	hop on coolpvp.marshalls
advertising	f0xcraft.dj
advertising	come to junglemc.mp
advertising	best server is icecraft.hu
clean	that image is from youtube.boo
advertising	b3stpvp.sony
clean	their blog youtube.trading is interesting
advertising	come to mcserver.cr
advertising	s k y m c . f o u n d a t i o n
advertising	try megasmp.sv
advertising	hop on bestpvp.pics
advertising	check out craftkingdom.tw
clean	i saw a thread on namemc.wtc
clean	the docs at fandom.goog explain it
advertising	come play minescape.live
advertising	pvp server nethermc.gratis
advertising	l u n a r m c . l u
advertising	pvpz0n3.fi
advertising	hop on megasmp.moe
advertising	funs3rv3r.fi
clean	i read it on namemc.red
advertising	my server is craftmoon.hitachi
advertising	pvp server lunarmc.kerryproperties
advertising	my server is dragonmc.trust
advertising	come to minescape.msd
advertising	check out pvpzone.barcelona
advertising	server ip is skymc.stcgroup
clean	that vimeo.mk tutorial helped
advertising	everyone join goldrush.farmers
advertising	pvp server mcserver.yahoo
advertising	n3th3rmc.shiksha
advertising	we moved to foxcraft.gn
advertising	new server nethermc.fit
advertising	best server is foxcraft.dupont
advertising	check out playmc.credit
advertising	check out skymc.band
advertising	visit icecraft.imdb
advertising	join coolpvp.durban
advertising	join bedwars.charity
advertising	we moved to lunarmc.rsvp
advertising	jungl3mc.like
advertising	join craftmoon.condos
advertising	hop on lunarmc.scot
clean	someone linked github.moscow in a video
advertising	come to icecraft.bbt
advertising	best server is funserver.android
advertising	best server is craftkingdom.gallo
advertising	we moved to opcraft.hsbc
advertising	drag0nmc.nc
advertising	0pcraft.nowtv
advertising	hop on icecraft.llc
advertising	we moved to survivalcraft.google
advertising	ip dragonmc.trust
advertising	everyone join mcserver.marketing
clean	youtube.ferrero loads slowly for me
clean	someone linked fandom.sm in a video
advertising	we moved to megasmp.phd
advertising	b3dwars.walter
clean	spigotmc.med is not a minecraft site
advertising	try survivalcraft.drive
advertising	everyone join minescape.baseball
advertising	come play icecraft.yodobashi
advertising	m3gasmp.jm
advertising	play on icecraft.gmx
advertising	pvp server emerald.wien
advertising	craftm00n.tirol
advertising	free ranks at icecraft.guge
advertising	everyone join bedwars.yokohama
advertising	play on nethermc.sbi
advertising	surv1valcraft.amsterdam
clean	i saw a thread on youtube.university
advertising	try anarchy.merckmsd
advertising	try skymc.rocks
advertising	new server goldrush.jot
advertising	come play craftmoon.bike
advertising	server ip is icecraft.cw
advertising	m3gasmp.how
advertising	new server pvpzone.va
advertising	hop on icecraft.tires
clean	the mod is hosted on stackoverflow.fj
advertising	ip emerald.buzz
clean	i read it on twitch.auspost
advertising	check out bestpvp.alstom
advertising	ip craftkingdom.review
advertising	new server mcserver.bridgestone
advertising	come to minescape.moi
advertising	looking for players at foxcraft.pictet
advertising	visit mcserver.woodside
advertising	come play minescape.moi
advertising	try lunarmc.temasek
advertising	pvp server anarchy.fidelity
advertising	come play lunarmc.faith
clean	the docs at github.rich explain it
advertising	join bedwars.uno
advertising	new server craftkingdom.hu
clean	that image is from stackoverflow.meme
clean	i found the answer on spigotmc.fm
clean	the issue is tracked at spigotmc.weibo
advertising	try icecraft.vc
advertising	come to junglemc.smile
advertising	come play foxcraft.ubs
advertising	try pvpzone.solutions
advertising	try bedwars.sport
advertising	come play pvpzone.viking
advertising	visit foxcraft.ubs
clean	i read it on wikipedia.fly
clean	reddit.tw is a bad website lol
advertising	my server is icecraft.jprs
advertising	looking for players at coolpvp.art
advertising	we moved to craftkingdom.frl
clean	i saw a thread on spigotmc.cv
advertising	new server bestpvp.shopping
advertising	looking for players at dragonmc.works
advertising	we moved to lunarmc.lu
advertising	join lunarmc.camera
advertising	try opcraft.firestone
advertising	looking for players at nethermc.nexus
advertising	server ip is opcraft.swiss
advertising	f0xcraft.tax
advertising	3m3rald.jeep
clean	that image is from github.got
advertising	visit megasmp.boston
clean	that steam.azure tutorial helped
advertising	join pvpzone.my
advertising	play on survivalcraft.fire
advertising	m1n3scap3.space
clean	the wiki at spigotmc.comsec is old
advertising	come play goldrush.dealer
clean	the docs at pastebin.toshiba explain it
advertising	0pcraft.services
advertising	m1n3scap3.tc
advertising	visit coolpvp.booking
advertising	looking for players at bedwars.shell
advertising	play on junglemc.sj
advertising	a n a r c h y . c a s e
advertising	best server is emerald.best
advertising	everyone join playmc.uol
advertising	check out nethermc.ps
advertising	m1n3scap3.build
advertising	new server bedwars.town
advertising	drag0nmc.channel
advertising	pvp server foxcraft.hk
clean	their blog curseforge.sling is interesting
advertising	new server bedwars.ups
advertising	new server coolpvp.sg
advertising	server ip is coolpvp.website
advertising	l u n a r m c . n o k i a
advertising	join emerald.seat
clean	fandom.apple is not a minecraft site
advertising	pvp server goldrush.dating
advertising	come to junglemc.it
advertising	drag0nmc.blackfriday
advertising	play on bestpvp.crown
clean	the changelog is at planetminecraft.pwc
advertising	join mcserver.kz
clean	the changelog is at youtube.kids
advertising	hop on nethermc.tickets
advertising	new server lunarmc.academy
clean	the changelog is at papermc.cfa
clean	the changelog is at medium.cu
advertising	play on bedwars.degree
advertising	pvp server survivalcraft.condos
clean	google it or look at vimeo.co
advertising	new server survivalcraft.bn
advertising	my server is skymc.page
advertising	come to craftmoon.bio
advertising	jungl3mc.lease
advertising	mcs3rv3r.chanel
advertising	a n a r c h y . b a n a m e x
advertising	check out emerald.ye
advertising	visit playmc.ir
advertising	visit minescape.nc
advertising	play on playmc.poker
advertising	come play craftmoon.fido
advertising	free ranks at bestpvp.business
advertising	everyone join emerald.theater
clean	fandom.wow is a bad website lol
advertising	my server is bestpvp.science
advertising	my server is minescape.hyundai
clean	is wikipedia.vn down for anyone else
advertising	check out coolpvp.ai
advertising	server ip is craftkingdom.se
advertising	my server is mcserver.codes
clean	someone linked namemc.tab in a video
advertising	everyone join funserver.fo
advertising	0pcraft.kosher
advertising	pvp server playmc.gm
advertising	join dragonmc.phone
advertising	try craftmoon.data
clean	stackoverflow.progressive loads slowly for me
advertising	f0xcraft.parts
advertising	play on mcserver.crs
advertising	pvpz0n3.allstate
clean	stackoverflow.neustar is a bad website lol
advertising	come play junglemc.aquarelle
advertising	surv1valcraft.bh
advertising	free ranks at bedwars.sl
advertising	ip bestpvp.hr
advertising	check out emerald.agency
advertising	come to icecraft.express
advertising	check out dragonmc.bostik
advertising	0pcraft.praxi
advertising	we moved to bestpvp.rentals
advertising	looking for players at goldrush.gold
advertising	we moved to icecraft.aero
advertising	try pvpzone.land
clean	their blog vimeo.ao is interesting
clean	modrinth.wme is not a minecraft site
clean	that modrinth.tirol tutorial helped
advertising	come to nethermc.samsclub
clean	reddit.cy loads slowly for me
advertising	we moved to emerald.land
advertising	best server is goldrush.solar
advertising	we moved to nethermc.media
clean	i saw a thread on fandom.singles
advertising	everyone join nethermc.got
advertising	my server is minescape.dvr
advertising	my server is lunarmc.schwarz
advertising	pvp server funserver.wedding
advertising	join coolpvp.tdk
advertising	b3stpvp.study
advertising	drag0nmc.ren
advertising	new server junglemc.chrome
advertising	craftm00n.toray
clean	the wiki at planetminecraft.web is old
advertising	surv1valcraft.rwe
advertising	s k y m c . f a m i l y
clean	that stackoverflow.gea tutorial helped
advertising	come play foxcraft.black
advertising	come to icecraft.tui
advertising	visit funserver.immo
clean	i saw a thread on reddit.eg
advertising	looking for players at survivalcraft.cleaning
advertising	my server is dragonmc.it
advertising	we moved to anarchy.nu
advertising	best server is craftmoon.office
advertising	everyone join pvpzone.hughes
advertising	3m3rald.host
clean	i read it on youtube.bid
advertising	server ip is craftmoon.mls
clean	is papermc.film down for anyone else
clean	fandom.tech loads slowly for me
advertising	new server junglemc.np
advertising	join icecraft.cafe
clean	someone linked stackoverflow.solar in a video
clean	the mod is hosted on curseforge.cologne
advertising	server ip is goldrush.fj
advertising	free ranks at craftkingdom.bz
clean	the mod is hosted on papermc.shiksha
advertising	come play icecraft.voto
advertising	try coolpvp.sener
clean	stackoverflow.hbo is not a minecraft site
clean	google it or look at github.golf
advertising	come to mcserver.sharp
advertising	everyone join emerald.oracle
advertising	pvpz0n3.honda
advertising	pvp server coolpvp.schaeffler
clean	the wiki at namemc.itv is old
advertising	hop on craftmoon.weir
advertising	hop on lunarmc.rsvp
advertising	we moved to bedwars.apple
advertising	check out foxcraft.olayangroup
advertising	funs3rv3r.flir
clean	google it or look at modrinth.healthcare
advertising	free ranks at skymc.band
clean	the docs at youtube.family explain it
advertising	best server is coolpvp.ott
clean	the wiki at twitch.crs is old
advertising	n3th3rmc.investments
advertising	server ip is skymc.bg
advertising	check out megasmp.nfl
advertising	try coolpvp.homegoods
advertising	join dragonmc.lefrak
advertising	pvp server craftmoon.org
advertising	new server icecraft.kiwi
advertising	server ip is emerald.lt
advertising	pvpz0n3.cf
advertising	visit lunarmc.scb
advertising	new server funserver.homedepot
advertising	mcs3rv3r.crs
clean	check spigotmc.komatsu later
advertising	g0ldrush.sarl
advertising	best server is bedwars.madrid
advertising	server ip is goldrush.neustar
advertising	come play coolpvp.hdfc
advertising	looking for players at survivalcraft.aramco
advertising	play on dragonmc.theatre
advertising	0pcraft.swiss
advertising	c00lpvp.qa
advertising	join coolpvp.map
advertising	everyone join opcraft.koeln
advertising	come to pvpzone.aws
advertising	everyone join minescape.globo
advertising	check out lunarmc.schwarz
advertising	hop on coolpvp.page
advertising	hop on skymc.brother
clean	namemc.exchange is not a minecraft site
advertising	hop on mcserver.ru
advertising	server ip is funserver.ericsson
advertising	check out craftkingdom.pru
advertising	new server mcserver.seek
advertising	pvp server junglemc.vlaanderen
clean	the docs at modrinth.tt explain it
advertising	free ranks at craftmoon.weibo
clean	check curseforge.sn later
advertising	we moved to playmc.fail
advertising	f0xcraft.lat
advertising	ip coolpvp.compare
clean	that image is from spigotmc.th
clean	the changelog is at twitch.foo
advertising	free ranks at icecraft.accenture
advertising	new server coolpvp.christmas
advertising	g0ldrush.observer
advertising	check out emerald.gle
advertising	m3gasmp.sydney
clean	i saw a thread on stackoverflow.panasonic
advertising	s k y m c . l i n k
advertising	check out pvpzone.godaddy
clean	the wiki at spigotmc.airbus is old
advertising	visit skymc.ph
clean	their blog spigotmc.dvr is interesting
advertising	check out coolpvp.legal
advertising	drag0nmc.rs
advertising	new server skymc.bg
advertising	come play craftmoon.alstom
advertising	hop on pvpzone.jaguar
advertising	f0xcraft.politie
advertising	try opcraft.om
advertising	we moved to bestpvp.qa
clean	vimeo.uy is not a minecraft site
advertising	new server pvpzone.reliance
advertising	1c3craft.xxx
advertising	c00lpvp.lc
advertising	ip coolpvp.bid
advertising	b3dwars.rwe
advertising	come play funserver.ericsson
advertising	best server is foxcraft.politie
advertising	play on craftkingdom.drive
advertising	join nethermc.cfa
clean	check modrinth.leclerc later
advertising	join coolpvp.lasalle
advertising	check out playmc.mt
clean	that pastebin.immo tutorial helped
advertising	looking for players at emerald.buy
advertising	join bestpvp.statebank
advertising	drag0nmc.dentist
advertising	play on nethermc.dj
advertising	try playmc.travelersinsurance
clean	planetminecraft.pm is a bad website lol
advertising	ip bestpvp.menu
advertising	come play playmc.beats
advertising	best server is dragonmc.wang
advertising	try pvpzone.aws
clean	the wiki at steam.sex is old
advertising	come play nethermc.shangrila
advertising	best server is bestpvp.gr
clean	stackoverflow.gratis is a bad website lol
advertising	funs3rv3r.date
advertising	check out megasmp.phd
advertising	join goldrush.ge
clean	the wiki at youtube.dz is old
advertising	everyone join nethermc.contractors
advertising	come play pvpzone.credit
advertising	server ip is junglemc.aramco
advertising	come play dragonmc.na
advertising	check out junglemc.tech
advertising	my server is minescape.next
clean	spigotmc.cz is not a minecraft site
advertising	best server is pvpzone.ie
advertising	craftk1ngd0m.plus
advertising	server ip is icecraft.webcam
advertising	pvp server emerald.volvo
advertising	p l a y m c . e r i c s s o n
advertising	ip pvpzone.itv
advertising	best server is pvpzone.nissay
advertising	play on skymc.mom
advertising	b3stpvp.hair
advertising	play on pvpzone.stada
advertising	b3stpvp.help
advertising	server ip is craftkingdom.meme
clean	that vimeo.men tutorial helped
clean	the wiki at stackoverflow.reisen is old
advertising	visit bestpvp.sony
clean	youtube.edu is not a minecraft site
advertising	my server is nethermc.fit
advertising	visit playmc.tab
advertising	everyone join minescape.cfd
advertising	best server is skymc.omega
advertising	server ip is megasmp.cab
advertising	g0ldrush.lease
clean	i found the answer on medium.juniper
advertising	visit craftmoon.icu
advertising	new server goldrush.lighting
advertising	join emerald.bt
advertising	pvp server bestpvp.lotte
advertising	visit survivalcraft.drive
advertising	funs3rv3r.yun
advertising	best server is nethermc.nexus
advertising	drag0nmc.om
advertising	g0ldrush.creditunion
advertising	hop on junglemc.loans
advertising	everyone join mcserver.forex
advertising	ip mcserver.deal
advertising	server ip is coolpvp.monash
advertising	ip playmc.tm
advertising	new server dragonmc.wien
clean	the wiki at pastebin.rip is old
clean	the mod is hosted on pastebin.sandvik
advertising	best server is coolpvp.scb
clean	the mod is hosted on github.melbourne
advertising	s k y m c . b e a u t y
advertising	pvp server playmc.virgin
advertising	looking for players at mcserver.smile
advertising	play on funserver.lamer
advertising	server ip is opcraft.banamex
advertising	free ranks at dragonmc.hm
advertising	funs3rv3r.teva
advertising	free ranks at minescape.juniper
advertising	craftm00n.baidu
clean	google it or look at medium.citadel
advertising	drag0nmc.school
advertising	try skymc.grainger
advertising	try megasmp.book
advertising	my server is funserver.mg
clean	their blog fandom.pin is interesting
advertising	we moved to junglemc.xihuan
clean	the docs at github.play explain it
advertising	best server is funserver.holiday
advertising	b3dwars.sl
advertising	server ip is skymc.trv
clean	the changelog is at medium.lt
advertising	new server bedwars.ricoh
advertising	best server is junglemc.nra
advertising	free ranks at bestpvp.lr
advertising	check out megasmp.nico
clean	the docs at namemc.construction explain it
advertising	3m3rald.tools
advertising	hop on dragonmc.sc
advertising	everyone join icecraft.skin
clean	google it or look at stackoverflow.panasonic
advertising	new server icecraft.delta
advertising	free ranks at craftkingdom.zone
advertising	come play craftmoon.kfh
advertising	visit icecraft.cn
clean	vimeo.stc is not a minecraft site
advertising	try junglemc.kosher
advertising	join bedwars.ky
advertising	my server is bestpvp.ceo
advertising	we moved to icecraft.voto
advertising	we moved to anarchy.tatar
advertising	my server is pvpzone.solutions
clean	someone linked github.kg in a video
advertising	join bestpvp.ford
clean	someone linked curseforge.meet in a video
clean	i read it on steam.arte
advertising	check out coolpvp.richardli
advertising	funs3rv3r.mo
advertising	we moved to playmc.stockholm
clean	pastebin.mx loads slowly for me
advertising	best server is craftkingdom.frl
advertising	p l a y m c . i n s u r a n c e
advertising	visit funserver.aco
advertising	pvp server funserver.boston
advertising	m1n3scap3.schmidt
advertising	check out bedwars.ricoh
advertising	surv1valcraft.sakura
advertising	visit nethermc.limo
advertising	ip nethermc.taxi
advertising	hop on minescape.barcelona
advertising	funs3rv3r.kindle
advertising	come to coolpvp.lb
clean	i found the answer on pastebin.gs
clean	the changelog is at vimeo.flights
advertising	craftm00n.kfh
advertising	my server is nethermc.pm
advertising	looking for players at junglemc.shop
advertising	visit pvpzone.mortgage
advertising	new server junglemc.sj
advertising	come to junglemc.work
advertising	best server is bestpvp.yt
advertising	ip opcraft.tz
advertising	play on mcserver.holiday
clean	youtube.marketing is not a minecraft site
advertising	server ip is opcraft.zip
advertising	come to nethermc.ink
advertising	funs3rv3r.kuokgroup
advertising	pvp server anarchy.nu
advertising	my server is funserver.sale
clean	is stackoverflow.xbox down for anyone else
advertising	visit icecraft.xxx
advertising	m3gasmp.engineering
advertising	join craftmoon.frogans
advertising	everyone join skymc.pr
advertising	server ip is junglemc.wf
advertising	best server is icecraft.here
clean	i read it on imgur.safe
advertising	b3dwars.tirol
clean	the mod is hosted on steam.fyi
advertising	everyone join icecraft.hamburg
advertising	3m3rald.cheap
advertising	server ip is craftkingdom.info
advertising	drag0nmc.wme
advertising	check out coolpvp.progressive
clean	the mod is hosted on planetminecraft.alsace
advertising	visit playmc.skype
advertising	pvp server megasmp.bms
advertising	check out craftmoon.moi
advertising	come to lunarmc.mq
clean	their blog modrinth.pid is interesting
advertising	try anarchy.abbott
advertising	play on coolpvp.ping
advertising	check out coolpvp.gi
clean	check modrinth.clothing later
advertising	ip anarchy.pru
advertising	ip minescape.auto
advertising	come play survivalcraft.bike
clean	that image is from vimeo.gq
advertising	check out goldrush.finance
advertising	play on mcserver.seek
advertising	play on pvpzone.alibaba
advertising	surv1valcraft.aws
advertising	free ranks at opcraft.photos
advertising	try nethermc.ibm
clean	vimeo.joburg is not a minecraft site
advertising	try foxcraft.lk
advertising	visit survivalcraft.edu
advertising	join craftmoon.sandvik
clean	i saw a thread on planetminecraft.diy
advertising	visit playmc.tci
advertising	m1n3scap3.dev
advertising	play on coolpvp.qa
advertising	looking for players at opcraft.mc
clean	namemc.godaddy is not a minecraft site
advertising	server ip is skymc.education
advertising	new server junglemc.reit
advertising	visit goldrush.rest
advertising	1c3craft.casa
advertising	best server is nethermc.investments
advertising	pvp server goldrush.sy
advertising	play on survivalcraft.rwe
clean	the issue is tracked at papermc.li
advertising	come play pvpzone.cern
advertising	new server nethermc.citi
advertising	come play junglemc.volvo
advertising	try megasmp.citic
advertising	hop on coolpvp.lb
clean	check planetminecraft.pt later
advertising	0pcraft.capitalone
advertising	f0xcraft.nagoya
advertising	visit foxcraft.farm
advertising	best server is skymc.aco
advertising	come to megasmp.mini
advertising	my server is funserver.free
clean	twitch.email is not a minecraft site
advertising	join playmc.abc
advertising	3m3rald.ly
advertising	come play anarchy.video
advertising	1c3craft.pohl
advertising	come to bestpvp.prudential
clean	the docs at reddit.bridgestone explain it
advertising	free ranks at bestpvp.radio
advertising	everyone join goldrush.fans
clean	is planetminecraft.download down for anyone else
advertising	visit minescape.party
advertising	p l a y m c . s c h o l a r s h i p s
advertising	join pvpzone.ups
clean	their blog github.feedback is interesting
clean	the docs at namemc.bcg explain it
clean	i found the answer on reddit.fage
advertising	new server survivalcraft.gbiz
advertising	b3dwars.cz
advertising	check out emerald.intuit
advertising	come play megasmp.vet
advertising	craftm00n.agakhan
advertising	drag0nmc.latino
clean	the wiki at planetminecraft.florist is old
advertising	we moved to megasmp.nfl
clean	fandom.guide is not a minecraft site
advertising	come to megasmp.ug
advertising	pvp server minescape.diet
clean	their blog imgur.stockholm is interesting
advertising	b3dwars.discover
advertising	come play anarchy.vivo
clean	their blog fandom.dealer is interesting
advertising	try lunarmc.rugby
advertising	my server is dragonmc.dk
advertising	visit anarchy.abbott
clean	i saw a thread on github.casino
advertising	play on skymc.williamhill
clean	that imgur.ntt tutorial helped
advertising	my server is craftkingdom.run
advertising	pvp server minescape.kaufen
advertising	come to bestpvp.ni
advertising	n3th3rmc.uz
advertising	try bestpvp.ismaili
clean	i read it on planetminecraft.auction
advertising	a n a r c h y . v i v o
advertising	my server is foxcraft.college
advertising	visit emerald.trading
advertising	server ip is icecraft.cards
advertising	we moved to craftmoon.saarland
advertising	b3dwars.lu
advertising	visit opcraft.zero
advertising	join nethermc.vlaanderen
advertising	drag0nmc.dental
advertising	pvp server playmc.tokyo
clean	check steam.fairwinds later
advertising	new server craftmoon.press
advertising	looking for players at mcserver.codes
advertising	play on megasmp.whoswho
advertising	mcs3rv3r.bom
advertising	try craftkingdom.tw
clean	that vimeo.helsinki tutorial helped
clean	i read it on spigotmc.cuisinella
advertising	come play survivalcraft.rwe
advertising	we moved to nethermc.ink
clean	modrinth.ge loads slowly for me
clean	their blog papermc.soccer is interesting
advertising	try junglemc.tatar
advertising	pvp server nethermc.republican
advertising	best server is dragonmc.gr
advertising	pvp server mcserver.taipei
advertising	try nethermc.rocks
advertising	try survivalcraft.democrat
advertising	pvp server minescape.amsterdam
advertising	s k y m c . c a r e e r s
advertising	pvpz0n3.supplies
advertising	we moved to craftmoon.condos
advertising	s k y m c . s e l e c t
advertising	ip minescape.audi
advertising	try emerald.bg
advertising	s k y m c . e n t e r p r i s e s
advertising	come to goldrush.dvag
advertising	join junglemc.like
advertising	pvp server craftkingdom.skype
advertising	c00lpvp.sener
advertising	pvp server playmc.by
advertising	visit craftmoon.ar
advertising	come to emerald.esq
clean	that twitch.safety tutorial helped
advertising	come to anarchy.cars
advertising	0pcraft.zip
advertising	a n a r c h y . f l o w e r s
advertising	server ip is bedwars.cuisinella
advertising	ip bestpvp.delta
advertising	we moved to megasmp.mtn
clean	youtube.hospital loads slowly for me
clean	curseforge.mormon is not a minecraft site
advertising	try icecraft.art
advertising	g0ldrush.seek
advertising	server ip is opcraft.im
clean	the docs at twitch.email explain it
advertising	surv1valcraft.sz
advertising	looking for players at opcraft.living
advertising	best server is playmc.hk
advertising	new server craftmoon.recipes
advertising	join pvpzone.cat
advertising	craftm00n.whoswho
advertising	come to funserver.pa
advertising	s k y m c . c a s e
advertising	pvpz0n3.store
advertising	come play icecraft.tires
advertising	play on emerald.menu
advertising	craftk1ngd0m.rogers
clean	the issue is tracked at imgur.gmail
advertising	come to opcraft.banamex
advertising	best server is playmc.fail
clean	their blog modrinth.creditunion is interesting
advertising	everyone join anarchy.smart
advertising	my server is craftkingdom.healthcare
clean	the docs at spigotmc.hosting explain it
clean	fandom.ht is not a minecraft site
advertising	check out pvpzone.istanbul
advertising	check out nethermc.pioneer
advertising	visit funserver.nfl
advertising	play on anarchy.lol
clean	the changelog is at fandom.statebank
clean	check steam.biz later
advertising	pvpz0n3.nissay
clean	vimeo.okinawa is not a minecraft site
advertising	b3dwars.ky
advertising	craftk1ngd0m.ggee
advertising	server ip is funserver.catholic
advertising	my server is dragonmc.cards
advertising	server ip is icecraft.bd
advertising	play on goldrush.td
advertising	come to icecraft.ping
advertising	join junglemc.moda
advertising	we moved to playmc.eco
advertising	join bedwars.institute
advertising	free ranks at pvpzone.fm
clean	the changelog is at medium.link
advertising	come to dragonmc.navy
clean	google it or look at spigotmc.mu
clean	the mod is hosted on pastebin.wiki
advertising	come play goldrush.gle
advertising	hop on opcraft.fan
advertising	3m3rald.uz
advertising	c00lpvp.cafe
clean	the docs at twitch.build explain it
advertising	best server is junglemc.bs
clean	i read it on modrinth.caravan
advertising	we moved to junglemc.uk
advertising	ip craftkingdom.pe
advertising	my server is dragonmc.yandex
advertising	pvp server playmc.frontier
clean	check vimeo.praxi later
advertising	my server is coolpvp.biz
clean	someone linked medium.sa in a video
advertising	hop on bedwars.watches
advertising	my server is goldrush.lease
advertising	pvp server craftmoon.flowers
clean	i read it on youtube.xerox
clean	the wiki at papermc.lpl is old
advertising	play on lunarmc.cam
clean	check steam.om later
clean	someone linked papermc.coupons in a video
advertising	ip junglemc.mx
advertising	visit foxcraft.spot
advertising	try nethermc.broker
advertising	my server is anarchy.barclays
clean	modrinth.olayan is not a minecraft site
advertising	ip minescape.es
advertising	check out minescape.tiaa
advertising	come play craftmoon.fujitsu
advertising	pvp server skymc.visa
advertising	play on coolpvp.community
advertising	pvp server skymc.nl
advertising	play on playmc.coach
advertising	play on bedwars.ki
advertising	we moved to icecraft.kiwi
advertising	come to lunarmc.style
advertising	join coolpvp.sz
advertising	pvp server craftmoon.app
advertising	server ip is craftkingdom.im
clean	their blog twitch.gd is interesting
clean	spigotmc.storage loads slowly for me
clean	fandom.schmidt is a bad website lol
advertising	my server is craftmoon.song
clean	someone linked reddit.politie in a video
advertising	try emerald.mattel
advertising	join craftkingdom.circle
advertising	new server craftkingdom.boo
advertising	3m3rald.gf
advertising	s k y m c . y o u t u b e
advertising	1c3craft.statebank
advertising	try bestpvp.ms
clean	i saw a thread on modrinth.center
advertising	visit opcraft.jll
advertising	play on lunarmc.rsvp
advertising	ip pvpzone.itau
clean	is github.nikon down for anyone else
advertising	play on bestpvp.pid
clean	the mod is hosted on twitch.cards
advertising	join icecraft.tunes
advertising	free ranks at mcserver.taipei
advertising	l u n a r m c . l a t r o b e
advertising	server ip is funserver.singles
advertising	join skymc.store
advertising	new server coolpvp.dclk
advertising	we moved to nethermc.shiksha
clean	someone linked modrinth.qpon in a video
advertising	looking for players at goldrush.verisign
advertising	join bedwars.immobilien
advertising	pvp server skymc.th
advertising	new server coolpvp.lb
advertising	check out nethermc.pm
advertising	my server is craftkingdom.organic
advertising	try bestpvp.pid
advertising	play on coolpvp.kindle
advertising	we moved to foxcraft.nagoya
advertising	p l a y m c . s k y p e
advertising	pvp server goldrush.gle
clean	the issue is tracked at steam.si
advertising	hop on bedwars.now
advertising	come to nethermc.hosting
clean	vimeo.praxi loads slowly for me
advertising	we moved to minescape.py
advertising	3m3rald.vodka
advertising	craftm00n.saarland
advertising	come to skymc.select
clean	the wiki at steam.llc is old
advertising	p l a y m c . w i n
advertising	my server is goldrush.surgery
advertising	try emerald.uy
advertising	s k y m c . l a w y e r
advertising	best server is junglemc.sex
advertising	come play emerald.grocery
advertising	try goldrush.rw
advertising	pvpz0n3.ie
advertising	b3stpvp.qa
advertising	free ranks at craftkingdom.frl
clean	the mod is hosted on imgur.diamonds
advertising	pvp server funserver.vu
advertising	visit nethermc.alipay
advertising	server ip is mcserver.ltda
advertising	best server is anarchy.jpmorgan
advertising	come to craftmoon.mil
advertising	p l a y m c . h n
advertising	looking for players at emerald.ls
advertising	pvp server bedwars.nextdirect
advertising	surv1valcraft.jio
advertising	pvp server bedwars.dish
advertising	try icecraft.network
clean	spigotmc.orange loads slowly for me
advertising	looking for players at bedwars.careers
advertising	n3th3rmc.download
advertising	my server is junglemc.money
advertising	b3dwars.sexy
advertising	join dragonmc.suzuki
advertising	everyone join emerald.rexroth
advertising	best server is funserver.fo
advertising	my server is mcserver.lplfinancial
advertising	new server craftmoon.show
advertising	looking for players at craftkingdom.ac
advertising	free ranks at coolpvp.homes
advertising	come to nethermc.gift
advertising	visit pvpzone.coupons
advertising	looking for players at megasmp.bofa
clean	the issue is tracked at curseforge.ee
advertising	server ip is craftmoon.nz
clean	someone linked planetminecraft.rs in a video
clean	that image is from youtube.mc
clean	google it or look at papermc.marshalls
advertising	everyone join playmc.ing
advertising	play on opcraft.ve
advertising	best server is coolpvp.dclk
advertising	my server is bestpvp.aig
advertising	surv1valcraft.aramco
advertising	craftk1ngd0m.nr
advertising	everyone join mcserver.emerck
advertising	b3dwars.es
advertising	c00lpvp.airbus
clean	is wikipedia.like down for anyone else
clean	is fandom.ms down for anyone else
advertising	free ranks at pvpzone.al
advertising	3m3rald.kids
advertising	everyone join goldrush.solar
advertising	p l a y m c . e s q
advertising	m1n3scap3.crs
clean	the issue is tracked at curseforge.gr
advertising	server ip is goldrush.tmall
advertising	looking for players at craftmoon.bloomberg
advertising	ip junglemc.kosher
advertising	new server skymc.dm
advertising	try coolpvp.fly
advertising	come to coolpvp.bbt
advertising	server ip is lunarmc.helsinki
clean	that steam.ai tutorial helped
advertising	p l a y m c . r e a d
advertising	free ranks at bestpvp.ni
advertising	best server is minescape.msd
advertising	ip foxcraft.ad
clean	the wiki at github.vig is old
advertising	visit megasmp.support
advertising	everyone join lunarmc.ferrero
clean	the mod is hosted on curseforge.ir
advertising	looking for players at megasmp.stcgroup
clean	someone linked twitch.build in a video
advertising	we moved to dragonmc.ren
clean	the changelog is at github.cash
advertising	server ip is skymc.family
advertising	come to icecraft.datsun
advertising	pvp server skymc.report
advertising	check out emerald.ht
advertising	pvpz0n3.am
advertising	come to craftmoon.locus
advertising	hop on craftmoon.web
advertising	my server is opcraft.olayan
advertising	looking for players at mcserver.bosch
advertising	check out skymc.gay
advertising	ip skymc.si
clean	that image is from reddit.pfizer
clean	the changelog is at wikipedia.chat
advertising	3m3rald.mini
advertising	surv1valcraft.ao
advertising	drag0nmc.build
advertising	ip craftkingdom.politie
advertising	join junglemc.mu
advertising	f0xcraft.room
advertising	l u n a r m c . m a i f
advertising	try dragonmc.suzuki
advertising	pvp server emerald.ly
advertising	try junglemc.sakura
advertising	join craftmoon.lighting
advertising	jungl3mc.apartments
advertising	free ranks at mcserver.chat
clean	the mod is hosted on github.global
advertising	looking for players at foxcraft.review
advertising	play on coolpvp.schwarz
advertising	play on survivalcraft.market
advertising	come play minescape.java
advertising	my server is nethermc.ac
advertising	m1n3scap3.nc
advertising	server ip is mcserver.support
advertising	craftm00n.gdn
advertising	p l a y m c . k g
clean	their blog imgur.xihuan is interesting
advertising	b3stpvp.aig
clean	their blog steam.audible is interesting
advertising	b3dwars.ki
clean	reddit.club loads slowly for me
advertising	free ranks at icecraft.statebank
advertising	c00lpvp.kpmg
clean	check fandom.sc later
advertising	best server is bedwars.discount
clean	youtube.dentist is not a minecraft site
clean	i saw a thread on pastebin.fox
advertising	hop on funserver.pnc
advertising	come play bedwars.ca
advertising	everyone join playmc.tokyo
advertising	c00lpvp.gy
advertising	looking for players at anarchy.mov
advertising	drag0nmc.pw
clean	their blog curseforge.no is interesting
advertising	check out anarchy.date
advertising	server ip is survivalcraft.forum
advertising	come to minescape.farm
advertising	pvp server goldrush.studio
clean	the docs at stackoverflow.tk explain it
advertising	free ranks at coolpvp.toys
advertising	everyone join junglemc.fitness
advertising	pvp server mcserver.parts
advertising	jungl3mc.xbox
clean	check reddit.club later
advertising	pvp server mcserver.cr
clean	the wiki at steam.biz is old
advertising	we moved to opcraft.im
advertising	1c3craft.nagoya
advertising	b3stpvp.vodka
advertising	looking for players at nethermc.science
clean	modrinth.rsvp loads slowly for me
advertising	server ip is foxcraft.career
advertising	everyone join goldrush.sucks
clean	wikipedia.rogers is not a minecraft site
advertising	pvpz0n3.barcelona
advertising	play on survivalcraft.soy
advertising	check out minescape.blockbuster
advertising	join skymc.ss
advertising	server ip is craftmoon.flowers
clean	the docs at papermc.film explain it
advertising	hop on bestpvp.dating
advertising	free ranks at nethermc.asia
advertising	server ip is pvpzone.istanbul
advertising	surv1valcraft.osaka
advertising	server ip is bestpvp.redumbrella
advertising	f0xcraft.cfd
advertising	free ranks at icecraft.amazon
advertising	surv1valcraft.energy
advertising	new server dragonmc.lefrak
advertising	everyone join pvpzone.bi
advertising	m3gasmp.athleta
advertising	come to junglemc.wow
advertising	come to bedwars.hiv
advertising	hop on anarchy.financial
clean	the changelog is at reddit.motorcycles
advertising	visit megasmp.stcgroup
clean	the wiki at spigotmc.furniture is old
advertising	best server is craftmoon.nz
clean	someone linked imgur.ua in a video
advertising	pvp server bestpvp.surf
advertising	server ip is craftmoon.au
advertising	new server anarchy.google
advertising	come to junglemc.shouji
advertising	join emerald.place
clean	that image is from medium.accountant
clean	the issue is tracked at papermc.jp
advertising	my server is foxcraft.tr
clean	steam.ky is a bad website lol
advertising	b3stpvp.business
clean	the mod is hosted on steam.sncf
advertising	craftm00n.arab
advertising	come to emerald.gf
advertising	check out megasmp.emerck
advertising	looking for players at minescape.realtor
advertising	hop on foxcraft.gallup
clean	the issue is tracked at youtube.abbott
advertising	funs3rv3r.lamer
advertising	ip goldrush.sarl
advertising	check out nethermc.party
advertising	free ranks at coolpvp.richardli
advertising	play on junglemc.kosher
advertising	server ip is nethermc.office
advertising	best server is minescape.dance
clean	spigotmc.hosting is a bad website lol
advertising	server ip is bedwars.properties
clean	their blog spigotmc.tiaa is interesting
advertising	new server funserver.cbre
advertising	ip mcserver.tienda
advertising	come play mcserver.ooo
clean	i found the answer on namemc.pet
advertising	we moved to skymc.services
advertising	best server is junglemc.shouji
advertising	my server is pvpzone.me
advertising	come play bedwars.tirol
advertising	we moved to anarchy.foo
clean	is curseforge.zero down for anyone else
clean	the changelog is at papermc.horse
advertising	best server is minescape.blog
advertising	m1n3scap3.rehab
advertising	g0ldrush.book
advertising	check out pvpzone.tips
advertising	looking for players at goldrush.builders
advertising	hop on dragonmc.vi
advertising	free ranks at dragonmc.omega
clean	is planetminecraft.cool down for anyone else
advertising	looking for players at foxcraft.ice
advertising	best server is pvpzone.kddi
advertising	ip emerald.us
advertising	everyone join bedwars.nike
advertising	drag0nmc.theatre
advertising	play on coolpvp.kyoto
clean	the wiki at medium.stream is old
advertising	check out minescape.cm
advertising	3m3rald.goog
advertising	come play playmc.travelers
advertising	surv1valcraft.solutions
advertising	ip lunarmc.jpmorgan
advertising	check out craftkingdom.xyz
advertising	try anarchy.hyundai
advertising	ip skymc.deloitte
advertising	1c3craft.gs
advertising	free ranks at survivalcraft.imamat
advertising	check out funserver.teva
advertising	s k y m c . c i p r i a n i
advertising	looking for players at funserver.sale
advertising	a n a r c h y . a d u l t
clean	i saw a thread on spigotmc.fund
advertising	new server junglemc.mx
advertising	f0xcraft.sandvikcoromant
advertising	check out emerald.kids
advertising	m3gasmp.mtn
advertising	server ip is bedwars.softbank
advertising	join funserver.kindle
advertising	mcs3rv3r.juniper
advertising	new server lunarmc.buy
advertising	play on playmc.clubmed
advertising	join skymc.juegos
advertising	try pvpzone.mls
advertising	we moved to funserver.gea
advertising	mcs3rv3r.bosch
advertising	ip lunarmc.marriott
advertising	pvpz0n3.market
advertising	surv1valcraft.bestbuy
clean	the docs at imgur.mango explain it
advertising	free ranks at skymc.here
advertising	looking for players at coolpvp.pfizer
advertising	looking for players at playmc.photography
advertising	hop on craftkingdom.hkt
advertising	join lunarmc.calvinklein
advertising	join skymc.rogers
clean	the mod is hosted on planetminecraft.cr
advertising	server ip is survivalcraft.makeup
advertising	best server is foxcraft.nagoya
clean	the changelog is at twitch.archi
advertising	mcs3rv3r.at
advertising	free ranks at foxcraft.vanguard
advertising	visit coolpvp.legal
advertising	a n a r c h y . c l i c k
clean	i read it on papermc.lb
clean	pastebin.democrat loads slowly for me
clean	google it or look at github.softbank
advertising	try icecraft.read
advertising	free ranks at minescape.kia
advertising	visit bedwars.imamat
advertising	looking for players at bestpvp.nab
advertising	f0xcraft.farm
advertising	everyone join mcserver.walter
advertising	everyone join icecraft.vin
advertising	craftm00n.place
clean	twitch.zuerich loads slowly for me
advertising	my server is goldrush.dealer
advertising	3m3rald.rexroth
advertising	come to minescape.kia
advertising	pvp server icecraft.landrover
clean	i saw a thread on imgur.pk
advertising	visit lunarmc.windows
advertising	0pcraft.zappos
advertising	everyone join skymc.diy
advertising	try icecraft.nf
clean	the wiki at papermc.kuokgroup is old
advertising	free ranks at bedwars.total
advertising	jungl3mc.aramco
advertising	hop on playmc.kp
advertising	join funserver.radio
advertising	check out anarchy.prudential
advertising	ip craftmoon.bio
advertising	b3dwars.charity
clean	i saw a thread on medium.poker
advertising	1c3craft.jobs
clean	the wiki at fandom.ar is old
clean	wikipedia.loans is not a minecraft site
advertising	come to icecraft.hermes
advertising	everyone join mcserver.lexus
advertising	pvp server nethermc.legal
advertising	pvp server craftmoon.toray
advertising	try megasmp.de
advertising	pvp server funserver.sg
advertising	pvp server survivalcraft.gives
advertising	join icecraft.dubai
advertising	server ip is bedwars.vacations
advertising	visit bedwars.microsoft
advertising	hop on coolpvp.tci
advertising	new server skymc.gay
clean	fandom.cat is not a minecraft site
clean	that image is from namemc.fidelity
advertising	check out funserver.direct
advertising	1c3craft.voto
advertising	n3th3rmc.contractors
advertising	mcs3rv3r.hot
advertising	come play dragonmc.na
advertising	check out opcraft.photos
advertising	come to opcraft.audible
advertising	try survivalcraft.partners
advertising	try nethermc.guide
advertising	jungl3mc.ie
clean	youtube.vlaanderen loads slowly for me
advertising	visit pvpzone.diamonds
advertising	best server is opcraft.zip
advertising	new server emerald.george
advertising	join bedwars.rsvp
advertising	free ranks at survivalcraft.bingo
clean	google it or look at github.cash
advertising	server ip is coolpvp.homegoods
advertising	join craftkingdom.app
advertising	best server is nethermc.gucci
advertising	we moved to bedwars.sl
advertising	everyone join nethermc.taxi
advertising	ip bestpvp.gap
advertising	visit craftmoon.saarland
advertising	best server is dragonmc.paris
advertising	craftm00n.netflix
advertising	drag0nmc.limited
advertising	best server is icecraft.wow
advertising	looking for players at skymc.store
advertising	visit survivalcraft.jio
clean	their blog spigotmc.london is interesting
advertising	new server foxcraft.run
advertising	craftm00n.vin
clean	the wiki at steam.navy is old
clean	the changelog is at vimeo.africa
advertising	best server is bestpvp.komatsu
advertising	join funserver.cbre
advertising	free ranks at goldrush.center
advertising	best server is junglemc.ie
advertising	hop on nethermc.mobile
advertising	come play bedwars.bet
advertising	looking for players at icecraft.coupon
advertising	g0ldrush.nba
clean	their blog modrinth.tax is interesting
advertising	check out goldrush.men
advertising	best server is mcserver.car
advertising	mcs3rv3r.healthcare
advertising	come to funserver.asia
advertising	visit nethermc.ibm
advertising	try lunarmc.marriott
clean	someone linked fandom.ott in a video
advertising	everyone join junglemc.cricket
advertising	c00lpvp.bw
advertising	my server is minescape.schmidt
advertising	best server is pvpzone.pictet
advertising	new server dragonmc.chanel
advertising	visit funserver.author
advertising	3m3rald.vig
clean	youtube.earth is not a minecraft site
advertising	free ranks at nethermc.dj
advertising	come to megasmp.industries
advertising	visit mcserver.physio
clean	is imgur.schaeffler down for anyone else
advertising	try nethermc.yandex
advertising	everyone join coolpvp.gi
advertising	check out craftmoon.edu
advertising	everyone join anarchy.cyou
advertising	visit nethermc.kn
advertising	we moved to survivalcraft.pt
advertising	try playmc.eco
clean	their blog steam.prof is interesting
clean	the wiki at pastebin.ubs is old
clean	check wikipedia.rogers later
advertising	best server is craftmoon.nextdirect
advertising	ip lunarmc.calvinklein
advertising	play on funserver.wedding
advertising	check out coolpvp.lego
advertising	p l a y m c . g o l f
advertising	surv1valcraft.imamat
advertising	1c3craft.nec
advertising	ip foxcraft.tax
advertising	come to survivalcraft.tvs
clean	that image is from github.google
clean	google it or look at fandom.agency
advertising	everyone join megasmp.feedback
advertising	l u n a r m c . b u z z
advertising	a n a r c h y . n u
advertising	try coolpvp.tattoo
advertising	we moved to lunarmc.gq
advertising	we moved to skymc.jio
advertising	server ip is junglemc.afl
advertising	ip dragonmc.hm
advertising	pvp server nethermc.technology
advertising	everyone join skymc.family
advertising	b3dwars.coop
advertising	pvpz0n3.my
advertising	come to megasmp.sydney
clean	curseforge.george is a bad website lol
clean	i saw a thread on modrinth.game
advertising	free ranks at goldrush.sucks
advertising	pvp server coolpvp.museum
advertising	come play craftmoon.origins
advertising	ip craftkingdom.tw
advertising	pvp server anarchy.statefarm
clean	i found the answer on steam.mov
advertising	check out mcserver.deal
advertising	try lunarmc.latrobe
advertising	we moved to skymc.ng
advertising	new server emerald.audio
advertising	come to nethermc.democrat
advertising	server ip is coolpvp.tdk
advertising	come to goldrush.solar
advertising	free ranks at dragonmc.vivo
advertising	server ip is pvpzone.jaguar
clean	vimeo.sohu loads slowly for me
clean	that image is from spigotmc.london
clean	that image is from steam.tv
advertising	visit craftmoon.so
clean	the mod is hosted on github.company
clean	the mod is hosted on wikipedia.ls
advertising	play on nethermc.limo
advertising	we moved to survivalcraft.bike
clean	the wiki at spigotmc.al is old
advertising	looking for players at megasmp.mh
clean	medium.bw is a bad website lol
clean	their blog medium.win is interesting
advertising	check out anarchy.silk
advertising	everyone join dragonmc.ne
clean	check youtube.vacations later
clean	google it or look at twitch.goodyear
advertising	we moved to pvpzone.info
clean	the issue is tracked at planetminecraft.download
advertising	new server nethermc.nokia
advertising	come to megasmp.events
clean	that image is from steam.be
advertising	server ip is craftkingdom.sohu
advertising	play on coolpvp.mango
advertising	join megasmp.sbs
advertising	p l a y m c . v i r g i n
clean	the changelog is at curseforge.xyz
advertising	pvp server junglemc.aol
advertising	looking for players at craftkingdom.ggee
advertising	looking for players at goldrush.moscow
advertising	my server is funserver.kpn
advertising	everyone join coolpvp.airbus
advertising	looking for players at pvpzone.mls
clean	the wiki at vimeo.africa is old
advertising	0pcraft.photos
advertising	1c3craft.dubai
advertising	free ranks at lunarmc.wtf
advertising	visit funserver.mitsubishi
advertising	join emerald.reise
advertising	craftm00n.sb
advertising	we moved to nethermc.bond
clean	i read it on modrinth.discover
advertising	my server is mcserver.tienda
advertising	ip survivalcraft.aramco
advertising	funs3rv3r.norton
advertising	hop on playmc.ltda
advertising	new server coolpvp.bo
advertising	1c3craft.cyou
clean	someone linked planetminecraft.tjmaxx in a video
advertising	play on bedwars.hiv
clean	the issue is tracked at steam.zw
advertising	join lunarmc.gmo
advertising	pvp server funserver.lefrak
advertising	come play foxcraft.trade
advertising	jungl3mc.vlaanderen
advertising	looking for players at skymc.ski
clean	the changelog is at spigotmc.android
advertising	l u n a r m c . s e v e n
advertising	pvpz0n3.me
clean	planetminecraft.mw loads slowly for me
clean	their blog papermc.bauhaus is interesting
clean	i saw a thread on steam.tui
advertising	check out pvpzone.alsace
clean	check fandom.madrid later
advertising	1c3craft.social
clean	vimeo.men is not a minecraft site
advertising	my server is megasmp.ing
advertising	come to playmc.icu
advertising	free ranks at craftmoon.joy
advertising	pvp server bestpvp.in
advertising	b3stpvp.pid
advertising	try megasmp.circle
advertising	free ranks at mcserver.gold
clean	i read it on curseforge.bn
advertising	join funserver.komatsu
advertising	pvp server craftkingdom.ggee
clean	the issue is tracked at modrinth.nagoya
advertising	come to opcraft.amazon
advertising	free ranks at dragonmc.wien
advertising	server ip is opcraft.capitalone
advertising	free ranks at bedwars.tirol
clean	i read it on curseforge.jpmorgan
advertising	new server coolpvp.tattoo
advertising	new server bestpvp.contractors
advertising	my server is emerald.kred
advertising	check out icecraft.social
advertising	pvpz0n3.alsace
advertising	join goldrush.markets
clean	that curseforge.kn tutorial helped
advertising	try coolpvp.gea
advertising	g0ldrush.alipay
advertising	visit junglemc.shouji
advertising	hop on mcserver.car
advertising	visit bestpvp.allfinanz
advertising	best server is survivalcraft.sz
advertising	come to coolpvp.gy
clean	is pastebin.limited down for anyone else
advertising	try nethermc.club
advertising	try minescape.il
advertising	check out skymc.fage
advertising	everyone join junglemc.nra
advertising	hop on mcserver.cab
advertising	looking for players at pvpzone.citadel
advertising	check out anarchy.tatar
advertising	new server pvpzone.sas
clean	the wiki at github.domains is old
advertising	ip skymc.clinique
advertising	jungl3mc.loans
advertising	join craftkingdom.itv
advertising	surv1valcraft.pt
advertising	hop on craftmoon.nab
advertising	jungl3mc.bs
clean	imgur.dell is not a minecraft site
advertising	new server bedwars.property
clean	twitch.glass loads slowly for me
advertising	new server funserver.uno
clean	the mod is hosted on twitch.lu
clean	someone linked vimeo.men in a video
clean	the mod is hosted on pastebin.ac
advertising	come to craftmoon.kim
advertising	b3stpvp.day
clean	i read it on reddit.mini
advertising	pvpz0n3.gmo
advertising	everyone join skymc.williamhill
advertising	free ranks at goldrush.fish
clean	that youtube.wedding tutorial helped
advertising	server ip is foxcraft.run
advertising	pvp server craftkingdom.reviews
advertising	free ranks at opcraft.xihuan
advertising	try survivalcraft.vg
advertising	free ranks at funserver.dnp
advertising	best server is coolpvp.icbc
advertising	play on mcserver.bcg
advertising	free ranks at bestpvp.auto
advertising	craftm00n.nz
advertising	1c3craft.imdb
advertising	best server is icecraft.tatamotors
advertising	a n a r c h y . a b b o t t
advertising	looking for players at minescape.autos
clean	the issue is tracked at planetminecraft.flowers
advertising	we moved to megasmp.spa
clean	stackoverflow.aco loads slowly for me
advertising	looking for players at megasmp.jewelry
advertising	ip emerald.gu
advertising	everyone join nethermc.institute
advertising	check out junglemc.tatar
advertising	try craftmoon.ntt
advertising	hop on survivalcraft.hn
advertising	pvp server megasmp.caravan
clean	github.merckmsd is not a minecraft site
advertising	hop on foxcraft.gay
advertising	best server is skymc.mckinsey
advertising	everyone join skymc.trv
advertising	f0xcraft.eco
clean	their blog steam.be is interesting
clean	google it or look at spigotmc.capetown
clean	someone linked github.su in a video
clean	the issue is tracked at papermc.lawyer
clean	imgur.reit is not a minecraft site
advertising	new server emerald.education
advertising	my server is coolpvp.melbourne
advertising	new server icecraft.ford
advertising	server ip is nethermc.vlaanderen
advertising	play on coolpvp.thd
clean	stackoverflow.blockbuster is a bad website lol
advertising	try survivalcraft.builders
advertising	server ip is survivalcraft.hamburg
advertising	join craftkingdom.tw
advertising	new server craftkingdom.pn
advertising	try pvpzone.itau
advertising	new server megasmp.athleta
advertising	my server is foxcraft.ad
advertising	try craftmoon.alstom
advertising	funs3rv3r.boston
advertising	visit pvpzone.taxi
advertising	looking for players at anarchy.author
clean	the wiki at pastebin.ss is old
advertising	visit icecraft.nhk
clean	someone linked reddit.eus in a video
advertising	come play survivalcraft.gbiz
advertising	come play anarchy.hr
advertising	try funserver.pics
advertising	free ranks at craftkingdom.orange
clean	that image is from curseforge.americanfamily
advertising	visit skymc.hiphop
advertising	b3stpvp.prudential
advertising	free ranks at lunarmc.shouji
advertising	pvp server mcserver.woodside
advertising	we moved to craftmoon.netflix
advertising	new server lunarmc.ao
advertising	come to minescape.dad
clean	that image is from papermc.lb
clean	that vimeo.gp tutorial helped
advertising	c00lpvp.stada
advertising	hop on goldrush.surgery
clean	that image is from wikipedia.firestone
advertising	pvp server icecraft.here
advertising	hop on emerald.insure
clean	imgur.am is a bad website lol
advertising	best server is skymc.km
clean	planetminecraft.athleta is not a minecraft site
clean	someone linked modrinth.arpa in a video
clean	the issue is tracked at imgur.ibm
advertising	play on playmc.bible
advertising	0pcraft.surgery
clean	the changelog is at wikipedia.review
advertising	try dragonmc.ga
advertising	we moved to craftmoon.temasek
advertising	server ip is skymc.dtv
advertising	play on icecraft.pf
advertising	my server is lunarmc.itau
advertising	everyone join anarchy.airforce
advertising	check out pvpzone.asda
advertising	check out mcserver.versicherung
advertising	f0xcraft.cbre
advertising	looking for players at lunarmc.international
advertising	hop on coolpvp.vip
advertising	come to goldrush.winners
advertising	pvp server craftmoon.press
clean	check youtube.nrw later
clean	imgur.frl loads slowly for me
advertising	free ranks at pvpzone.mortgage
advertising	f0xcraft.game
advertising	s k y m c . g a l l e r y
advertising	new server opcraft.dot
advertising	funs3rv3r.blue
clean	papermc.ni is not a minecraft site
clean	i saw a thread on wikipedia.bing
advertising	visit lunarmc.travel
advertising	mcs3rv3r.data
clean	that namemc.hangout tutorial helped
clean	that medium.dev tutorial helped
advertising	hop on foxcraft.parts
advertising	play on icecraft.art
advertising	try anarchy.citadel
advertising	pvp server coolpvp.community
advertising	ip icecraft.skin
advertising	play on bestpvp.by
clean	their blog imgur.lexus is interesting
advertising	come to pvpzone.jmp
advertising	free ranks at junglemc.fk
advertising	server ip is junglemc.cy
advertising	my server is mcserver.yahoo
advertising	looking for players at funserver.ferrero
advertising	best server is lunarmc.lacaixa
advertising	visit lunarmc.gs
clean	the docs at fandom.monster explain it
advertising	join goldrush.seek
advertising	check out junglemc.bs
advertising	free ranks at lunarmc.temasek
clean	google it or look at fandom.holiday
advertising	new server bedwars.ki
advertising	free ranks at craftkingdom.cc
advertising	come to icecraft.pictures
clean	check steam.today later
clean	someone linked medium.accenture in a video
clean	that image is from namemc.wales
advertising	hop on lunarmc.seven
advertising	come to playmc.sbi
clean	i found the answer on namemc.cymru
advertising	play on minescape.lt
advertising	pvp server coolpvp.website
advertising	try craftkingdom.hair
clean	the docs at medium.hn explain it
advertising	check out nethermc.institute
clean	the docs at spigotmc.trv explain it
advertising	pvp server minescape.moi
advertising	looking for players at dragonmc.na
clean	their blog namemc.boston is interesting
advertising	visit anarchy.pru
advertising	pvp server opcraft.cd
advertising	come play lunarmc.lat
advertising	new server goldrush.salon
advertising	pvp server bestpvp.ni
advertising	ip funserver.trv
advertising	check out survivalcraft.norton
advertising	best server is funserver.construction
advertising	we moved to funserver.open
advertising	ip pvpzone.godaddy
clean	i found the answer on modrinth.staples
advertising	check out bedwars.ae
clean	check vimeo.careers later
advertising	p l a y m c . p r e s s
advertising	pvpz0n3.alibaba
advertising	hop on foxcraft.olayangroup
advertising	new server skymc.dtv
advertising	play on foxcraft.glass
clean	i found the answer on spigotmc.id
advertising	check out megasmp.forsale
advertising	new server foxcraft.commbank
advertising	looking for players at goldrush.yahoo
clean	that youtube.weatherchannel tutorial helped
advertising	1c3craft.fast
advertising	new server icecraft.camp
advertising	everyone join survivalcraft.fund
advertising	3m3rald.ubs
advertising	looking for players at lunarmc.yoga
advertising	s k y m c . n g
advertising	pvp server craftkingdom.nr
clean	the issue is tracked at stackoverflow.reisen
advertising	jungl3mc.java
advertising	my server is icecraft.weber
advertising	join icecraft.one
advertising	check out mcserver.management
advertising	check out mcserver.sc
advertising	pvp server coolpvp.tci
advertising	c00lpvp.ollo
advertising	we moved to icecraft.ruhr
clean	google it or look at modrinth.leclerc
advertising	pvp server pvpzone.cruise
clean	google it or look at namemc.jeep
clean	is imgur.gmo down for anyone else
clean	is planetminecraft.school down for anyone else
advertising	best server is nethermc.bond
clean	vimeo.zone is a bad website lol
clean	the changelog is at pastebin.tdk
clean	wikipedia.realtor is a bad website lol
advertising	hop on mcserver.coffee
advertising	craftk1ngd0m.kpn
advertising	f0xcraft.ad
advertising	play on anarchy.click
clean	the changelog is at spigotmc.fedex
clean	their blog papermc.aarp is interesting
advertising	join survivalcraft.merck
advertising	my server is craftmoon.vu
advertising	new server bedwars.abb
advertising	play on craftkingdom.schaeffler
advertising	best server is megasmp.select
advertising	come play emerald.win
advertising	free ranks at bestpvp.cash
advertising	we moved to emerald.wien
clean	check pastebin.tdk later
advertising	free ranks at skymc.ski
clean	that image is from twitch.site
advertising	we moved to foxcraft.save
advertising	new server anarchy.bradesco
advertising	3m3rald.buy
advertising	looking for players at lunarmc.save
advertising	pvp server mcserver.chat
advertising	ip funserver.sexy
advertising	check out megasmp.creditcard
advertising	f0xcraft.onl
advertising	visit playmc.aq
advertising	server ip is minescape.solar
advertising	join survivalcraft.rio
advertising	we moved to pvpzone.hdfcbank
advertising	visit mcserver.origins
advertising	m3gasmp.support
clean	their blog curseforge.americanfamily is interesting
advertising	1c3craft.meet
advertising	everyone join survivalcraft.tattoo
advertising	m1n3scap3.prime
clean	the wiki at modrinth.ge is old
advertising	visit emerald.sew
advertising	1c3craft.cn
advertising	best server is coolpvp.homes
advertising	server ip is icecraft.network
advertising	looking for players at craftkingdom.fm
advertising	come to funserver.investments
advertising	looking for players at coolpvp.mobi
advertising	free ranks at craftkingdom.ggee
advertising	everyone join bestpvp.komatsu
clean	that imgur.pioneer tutorial helped
advertising	pvp server craftkingdom.sh
advertising	check out goldrush.actor
clean	papermc.marshalls loads slowly for me
clean	google it or look at modrinth.maison
advertising	join emerald.ong
advertising	come play dragonmc.life
advertising	check out anarchy.mint
advertising	b3stpvp.seat
advertising	try bestpvp.stream
clean	google it or look at github.cx
advertising	visit bedwars.mattel
advertising	best server is craftmoon.homes
advertising	s k y m c . b v
advertising	m1n3scap3.msd
advertising	play on megasmp.lgbt
advertising	visit foxcraft.msd
advertising	hop on dragonmc.cruises
advertising	n3th3rmc.africa
advertising	l u n a r m c . f j
advertising	n3th3rmc.vlaanderen
advertising	server ip is icecraft.prof
advertising	hop on craftkingdom.rip
clean	i read it on reddit.bar
advertising	play on icecraft.eat
clean	planetminecraft.security loads slowly for me
advertising	check out funserver.toshiba
advertising	everyone join coolpvp.melbourne
advertising	try mcserver.coffee
advertising	new server foxcraft.feedback
advertising	come to goldrush.kitchen
advertising	come play bestpvp.allstate
advertising	ip anarchy.extraspace
advertising	everyone join opcraft.landrover
advertising	free ranks at minescape.kaufen
advertising	come play coolpvp.skin
advertising	looking for players at pvpzone.bible
advertising	m3gasmp.mg
advertising	join bedwars.link
advertising	l u n a r m c . r s v p
clean	is spigotmc.sky down for anyone else
advertising	new server emerald.airtel
advertising	ip mcserver.barclaycard
advertising	we moved to funserver.cbn
advertising	try nethermc.tjmaxx
advertising	s k y m c . i n t
advertising	come to craftkingdom.voting
advertising	craftk1ngd0m.xyz
advertising	try survivalcraft.kim
clean	the mod is hosted on namemc.gay
advertising	server ip is foxcraft.hughes
advertising	try craftkingdom.at
advertising	a n a r c h y . n u
advertising	my server is craftmoon.ar
advertising	b3stpvp.ni
advertising	join anarchy.adult
clean	reddit.mortgage is not a minecraft site
advertising	new server mcserver.repair
clean	that image is from modrinth.gov
advertising	everyone join megasmp.games
advertising	looking for players at craftkingdom.richardli
advertising	m1n3scap3.dish
clean	the issue is tracked at modrinth.rsvp
clean	someone linked papermc.soy in a video
advertising	craftk1ngd0m.contact
advertising	visit pvpzone.cern
clean	papermc.creditcard loads slowly for me
advertising	craftk1ngd0m.gw
advertising	mcs3rv3r.coffee
advertising	come to skymc.dentist
advertising	b3dwars.fresenius
advertising	pvpz0n3.host
clean	the wiki at twitch.total is old
advertising	come play anarchy.nu
advertising	server ip is foxcraft.bestbuy
clean	the issue is tracked at pastebin.mx
advertising	best server is nethermc.kn
clean	google it or look at vimeo.cruise
advertising	try nethermc.supply
advertising	everyone join funserver.infiniti
advertising	free ranks at minescape.restaurant
advertising	we moved to minescape.java
advertising	new server bedwars.gripe
advertising	come play bestpvp.vision
advertising	ip dragonmc.vivo
clean	their blog pastebin.insure is interesting
advertising	join icecraft.here
advertising	0pcraft.xbox
advertising	c00lpvp.mk
advertising	funs3rv3r.mitsubishi
advertising	free ranks at lunarmc.shiksha
advertising	pvp server craftkingdom.llc
advertising	server ip is pvpzone.finance
advertising	everyone join bestpvp.sony
advertising	try emerald.ott
clean	curseforge.broker loads slowly for me
clean	is twitch.pl down for anyone else
clean	i saw a thread on twitch.ph
clean	that image is from steam.hdfc
clean	is reddit.dtv down for anyone else
clean	i saw a thread on github.play
advertising	check out anarchy.kerryhotels
advertising	best server is bedwars.eg
clean	namemc.show loads slowly for me
advertising	ip pvpzone.abb
advertising	come to nethermc.bostik
advertising	pvp server pvpzone.cu
clean	the wiki at modrinth.press is old
clean	check modrinth.lat later
advertising	we moved to bestpvp.taobao
clean	check twitch.sr later
advertising	hop on bestpvp.consulting
advertising	check out junglemc.today
advertising	new server mcserver.lb
clean	vimeo.az is a bad website lol
advertising	funs3rv3r.lundbeck
advertising	we moved to survivalcraft.pet
clean	the issue is tracked at namemc.red
advertising	we moved to foxcraft.bj
advertising	drag0nmc.it
advertising	everyone join opcraft.systems
advertising	join coolpvp.kyoto
clean	i read it on imgur.finance
advertising	looking for players at coolpvp.kyoto
advertising	join minescape.diet
clean	medium.jm is a bad website lol
advertising	b3stpvp.mortgage
advertising	come to skymc.youtube
clean	google it or look at planetminecraft.grocery
clean	papermc.nexus is a bad website lol
clean	google it or look at youtube.health
advertising	everyone join anarchy.va
advertising	ip pvpzone.bi
advertising	pvp server foxcraft.club
advertising	n3th3rmc.auction
advertising	g0ldrush.fr
advertising	everyone join lunarmc.cam
clean	that spigotmc.th tutorial helped
clean	is stackoverflow.lundbeck down for anyone else
advertising	looking for players at junglemc.wiki
advertising	hop on mcserver.gold
advertising	come to coolpvp.biz
advertising	ip dragonmc.dentist
advertising	looking for players at funserver.infiniti
clean	google it or look at curseforge.krd
advertising	looking for players at opcraft.olayan
clean	i found the answer on fandom.cooking
advertising	server ip is coolpvp.pfizer
advertising	looking for players at dragonmc.wang
advertising	come play icecraft.hamburg
advertising	play on junglemc.total
advertising	come play megasmp.watch
advertising	hop on opcraft.tv
advertising	try emerald.ht
clean	steam.works is a bad website lol
clean	check fandom.dk later
advertising	come play anarchy.lexus
advertising	visit megasmp.mini
clean	their blog github.tm is interesting
clean	fandom.icu is a bad website lol
advertising	come to emerald.wien
clean	is modrinth.unicom down for anyone else
clean	fandom.cat is a bad website lol
advertising	1c3craft.guge
advertising	server ip is coolpvp.vip
advertising	free ranks at playmc.graphics
advertising	m3gasmp.deals
advertising	visit nethermc.abogado
advertising	new server emerald.ai
advertising	try bedwars.kh
advertising	try minescape.dad
clean	fandom.room is a bad website lol
clean	i saw a thread on imgur.jmp
advertising	come to megasmp.mg
advertising	g0ldrush.cuisinella
advertising	visit icecraft.quest
advertising	pvp server foxcraft.now
advertising	server ip is minescape.blog
advertising	free ranks at skymc.ss
clean	steam.gn loads slowly for me
clean	i read it on youtube.sl
clean	google it or look at planetminecraft.hdfcbank
advertising	visit craftmoon.homes
advertising	hop on megasmp.circle
advertising	pvp server craftkingdom.cfa
advertising	server ip is dragonmc.ice
advertising	looking for players at skymc.grainger
advertising	m3gasmp.bet
advertising	check out dragonmc.care
advertising	check out megasmp.bofa
advertising	new server pvpzone.samsclub
advertising	b3dwars.house
advertising	a n a r c h y . k r d
clean	i saw a thread on youtube.viva
advertising	drag0nmc.cg
advertising	join mcserver.virgin
advertising	hop on foxcraft.helsinki
advertising	server ip is pvpzone.sas
advertising	ip skymc.microsoft
clean	the mod is hosted on medium.digital
advertising	new server anarchy.creditunion
advertising	jungl3mc.red
advertising	hop on goldrush.lifeinsurance
clean	the changelog is at spigotmc.bh
advertising	new server skymc.americanexpress
advertising	f0xcraft.rent
clean	the docs at imgur.gmail explain it
advertising	new server bedwars.hot
advertising	pvp server craftmoon.aetna
clean	someone linked reddit.news in a video
advertising	check out minescape.datsun
clean	the docs at curseforge.gt explain it
advertising	ip craftkingdom.mormon
advertising	p l a y m c . b i n g
advertising	play on lunarmc.obi
advertising	come to nethermc.nokia
advertising	my server is minescape.futbol
advertising	we moved to foxcraft.ferrari
advertising	check out mcserver.vote
advertising	check out survivalcraft.bosch
advertising	free ranks at coolpvp.sling
advertising	we moved to playmc.sd
clean	someone linked modrinth.auto in a video
clean	the docs at medium.condos explain it
advertising	new server craftmoon.sandvik
advertising	pvp server nethermc.sbi
advertising	best server is megasmp.sandvikcoromant
advertising	play on craftmoon.community
advertising	s k y m c . f u r n i t u r e
clean	the mod is hosted on youtube.abbvie
advertising	pvpz0n3.itv
advertising	looking for players at foxcraft.helsinki
advertising	c00lpvp.diamonds
advertising	pvp server foxcraft.farm
clean	twitch.tel is not a minecraft site
clean	google it or look at steam.bf
advertising	server ip is minescape.ca
advertising	1c3craft.ruhr
advertising	pvp server goldrush.bot
clean	check github.boats later
advertising	come to lunarmc.abbvie
advertising	hop on craftkingdom.kpn
clean	modrinth.fish is a bad website lol
advertising	g0ldrush.akdn
advertising	everyone join bestpvp.bnpparibas
advertising	come play minescape.theatre
clean	i saw a thread on namemc.canon
advertising	my server is funserver.dnp
advertising	best server is craftmoon.condos
clean	that image is from pastebin.pw
advertising	looking for players at goldrush.bot
advertising	my server is minescape.barcelona
clean	someone linked github.nr in a video
advertising	visit playmc.read
clean	their blog modrinth.jcb is interesting
advertising	my server is mcserver.virgin
advertising	server ip is pvpzone.itau
advertising	ip anarchy.az
advertising	we moved to coolpvp.art
advertising	looking for players at coolpvp.luxury
clean	is planetminecraft.bnpparibas down for anyone else
advertising	1c3craft.clothing
advertising	new server minescape.moi
advertising	s k y m c . m c k i n s e y
advertising	l u n a r m c . d o
advertising	check out opcraft.weather
advertising	visit funserver.istanbul
advertising	ip craftmoon.works
clean	the issue is tracked at steam.homegoods
advertising	drag0nmc.pub
clean	i read it on steam.fyi
advertising	play on icecraft.pm
advertising	looking for players at skymc.doctor
advertising	free ranks at anarchy.bbva
advertising	best server is lunarmc.hisamitsu
advertising	join icecraft.clothing
advertising	come play bedwars.ci
advertising	come play craftkingdom.lgbt
advertising	my server is megasmp.car
clean	that image is from planetminecraft.apartments
advertising	my server is minescape.boats
advertising	new server survivalcraft.rio
advertising	b3stpvp.yamaxun
advertising	pvp server goldrush.nba
advertising	ip mcserver.singles
advertising	pvp server minescape.mc
clean	is stackoverflow.bike down for anyone else
advertising	check out goldrush.seek
advertising	jungl3mc.pub
advertising	come to coolpvp.pfizer
advertising	n3th3rmc.ps
clean	someone linked fandom.kiwi in a video
advertising	try mcserver.tl
advertising	free ranks at craftkingdom.winners
advertising	hop on funserver.mormon
clean	is stackoverflow.blockbuster down for anyone else
advertising	drag0nmc.diy
advertising	we moved to goldrush.irish
clean	check fandom.technology later
advertising	try lunarmc.vg
advertising	we moved to pvpzone.bi
clean	the changelog is at stackoverflow.ie
clean	modrinth.firmdale loads slowly for me
advertising	everyone join megasmp.cw
advertising	play on opcraft.ifm
advertising	pvp server funserver.lamer
advertising	join minescape.nc
clean	that image is from namemc.gripe
advertising	check out bestpvp.film
advertising	everyone join craftkingdom.info
advertising	1c3craft.azure
advertising	best server is anarchy.joburg
advertising	my server is mcserver.nyc
advertising	looking for players at funserver.bmw
advertising	try goldrush.cf
advertising	l u n a r m c . c o f f e e
advertising	come to nethermc.yandex
advertising	free ranks at funserver.sn
clean	the mod is hosted on wikipedia.airtel
clean	is youtube.clinic down for anyone else
clean	i found the answer on twitch.ma
advertising	visit anarchy.kg
advertising	new server emerald.accountant
advertising	my server is junglemc.ie
advertising	visit pvpzone.cruise
clean	the wiki at namemc.dental is old
advertising	try opcraft.im
clean	that namemc.deal tutorial helped
clean	that wikipedia.saarland tutorial helped
advertising	everyone join mcserver.marketing
advertising	my server is megasmp.ug
advertising	jungl3mc.merck
clean	someone linked fandom.ms in a video
clean	google it or look at twitch.swiss
advertising	new server megasmp.gdn
clean	google it or look at fandom.nra
advertising	everyone join dragonmc.na
advertising	check out dragonmc.ga
clean	i found the answer on namemc.cal
clean	their blog modrinth.ge is interesting
advertising	looking for players at skymc.tours
advertising	mcs3rv3r.virgin
advertising	my server is skymc.lawyer
clean	youtube.day is a bad website lol
advertising	looking for players at coolpvp.progressive
advertising	try megasmp.support
advertising	funs3rv3r.as
advertising	visit lunarmc.football
advertising	b3dwars.walmart
advertising	free ranks at lunarmc.maif
clean	that image is from youtube.reise
clean	the docs at steam.black explain it
advertising	c00lpvp.deloitte
advertising	l u n a r m c . a q u a r e l l e
advertising	my server is coolpvp.loan
advertising	free ranks at anarchy.neustar
advertising	server ip is bestpvp.help
clean	i saw a thread on papermc.art
clean	their blog medium.eco is interesting
advertising	come to megasmp.au
advertising	play on foxcraft.rent
advertising	free ranks at goldrush.americanfamily
advertising	come to skymc.doctor
advertising	pvpz0n3.bible
advertising	m3gasmp.sandvikcoromant
clean	curseforge.ee is not a minecraft site
advertising	best server is mcserver.bauhaus
advertising	everyone join icecraft.sport
advertising	come play craftmoon.baby
clean	github.bmw is a bad website lol
clean	that youtube.ws tutorial helped
advertising	best server is craftmoon.next
advertising	we moved to icecraft.lifestyle
advertising	ip craftkingdom.bcg
advertising	play on emerald.ma
advertising	hop on bestpvp.statebank
advertising	n3th3rmc.gd
clean	their blog reddit.dnp is interesting
advertising	mcs3rv3r.car
advertising	play on dragonmc.arte
clean	the changelog is at papermc.qa
advertising	free ranks at funserver.lundbeck
advertising	try playmc.sbi
advertising	try mcserver.attorney
advertising	jungl3mc.sj
advertising	join survivalcraft.talk
clean	the wiki at fandom.gap is old
clean	the issue is tracked at papermc.holdings
advertising	p l a y m c . t o k y o
advertising	we moved to survivalcraft.ventures
advertising	server ip is pvpzone.barcelona
advertising	new server skymc.tours
advertising	come play bedwars.abb
advertising	try bedwars.dish
advertising	server ip is coolpvp.stada
advertising	play on pvpzone.bi
advertising	join icecraft.express
advertising	come play megasmp.rexroth
advertising	ip minescape.dance
advertising	best server is pvpzone.design
advertising	my server is bedwars.sl
advertising	everyone join megasmp.bar
advertising	hop on foxcraft.sandvikcoromant
advertising	s k y m c . j i o
advertising	play on bedwars.et
advertising	s k y m c . f a g e
advertising	come to survivalcraft.bestbuy
advertising	come play craftmoon.fail
clean	the mod is hosted on modrinth.java
advertising	craftm00n.my
advertising	my server is coolpvp.ink
advertising	my server is minescape.ms
advertising	come play funserver.red
advertising	try megasmp.docs
advertising	best server is survivalcraft.expert
advertising	join craftmoon.toray
advertising	come to nethermc.wanggou
advertising	free ranks at craftmoon.cx
clean	the issue is tracked at papermc.watches
advertising	join survivalcraft.florist
advertising	server ip is megasmp.jewelry
advertising	play on survivalcraft.akdn
advertising	join megasmp.imdb
advertising	join playmc.tab
advertising	visit playmc.giving
advertising	join funserver.box
advertising	mcs3rv3r.bauhaus
advertising	new server bestpvp.day
clean	that image is from modrinth.java
advertising	server ip is megasmp.de
clean	github.immobilien is a bad website lol
advertising	ip foxcraft.mma
advertising	my server is survivalcraft.comsec
advertising	my server is goldrush.tube
advertising	come to playmc.sb
advertising	3m3rald.place
clean	the docs at github.store explain it
advertising	pvp server bestpvp.canon
advertising	play on lunarmc.juegos
advertising	p l a y m c . o t s u k a
advertising	come to craftmoon.whoswho
advertising	visit funserver.as
advertising	new server dragonmc.diy
advertising	everyone join foxcraft.team
advertising	m1n3scap3.lotto
advertising	g0ldrush.kitchen
clean	that namemc.fidelity tutorial helped
clean	i found the answer on curseforge.reliance
advertising	best server is survivalcraft.click
advertising	pvp server pvpzone.fi
advertising	we moved to bedwars.link
advertising	everyone join foxcraft.gmx
clean	reddit.kia loads slowly for me
clean	i read it on imgur.schaeffler
advertising	best server is skymc.nl
clean	is wikipedia.nike down for anyone else
advertising	try bedwars.watches
advertising	server ip is craftmoon.chat
advertising	we moved to playmc.ir
advertising	hop on megasmp.citic
advertising	hop on icecraft.zero
advertising	pvp server foxcraft.plus
advertising	new server coolpvp.properties
advertising	c00lpvp.marshalls
advertising	n3th3rmc.bio
advertising	play on emerald.tg
advertising	craftm00n.show
advertising	play on coolpvp.school
clean	someone linked vimeo.trade in a video
advertising	come to opcraft.zip
clean	the changelog is at github.tatar
advertising	best server is junglemc.tel
advertising	a n a r c h y . r i l
advertising	mcs3rv3r.lplfinancial
advertising	join anarchy.foo
advertising	come to survivalcraft.pt
advertising	everyone join bestpvp.cash
advertising	craftk1ngd0m.ac
advertising	visit craftkingdom.boo
advertising	s k y m c . g r a i n g e r
advertising	we moved to skymc.toys
clean	i found the answer on reddit.lefrak
clean	imgur.audio is not a minecraft site
advertising	join survivalcraft.edu
advertising	best server is foxcraft.music
advertising	play on funserver.earth
advertising	join bestpvp.yamaxun
clean	someone linked stackoverflow.shangrila in a video
clean	someone linked medium.playstation in a video
advertising	try craftkingdom.th
clean	someone linked github.srl in a video
advertising	come play lunarmc.estate
advertising	3m3rald.gallery
advertising	craftk1ngd0m.actor
advertising	visit foxcraft.bj
advertising	l u n a r m c . s h i k s h a
advertising	new server mcserver.lplfinancial
clean	google it or look at modrinth.fi
advertising	try junglemc.monster
advertising	come play bedwars.property
advertising	c00lpvp.hkt
advertising	new server opcraft.audible
advertising	everyone join playmc.io
advertising	f0xcraft.ubs
clean	i found the answer on planetminecraft.ftr
advertising	server ip is minescape.gg
advertising	join minescape.schmidt
advertising	craftk1ngd0m.itv
advertising	come to playmc.jot
advertising	visit emerald.oracle
advertising	come to coolpvp.homegoods
advertising	server ip is lunarmc.airforce
advertising	a n a r c h y . v i a j e s
advertising	3m3rald.audio
advertising	n3th3rmc.office
clean	i saw a thread on medium.win
clean	that modrinth.fans tutorial helped
advertising	pvp server foxcraft.today
advertising	pvpz0n3.hyatt
advertising	free ranks at dragonmc.diy
advertising	looking for players at craftmoon.kim
clean	that image is from papermc.jaguar
advertising	free ranks at foxcraft.ice
advertising	join foxcraft.rent
clean	pastebin.flir loads slowly for me
advertising	free ranks at craftmoon.barefoot
advertising	come play playmc.realty
advertising	we moved to mcserver.sew
advertising	my server is craftmoon.ba
advertising	hop on emerald.beauty
advertising	best server is minescape.tc
advertising	best server is lunarmc.jetzt
clean	check modrinth.sucks later
advertising	m3gasmp.mh
clean	the changelog is at spigotmc.omega
advertising	looking for players at minescape.kerryhotels
advertising	everyone join playmc.pay
advertising	b3dwars.expert
advertising	hop on skymc.cipriani
clean	wikipedia.booking is not a minecraft site
advertising	pvpz0n3.cars
advertising	we moved to playmc.credit
advertising	n3th3rmc.pm
advertising	my server is bedwars.fish
clean	i read it on spigotmc.walter
advertising	try survivalcraft.merckmsd
advertising	looking for players at funserver.su
advertising	come to craftmoon.sa
clean	that image is from fandom.gu
advertising	best server is coolpvp.ovh
advertising	1c3craft.lifestyle
advertising	check out goldrush.lifeinsurance
advertising	everyone join mcserver.shopping
advertising	everyone join craftkingdom.se
advertising	pvp server junglemc.xbox
advertising	hop on goldrush.fj
advertising	come play dragonmc.directory
advertising	looking for players at craftkingdom.panasonic
advertising	check out anarchy.mv
advertising	my server is pvpzone.work
clean	check stackoverflow.lr later
clean	their blog pastebin.richardli is interesting
advertising	we moved to bedwars.philips
clean	i saw a thread on youtube.nrw
advertising	f0xcraft.gmx
clean	the changelog is at github.company
clean	is wikipedia.llp down for anyone else
advertising	best server is anarchy.love
advertising	my server is bestpvp.wanggou
advertising	visit icecraft.locker
advertising	join mcserver.bayern
advertising	come to craftkingdom.llc
advertising	b3dwars.gripe
advertising	pvp server dragonmc.lotte
clean	papermc.tunes is a bad website lol
advertising	play on craftkingdom.otsuka
advertising	my server is lunarmc.travel
advertising	best server is skymc.deloitte
advertising	hop on foxcraft.viking
advertising	check out minescape.restaurant
clean	i found the answer on spigotmc.fund
clean	i found the answer on pastebin.webcam
advertising	best server is nethermc.kw
advertising	come play nethermc.ck
advertising	visit skymc.theater
advertising	free ranks at goldrush.observer
advertising	come play icecraft.cards
advertising	ip icecraft.wow
advertising	looking for players at coolpvp.gov
clean	the mod is hosted on curseforge.stcgroup
advertising	l u n a r m c . s a v e
advertising	b3dwars.cz
clean	i found the answer on twitch.salon
advertising	come to pvpzone.gd
advertising	pvp server funserver.sm
clean	i read it on vimeo.joburg
advertising	pvp server bestpvp.group
advertising	my server is emerald.gu
advertising	hop on survivalcraft.eu
advertising	try megasmp.cool
clean	check namemc.flickr later
advertising	looking for players at funserver.property
advertising	looking for players at bestpvp.coupons
advertising	ip pvpzone.hospital
clean	the mod is hosted on planetminecraft.pink
advertising	join goldrush.book
advertising	join funserver.epson
advertising	1c3craft.bd
advertising	pvp server pvpzone.poker
clean	the wiki at curseforge.bosch is old
advertising	looking for players at megasmp.sydney
advertising	mcs3rv3r.chat
advertising	play on coolpvp.skin
advertising	s k y m c . k e
advertising	a n a r c h y . j p r s
clean	their blog youtube.games is interesting
advertising	craftk1ngd0m.reise
advertising	server ip is craftkingdom.star
advertising	best server is goldrush.amfam
advertising	ip megasmp.cloud
advertising	best server is icecraft.cyou
advertising	best server is bestpvp.capital
advertising	m3gasmp.travelersinsurance
advertising	b3stpvp.pics
advertising	b3stpvp.cy
advertising	server ip is craftmoon.netflix
advertising	pvp server opcraft.firestone
advertising	pvp server coolpvp.college
clean	someone linked spigotmc.sydney in a video
advertising	hop on survivalcraft.bharti
advertising	we moved to mcserver.blog
advertising	p l a y m c . f o u n d a t i o n
advertising	pvp server funserver.sas
clean	their blog fandom.pro is interesting
advertising	everyone join bedwars.toshiba
advertising	free ranks at survivalcraft.zuerich
advertising	check out dragonmc.lefrak
advertising	come play megasmp.study
advertising	hop on megasmp.sy
advertising	come play nethermc.auction
advertising	we moved to lunarmc.international
advertising	try minescape.juniper
advertising	new server emerald.reise
advertising	3m3rald.bharti
advertising	come to skymc.fage
advertising	new server skymc.brother
clean	the issue is tracked at youtube.nowtv
clean	the changelog is at vimeo.ryukyu
advertising	everyone join playmc.stockholm
advertising	we moved to megasmp.joburg
advertising	come play minescape.chase
clean	i found the answer on curseforge.gl
clean	is wikipedia.saarland down for anyone else
advertising	we moved to mcserver.bcg
advertising	hop on mcserver.technology
advertising	everyone join junglemc.lamer
advertising	try funserver.oracle
advertising	b3stpvp.komatsu
advertising	new server goldrush.tf
advertising	check out emerald.secure
advertising	we moved to craftkingdom.no
clean	google it or look at steam.yandex
advertising	new server pvpzone.abb
advertising	everyone join opcraft.bd
advertising	join craftmoon.bio
advertising	3m3rald.swatch
advertising	surv1valcraft.norton
clean	that curseforge.frontier tutorial helped
advertising	check out playmc.dclk
clean	the wiki at pastebin.aig is old
advertising	come play bestpvp.sling
advertising	ip emerald.mw
clean	check namemc.ice later
clean	pastebin.charity is a bad website lol
advertising	pvp server mcserver.sharp
advertising	we moved to pvpzone.ngo
clean	the wiki at modrinth.qpon is old
advertising	new server mcserver.aeg
advertising	new server bedwars.restaurant
advertising	looking for players at coolpvp.immo
clean	papermc.host is a bad website lol
advertising	come to emerald.delivery
advertising	b3stpvp.bzh
advertising	n3th3rmc.consulting
advertising	my server is anarchy.neustar
advertising	check out craftkingdom.team
advertising	new server skymc.ggee
advertising	l u n a r m c . s h o u j i
clean	check reddit.motorcycles later
advertising	hop on anarchy.nexus
clean	i found the answer on youtube.latino
advertising	come play dragonmc.wien
advertising	join megasmp.citic
clean	youtube.support loads slowly for me
clean	the wiki at spigotmc.mu is old
clean	the changelog is at spigotmc.surf
advertising	s k y m c . y t
advertising	new server goldrush.actor
advertising	everyone join craftkingdom.abbott
advertising	looking for players at craftmoon.media
clean	google it or look at twitch.lc
advertising	pvp server funserver.mitsubishi
advertising	free ranks at opcraft.ifm
clean	spigotmc.sx is a bad website lol
advertising	ip goldrush.anz
advertising	play on megasmp.garden
advertising	join minescape.diet
advertising	surv1valcraft.house
advertising	my server is minescape.ki
advertising	p l a y m c . c o m p u t e r
advertising	1c3craft.ht
advertising	new server bedwars.bm
advertising	join skymc.hiphop
advertising	craftk1ngd0m.memorial
advertising	everyone join goldrush.ad
advertising	pvp server craftmoon.lk
advertising	server ip is playmc.tab
clean	the changelog is at spigotmc.ec
advertising	join funserver.nfl
advertising	m1n3scap3.bo
advertising	pvp server nethermc.country
advertising	we moved to pvpzone.viking
advertising	best server is survivalcraft.bosch
clean	is pastebin.tr down for anyone else
advertising	craftk1ngd0m.tm
advertising	everyone join craftkingdom.kpn
advertising	visit survivalcraft.bank
advertising	looking for players at emerald.enterprises
advertising	my server is minescape.capetown
advertising	best server is junglemc.florist
advertising	b3dwars.ltd
advertising	free ranks at megasmp.mh
advertising	join emerald.bingo
clean	the changelog is at youtube.osaka
advertising	visit coolpvp.cafe
advertising	come play mcserver.energy
advertising	visit survivalcraft.ismaili
clean	the docs at reddit.motorcycles explain it
advertising	hop on anarchy.su
advertising	craftm00n.lk
advertising	pvpz0n3.gu
advertising	ip bedwars.arpa
advertising	everyone join junglemc.java
advertising	come to emerald.rich
advertising	check out survivalcraft.pf
clean	i saw a thread on stackoverflow.reisen
advertising	check out megasmp.nec
advertising	my server is mcserver.hotels
advertising	jungl3mc.np
clean	their blog modrinth.ltda is interesting
clean	the docs at curseforge.sn explain it
advertising	new server craftmoon.mm
advertising	looking for players at emerald.fly
clean	medium.aquarelle is not a minecraft site
clean	check steam.mov later
advertising	looking for players at mcserver.sew
advertising	hop on icecraft.gq
clean	i found the answer on steam.jo
advertising	craftm00n.condos
advertising	free ranks at dragonmc.om
advertising	my server is opcraft.be
advertising	f0xcraft.durban
clean	papermc.istanbul is not a minecraft site
advertising	server ip is anarchy.us
advertising	come to funserver.construction
clean	steam.fyi is not a minecraft site
advertising	server ip is craftkingdom.winners
clean	is youtube.games down for anyone else
advertising	new server bedwars.immobilien
advertising	g0ldrush.dz
advertising	join skymc.tours
advertising	join icecraft.cal
advertising	best server is bestpvp.genting
advertising	come to megasmp.lgbt
clean	that image is from youtube.uno
clean	google it or look at papermc.temasek
advertising	free ranks at coolpvp.gal
clean	that image is from imgur.mo
clean	the docs at github.global explain it
clean	the wiki at papermc.jp is old
clean	the docs at steam.ng explain it
advertising	come to emerald.pk
advertising	looking for players at bedwars.expert
advertising	everyone join anarchy.citadel
advertising	new server mcserver.chanel
advertising	everyone join junglemc.sydney
advertising	new server icecraft.aero
advertising	everyone join icecraft.deals
clean	google it or look at vimeo.loan
advertising	join craftkingdom.maison
advertising	1c3craft.vegas
clean	i found the answer on papermc.sandvikcoromant
advertising	we moved to funserver.city
advertising	my server is minescape.hockey
advertising	pvp server bedwars.jm
advertising	free ranks at goldrush.fast
advertising	try opcraft.life
advertising	best server is craftmoon.media
advertising	free ranks at opcraft.aaa
clean	the wiki at vimeo.hot is old
advertising	play on mcserver.kz
advertising	best server is dragonmc.om
advertising	we moved to megasmp.hangout
advertising	new server junglemc.ollo
advertising	come play bedwars.fresenius
advertising	we moved to anarchy.kg
clean	someone linked steam.hockey in a video
advertising	b3stpvp.sling
clean	the docs at medium.dubai explain it
advertising	we moved to bedwars.cuisinella
advertising	we moved to nethermc.xerox
advertising	hop on survivalcraft.surf
clean	that image is from medium.win
advertising	hop on anarchy.vig
advertising	drag0nmc.suzuki
advertising	join megasmp.shia
advertising	pvp server foxcraft.direct
advertising	free ranks at dragonmc.phone
advertising	we moved to funserver.homedepot
advertising	play on craftmoon.show
advertising	ip bedwars.rwe
advertising	pvp server minescape.blog
advertising	mcs3rv3r.sohu
advertising	surv1valcraft.rio
advertising	come to opcraft.citi
advertising	my server is funserver.pohl
advertising	best server is goldrush.bot
advertising	pvp server icecraft.guge
advertising	pvpz0n3.aq
advertising	mcs3rv3r.physio
advertising	server ip is dragonmc.pw
clean	i found the answer on namemc.sap
advertising	come play opcraft.audible
advertising	come play megasmp.athleta
clean	that image is from steam.ng
clean	i read it on twitch.guru
advertising	we moved to icecraft.visa
advertising	hop on anarchy.statefarm
advertising	play on emerald.lt
advertising	b3stpvp.dvr
advertising	come to dragonmc.vivo
clean	i saw a thread on steam.bet
advertising	visit bestpvp.vision
advertising	everyone join pvpzone.stada
advertising	play on craftkingdom.bb
advertising	try mcserver.ooo
clean	the changelog is at namemc.exchange
advertising	play on bestpvp.tj
advertising	visit pvpzone.land
advertising	looking for players at pvpzone.cash
advertising	join bestpvp.seat
advertising	free ranks at megasmp.circle
advertising	my server is megasmp.football
advertising	server ip is nethermc.boo
advertising	my server is dragonmc.corsica
clean	that image is from vimeo.author
advertising	my server is goldrush.americanfamily
advertising	server ip is lunarmc.pharmacy
advertising	join lunarmc.guitars
advertising	looking for players at bedwars.stockholm
advertising	come to coolpvp.bid
advertising	ip anarchy.mp
advertising	check out bestpvp.mortgage
clean	the wiki at fandom.samsung is old
clean	i saw a thread on curseforge.dance
clean	i saw a thread on curseforge.joy
advertising	free ranks at pvpzone.cu
advertising	check out mcserver.productions
advertising	c00lpvp.gi
clean	the wiki at pastebin.target is old
advertising	come play mcserver.at
clean	the mod is hosted on github.homesense
clean	i saw a thread on fandom.photo
clean	namemc.canon loads slowly for me
advertising	visit mcserver.attorney
advertising	my server is pvpzone.land
advertising	play on icecraft.fishing
advertising	come play playmc.gm
advertising	free ranks at mcserver.parts
advertising	come to junglemc.apple
advertising	join coolpvp.bbt
advertising	come to bedwars.post
advertising	try junglemc.gi
advertising	c00lpvp.np
advertising	join megasmp.schmidt
advertising	new server minescape.goodyear
advertising	server ip is bedwars.ky
advertising	come to survivalcraft.beats
advertising	try dragonmc.nc
advertising	come play emerald.mw
clean	check imgur.emerck later
advertising	check out goldrush.salon
advertising	new server emerald.ma
clean	the docs at planetminecraft.auction explain it
advertising	c00lpvp.dad
advertising	try survivalcraft.pay
clean	their blog papermc.career is interesting
advertising	craftm00n.gh
advertising	join bedwars.erni
clean	that twitch.foo tutorial helped
clean	youtube.axa loads slowly for me
advertising	p l a y m c . c o a c h
clean	someone linked reddit.giving in a video
clean	the issue is tracked at namemc.nfl
clean	google it or look at vimeo.kim
advertising	pvp server pvpzone.compare
clean	the mod is hosted on namemc.beats
advertising	l u n a r m c . s c b
clean	the changelog is at modrinth.my
advertising	a n a r c h y . d e s i
advertising	play on coolpvp.hkt
advertising	play on bedwars.ups
clean	i found the answer on fandom.amica
advertising	pvp server coolpvp.map
advertising	hop on nethermc.stream
advertising	everyone join bestpvp.business
advertising	new server craftkingdom.exchange
advertising	everyone join survivalcraft.pf
clean	someone linked steam.today in a video
advertising	best server is foxcraft.management
clean	the mod is hosted on imgur.mango
clean	google it or look at twitch.song
advertising	pvpz0n3.samsclub
advertising	craftm00n.web
clean	someone linked github.tjx in a video
clean	i found the answer on modrinth.bloomberg
advertising	free ranks at mcserver.ru
advertising	looking for players at playmc.skype
advertising	s k y m c . a a r p
advertising	pvp server minescape.gg
clean	modrinth.sucks loads slowly for me
advertising	play on funserver.pizza
advertising	check out craftmoon.discover
advertising	m1n3scap3.ga
clean	google it or look at namemc.gay
advertising	visit opcraft.services
advertising	m1n3scap3.audi
advertising	s k y m c . t o u r s
advertising	server ip is bestpvp.delta
advertising	visit bedwars.afl
clean	the mod is hosted on stackoverflow.bike
clean	the issue is tracked at namemc.hangout
advertising	my server is bedwars.coop
advertising	check out bestpvp.statebank
advertising	hop on icecraft.sandvik
advertising	new server pvpzone.bi
advertising	1c3craft.ge
clean	the changelog is at papermc.anquan
advertising	try junglemc.fire
advertising	free ranks at opcraft.lv
advertising	new server coolpvp.ax
advertising	visit pvpzone.mt
clean	someone linked papermc.extraspace in a video
advertising	we moved to anarchy.love
advertising	hop on nethermc.republican
advertising	we moved to craftkingdom.cfa
advertising	ip foxcraft.kred
advertising	we moved to lunarmc.buy
advertising	we moved to goldrush.observer
advertising	everyone join icecraft.bz
advertising	come to icecraft.playstation
advertising	hop on anarchy.citadel
advertising	join mcserver.gmail
advertising	ip funserver.mit
advertising	join skymc.loans
advertising	come play foxcraft.country
advertising	come to icecraft.imdb
advertising	join icecraft.casa
advertising	looking for players at mcserver.physio
advertising	play on pvpzone.ug
clean	i found the answer on twitch.arab
advertising	play on bedwars.ca
advertising	join skymc.education
clean	someone linked youtube.tienda in a video
advertising	pvp server icecraft.reliance
advertising	hop on icecraft.cards
clean	i saw a thread on medium.tours
advertising	visit minescape.chase
advertising	best server is playmc.kg
advertising	hop on goldrush.auspost
advertising	free ranks at pvpzone.tjx
advertising	my server is icecraft.boats
advertising	g0ldrush.dvag
advertising	looking for players at craftkingdom.accountant
advertising	looking for players at bestpvp.taobao
advertising	play on emerald.archi
advertising	play on survivalcraft.tvs
advertising	1c3craft.tatamotors
advertising	best server is minescape.cymru
advertising	craftk1ngd0m.staples
clean	that image is from papermc.nu
advertising	server ip is opcraft.koeln
advertising	best server is emerald.taipei
clean	imgur.wf loads slowly for me
advertising	drag0nmc.blockbuster
clean	that github.insurance tutorial helped
advertising	hop on craftkingdom.bot
advertising	come to mcserver.guide
advertising	looking for players at foxcraft.lk
advertising	try mcserver.tjmaxx
advertising	my server is skymc.pr
advertising	check out megasmp.study
advertising	play on bedwars.ltd
advertising	hop on minescape.tc
advertising	we moved to emerald.group
clean	that papermc.engineer tutorial helped
advertising	come play playmc.abc
advertising	check out coolpvp.deloitte
advertising	try opcraft.xbox
advertising	free ranks at playmc.abc
advertising	hop on funserver.as
advertising	come play bestpvp.help
advertising	play on bestpvp.cash
advertising	free ranks at icecraft.tui
advertising	try nethermc.gratis
advertising	b3dwars.srl
advertising	ip junglemc.bridgestone
clean	google it or look at fandom.se
advertising	my server is lunarmc.yachts
advertising	n3th3rmc.rocks
clean	the changelog is at steam.ke
advertising	ip lunarmc.fj
advertising	free ranks at anarchy.song
advertising	come to minescape.cm
clean	i found the answer on youtube.ikano
clean	is steam.prudential down for anyone else
advertising	server ip is playmc.stockholm
advertising	visit bedwars.tires
clean	the docs at planetminecraft.autos explain it
advertising	looking for players at survivalcraft.je
advertising	join dragonmc.az
advertising	ip anarchy.lol
advertising	my server is craftkingdom.wales
clean	check wikipedia.like later
advertising	new server mcserver.hitachi
advertising	my server is funserver.construction
advertising	come to craftkingdom.lpl
advertising	hop on junglemc.ec
advertising	server ip is bedwars.apple
advertising	everyone join coolpvp.cm
advertising	we moved to playmc.clubmed
advertising	play on goldrush.luxury
advertising	s k y m c . b r o t h e r
advertising	best server is lunarmc.voyage
clean	the mod is hosted on github.abudhabi
advertising	my server is nethermc.lego
advertising	pvp server icecraft.llc
advertising	best server is opcraft.ax
advertising	drag0nmc.stc
advertising	m3gasmp.hangout
advertising	c00lpvp.richardli
advertising	come play minescape.extraspace
clean	the mod is hosted on vimeo.ipiranga
advertising	craftm00n.works
advertising	best server is craftmoon.gh
advertising	c00lpvp.panasonic
advertising	my server is anarchy.meme
clean	the changelog is at fandom.academy
clean	that github.shopping tutorial helped
advertising	best server is junglemc.monster
advertising	come to coolpvp.gratis
advertising	we moved to lunarmc.shiksha
advertising	craftm00n.flowers
advertising	hop on anarchy.how
advertising	looking for players at anarchy.nu
advertising	pvp server craftkingdom.honda
advertising	my server is emerald.lpl
advertising	try minescape.futbol
clean	that namemc.ggee tutorial helped
clean	the docs at youtube.nissay explain it
advertising	funs3rv3r.dnp
advertising	come play playmc.prod
advertising	best server is craftkingdom.to
clean	the docs at twitch.vet explain it
clean	vimeo.koeln loads slowly for me
advertising	we moved to playmc.otsuka
clean	the wiki at wikipedia.bv is old
advertising	ip bestpvp.nra
advertising	ip craftkingdom.cooking
advertising	we moved to pvpzone.cruise
advertising	c00lpvp.ping
advertising	check out minescape.amsterdam
clean	is youtube.health down for anyone else
advertising	free ranks at pvpzone.hyatt
advertising	everyone join pvpzone.open
advertising	we moved to playmc.sap
advertising	come to craftkingdom.reise
advertising	check out icecraft.sport
advertising	try mcserver.sncf
advertising	craftk1ngd0m.fyi
clean	google it or look at spigotmc.racing
advertising	looking for players at craftmoon.dds
clean	the mod is hosted on github.sakura
advertising	join coolpvp.studio
advertising	my server is nethermc.autos
clean	the wiki at namemc.gy is old
advertising	come play bedwars.accountants
advertising	play on bedwars.wiki
advertising	jungl3mc.it
advertising	we moved to dragonmc.blackfriday
advertising	c00lpvp.gal
advertising	b3stpvp.science
clean	that namemc.ice tutorial helped
advertising	visit foxcraft.gent
advertising	server ip is craftkingdom.at
advertising	server ip is minescape.azure
advertising	g0ldrush.grocery
advertising	try craftmoon.sa
advertising	n3th3rmc.university
advertising	a n a r c h y . v i d e o
advertising	we moved to icecraft.fishing
advertising	check out megasmp.hangout
advertising	surv1valcraft.bosch
advertising	come to icecraft.cool
clean	is pastebin.zappos down for anyone else
advertising	everyone join coolpvp.man
advertising	my server is megasmp.racing
clean	that image is from spigotmc.dvr
advertising	a n a r c h y . s i l k
clean	the changelog is at twitch.weather
clean	that image is from imgur.audio
advertising	server ip is craftkingdom.th
advertising	c00lpvp.cm
clean	the docs at papermc.bayern explain it
advertising	best server is dragonmc.corsica
advertising	ip icecraft.bond
advertising	join mcserver.origins
advertising	looking for players at lunarmc.able
advertising	try goldrush.cymru
clean	reddit.space loads slowly for me
clean	i saw a thread on wikipedia.skin
advertising	ip pvpzone.nowruz
advertising	server ip is minescape.lt
advertising	craftm00n.bio
advertising	hop on emerald.gle
clean	their blog imgur.sharp is interesting
advertising	ip pvpzone.open
advertising	try funserver.sale
advertising	join junglemc.sanofi
advertising	come to emerald.tg
advertising	g0ldrush.surgery
advertising	come play lunarmc.buzz
advertising	come to funserver.uno
clean	that image is from steam.afl
clean	the changelog is at stackoverflow.docs
advertising	visit coolpvp.diamonds
clean	spigotmc.fm is a bad website lol
advertising	come play coolpvp.bw
advertising	hop on bestpvp.ismaili
clean	i read it on stackoverflow.grainger
advertising	0pcraft.koeln
advertising	b3stpvp.surf
advertising	pvpz0n3.eurovision
advertising	join emerald.sew
advertising	play on survivalcraft.protection
advertising	p l a y m c . u o l
advertising	try craftkingdom.info
advertising	come to icecraft.salon
advertising	looking for players at nethermc.uz
advertising	join nethermc.bio
advertising	we moved to nethermc.technology
advertising	my server is coolpvp.skin
advertising	pvp server mcserver.guru
advertising	drag0nmc.paris
clean	the mod is hosted on namemc.red
advertising	come play nethermc.rocks
advertising	pvp server skymc.is
advertising	looking for players at skymc.clinique
advertising	visit anarchy.banamex
advertising	pvp server megasmp.sydney
advertising	play on craftkingdom.accountant
advertising	l u n a r m c . i t a u
advertising	we moved to dragonmc.money
advertising	craftk1ngd0m.honda
advertising	free ranks at emerald.swatch
advertising	p l a y m c . y e
advertising	try bestpvp.mortgage
advertising	looking for players at craftkingdom.report
advertising	server ip is emerald.sew
advertising	we moved to emerald.furniture
advertising	hop on mcserver.smile
advertising	best server is pvpzone.aws
advertising	best server is foxcraft.brussels
advertising	hop on bedwars.mlb
advertising	1c3craft.fishing
advertising	play on coolpvp.engineer
advertising	free ranks at pvpzone.ie
advertising	new server bedwars.ricoh
advertising	my server is opcraft.calvinklein
advertising	check out dragonmc.sc
advertising	best server is coolpvp.deloitte
advertising	try skymc.aco
clean	i saw a thread on pastebin.pohl
advertising	try icecraft.moto
advertising	play on craftkingdom.winners
advertising	come to skymc.si
advertising	my server is opcraft.med
advertising	try junglemc.sydney
advertising	free ranks at mcserver.web
clean	is papermc.pizza down for anyone else
advertising	server ip is icecraft.repair
advertising	come to minescape.law
clean	the issue is tracked at github.rich
advertising	c00lpvp.rugby
advertising	free ranks at megasmp.walmart
clean	the issue is tracked at pastebin.aws
clean	that vimeo.africa tutorial helped
advertising	pvp server megasmp.watch
advertising	join anarchy.meme
clean	google it or look at fandom.luxe
advertising	we moved to skymc.family
advertising	hop on bedwars.link
advertising	visit skymc.pr
advertising	1c3craft.jprs
advertising	try megasmp.games
advertising	join minescape.audi
advertising	visit megasmp.toyota
clean	i read it on spigotmc.trv
advertising	come play coolpvp.tci
advertising	g0ldrush.markets
advertising	best server is megasmp.ifm
advertising	visit foxcraft.brussels
advertising	everyone join nethermc.gift
advertising	new server coolpvp.sarl
advertising	check out dragonmc.lotte
advertising	c00lpvp.godaddy
advertising	pvp server skymc.abudhabi
clean	the changelog is at spigotmc.nec
clean	namemc.hangout is not a minecraft site
clean	github.uz loads slowly for me
clean	someone linked github.lincoln in a video
advertising	play on skymc.diy
advertising	my server is pvpzone.reliance
clean	is stackoverflow.hbo down for anyone else
advertising	come play funserver.horse
clean	that image is from planetminecraft.mint
clean	that image is from fandom.cbre
advertising	0pcraft.aaa
advertising	best server is survivalcraft.ski
advertising	craftm00n.aw
advertising	server ip is craftkingdom.homedepot
advertising	come to emerald.tn
advertising	looking for players at bedwars.space
advertising	a n a r c h y . m v
advertising	visit emerald.kids
advertising	m1n3scap3.ki
advertising	best server is anarchy.dance
advertising	my server is icecraft.kiwi
advertising	server ip is junglemc.shop
advertising	join skymc.toys
clean	google it or look at stackoverflow.itau
advertising	jungl3mc.ec
advertising	come to megasmp.how
clean	the changelog is at pastebin.rip
advertising	m1n3scap3.java
advertising	visit bestpvp.ismaili
advertising	free ranks at playmc.hn
clean	the docs at wikipedia.wine explain it
advertising	pvp server survivalcraft.merck
clean	stackoverflow.iq is a bad website lol
advertising	hop on craftmoon.netflix
advertising	server ip is junglemc.clothing
advertising	visit dragonmc.alsace
clean	i saw a thread on papermc.soccer
advertising	new server pvpzone.ug
advertising	hop on anarchy.jprs
clean	someone linked curseforge.tj in a video
advertising	new server emerald.vodka
advertising	my server is emerald.bm
advertising	free ranks at craftmoon.icu
advertising	visit craftkingdom.honda
advertising	visit bedwars.yokohama
advertising	visit megasmp.insurance
advertising	best server is emerald.reisen
advertising	try anarchy.vc
advertising	looking for players at nethermc.download
advertising	c00lpvp.ovh
advertising	ip opcraft.capitalone
advertising	come play icecraft.playstation
clean	someone linked vimeo.systems in a video
clean	wikipedia.kpn is a bad website lol
advertising	play on playmc.ing
advertising	1c3craft.rehab
advertising	everyone join funserver.lundbeck
advertising	free ranks at junglemc.agency
advertising	looking for players at coolpvp.godaddy
advertising	visit funserver.yun
clean	the mod is hosted on curseforge.online
advertising	everyone join mcserver.healthcare
advertising	free ranks at skymc.report
advertising	my server is skymc.md
advertising	come to coolpvp.monash
advertising	try junglemc.jp
advertising	funs3rv3r.trv
advertising	visit minescape.bs
advertising	looking for players at pvpzone.target
advertising	play on craftkingdom.bcg
advertising	m1n3scap3.news
advertising	come to pvpzone.coupons
advertising	server ip is mcserver.data
advertising	ip craftmoon.sb
advertising	ip funserver.gmail
advertising	check out craftmoon.baby
clean	check imgur.ntt later
clean	the changelog is at youtube.fk
clean	the issue is tracked at namemc.website
clean	the mod is hosted on reddit.abc
advertising	m3gasmp.boston
advertising	g0ldrush.dating
advertising	f0xcraft.cc
advertising	drag0nmc.nl
clean	someone linked namemc.microsoft in a video
advertising	b3stpvp.gap
clean	is steam.jobs down for anyone else
advertising	we moved to funserver.ericsson
advertising	free ranks at survivalcraft.eu
advertising	ip survivalcraft.norton
advertising	come play icecraft.republican
advertising	best server is icecraft.express
clean	someone linked youtube.day in a video
clean	google it or look at stackoverflow.run
advertising	hop on foxcraft.today
clean	someone linked youtube.kh in a video
advertising	come to minescape.day
advertising	check out mcserver.sohu
clean	is modrinth.computer down for anyone else
advertising	m3gasmp.tkmaxx
clean	is medium.dad down for anyone else
advertising	everyone join pvpzone.tips
advertising	jungl3mc.sanofi
advertising	g0ldrush.voting
advertising	join dragonmc.latino
advertising	pvp server skymc.ch
clean	i read it on wikipedia.like
advertising	everyone join pvpzone.viking
advertising	free ranks at mcserver.sharp
advertising	visit nethermc.ps
advertising	join playmc.hn
advertising	best server is dragonmc.az
clean	i found the answer on modrinth.firmdale
advertising	join megasmp.cloud
advertising	craftk1ngd0m.catholic
advertising	visit pvpzone.cu
clean	someone linked spigotmc.tci in a video
advertising	g0ldrush.yahoo
clean	the wiki at planetminecraft.tjmaxx is old
advertising	looking for players at craftmoon.edu
advertising	check out dragonmc.trust
advertising	join junglemc.hbo
advertising	come to icecraft.pg
advertising	play on minescape.ki
advertising	best server is junglemc.travel
clean	is curseforge.jpmorgan down for anyone else
clean	i found the answer on youtube.beer
advertising	check out pvpzone.reliance
clean	the issue is tracked at youtube.shouji
advertising	pvp server dragonmc.sc
advertising	l u n a r m c . f a i t h
clean	google it or look at reddit.ck
advertising	ip megasmp.jcb
advertising	f0xcraft.management
advertising	we moved to skymc.ph
advertising	looking for players at icecraft.ne
clean	check planetminecraft.globo later
advertising	free ranks at mcserver.gmbh
advertising	hop on lunarmc.photo
advertising	ip dragonmc.dk
advertising	try bedwars.net
advertising	we moved to mcserver.taipei
clean	i saw a thread on planetminecraft.autos
advertising	come to mcserver.management
advertising	s k y m c . r o c k s
advertising	best server is goldrush.seek
advertising	best server is opcraft.bbva
advertising	we moved to nethermc.gratis
advertising	ip bestpvp.nissay
clean	i read it on reddit.cyou
advertising	pvp server craftmoon.tirol
clean	wikipedia.zm is not a minecraft site
advertising	join bedwars.ar
advertising	try coolpvp.law
advertising	c00lpvp.guru
advertising	b3dwars.kh
advertising	play on funserver.teva
advertising	new server dragonmc.bbc
advertising	0pcraft.systems
advertising	hop on foxcraft.trade
clean	i read it on twitch.edeka
advertising	surv1valcraft.auspost
advertising	check out icecraft.zero
advertising	jungl3mc.afl
advertising	hop on pvpzone.mq
advertising	try anarchy.ooo
advertising	pvpz0n3.target
advertising	join minescape.prime
advertising	pvp server craftmoon.wine
advertising	play on coolpvp.mtr
advertising	visit anarchy.spot
advertising	new server bestpvp.redumbrella
advertising	check out icecraft.quest
advertising	everyone join minescape.blue
advertising	everyone join icecraft.moto
advertising	join foxcraft.cl
advertising	try minescape.prime
advertising	visit foxcraft.now
advertising	best server is mcserver.tn
clean	pastebin.vision is not a minecraft site
advertising	play on goldrush.lc
clean	i found the answer on papermc.creditcard
advertising	free ranks at skymc.photo
advertising	pvp server skymc.online
advertising	come to goldrush.goog
advertising	pvp server craftmoon.cloud
clean	that image is from steam.fitness
clean	i read it on papermc.kp
advertising	pvpz0n3.mt
clean	the changelog is at spigotmc.fm
advertising	play on funserver.booking
clean	the mod is hosted on papermc.extraspace
advertising	check out craftmoon.dds
clean	google it or look at wikipedia.fo
advertising	everyone join mcserver.repair
advertising	play on megasmp.rexroth
advertising	ip playmc.io
advertising	join megasmp.cool
advertising	try skymc.clinique
advertising	play on lunarmc.br
advertising	check out craftmoon.corsica
advertising	pvp server emerald.bg
advertising	hop on bedwars.softbank
advertising	best server is lunarmc.maif
advertising	new server bedwars.ieee
advertising	come play lunarmc.codes
advertising	jungl3mc.clothing
clean	someone linked twitch.amfam in a video
advertising	we moved to survivalcraft.ma
advertising	join megasmp.uol
advertising	my server is anarchy.events
advertising	everyone join skymc.foundation
advertising	ip lunarmc.xin
advertising	new server skymc.ke
clean	that medium.kosher tutorial helped
advertising	ip survivalcraft.imamat
advertising	check out survivalcraft.unicom
advertising	server ip is playmc.capetown
advertising	new server icecraft.maif
advertising	ip emerald.host
clean	i found the answer on youtube.nextdirect
advertising	play on minescape.extraspace
clean	that image is from spigotmc.americanexpress
advertising	best server is coolpvp.yodobashi
advertising	ip anarchy.miami
advertising	visit funserver.pa
advertising	looking for players at megasmp.events
clean	papermc.temasek is a bad website lol
advertising	try mcserver.gold
advertising	come to nethermc.tickets
advertising	my server is minescape.restaurant
clean	that image is from imgur.tickets
advertising	pvpz0n3.fund
advertising	pvp server dragonmc.care
advertising	hop on minescape.redumbrella
advertising	play on bedwars.rsvp
advertising	come play icecraft.bbt
advertising	0pcraft.cooking
advertising	server ip is mcserver.tjmaxx
clean	that image is from pastebin.immo
advertising	we moved to bestpvp.canon
advertising	play on craftkingdom.panasonic
advertising	try craftkingdom.ads
advertising	pvp server bedwars.xin
advertising	b3stpvp.radio
clean	check stackoverflow.deloitte later
advertising	0pcraft.camp
advertising	we moved to craftkingdom.pn
clean	spigotmc.surgery is a bad website lol
clean	that image is from curseforge.ca
advertising	server ip is icecraft.lv
advertising	l u n a r m c . s c o t
clean	someone linked pastebin.richardli in a video
advertising	looking for players at icecraft.weir
clean	google it or look at twitch.ninja
advertising	pvpz0n3.finance
advertising	server ip is foxcraft.gmx
advertising	everyone join funserver.lefrak
advertising	come to craftkingdom.sh
clean	check steam.kred later
clean	the docs at youtube.uno explain it
advertising	p l a y m c . s u c k s
clean	the docs at github.bestbuy explain it
clean	the changelog is at youtube.aetna
advertising	come play megasmp.cw
advertising	join skymc.mom
advertising	come to opcraft.praxi
advertising	new server craftmoon.firmdale
advertising	surv1valcraft.reviews
clean	is steam.dclk down for anyone else
advertising	my server is mcserver.crown
advertising	pvp server coolpvp.suzuki
clean	i read it on stackoverflow.vg
advertising	everyone join junglemc.lds
advertising	ip pvpzone.mt
advertising	come to craftkingdom.gal
advertising	free ranks at goldrush.cn
advertising	visit pvpzone.soy
advertising	we moved to anarchy.nu
advertising	come to mcserver.smile
advertising	play on pvpzone.ipiranga
advertising	hop on anarchy.spot
advertising	everyone join dragonmc.ren
advertising	free ranks at coolpvp.schaeffler
advertising	best server is bedwars.careers
clean	i saw a thread on medium.aquarelle
advertising	come to skymc.gay
advertising	p l a y m c . h e r m e s
advertising	everyone join bestpvp.final
advertising	new server coolpvp.shop
advertising	play on coolpvp.pharmacy
clean	that image is from reddit.so
advertising	try nethermc.consulting
advertising	server ip is mcserver.holiday
advertising	looking for players at playmc.icu
clean	curseforge.il is a bad website lol
advertising	looking for players at bestpvp.cologne
clean	reddit.help is a bad website lol
advertising	my server is dragonmc.website
advertising	new server emerald.earth
advertising	play on bestpvp.day
clean	that namemc.tab tutorial helped
advertising	visit junglemc.fit
advertising	server ip is minescape.juniper
advertising	check out coolpvp.band
advertising	free ranks at foxcraft.fairwinds
clean	the issue is tracked at twitch.td
advertising	play on funserver.weber
advertising	pvp server skymc.grainger
advertising	0pcraft.mc
clean	i saw a thread on youtube.claims
advertising	visit mcserver.saxo
advertising	try foxcraft.bestbuy
clean	google it or look at wikipedia.ki
advertising	everyone join megasmp.insurance
advertising	join mcserver.sky
clean	someone linked fandom.schmidt in a video
clean	the mod is hosted on modrinth.restaurant
clean	namemc.mlb is a bad website lol
advertising	new server mcserver.hotels
advertising	ip bestpvp.firestone
clean	youtube.aetna is a bad website lol
advertising	visit icecraft.fun
clean	the mod is hosted on planetminecraft.nokia
advertising	everyone join dragonmc.wme
advertising	come play lunarmc.bf
advertising	come play nethermc.cv
advertising	check out junglemc.chrome
clean	i found the answer on curseforge.camp
advertising	funs3rv3r.gmail
advertising	best server is coolpvp.shop
advertising	come play bestpvp.nyc
advertising	try lunarmc.bcn
advertising	join dragonmc.ss
advertising	check out pvpzone.weather
advertising	play on survivalcraft.cx
clean	i read it on youtube.nowtv
advertising	new server lunarmc.games
advertising	check out icecraft.tires
advertising	come to megasmp.shia
advertising	hop on pvpzone.mls
advertising	hop on foxcraft.ag
advertising	come to pvpzone.ie
clean	the changelog is at papermc.bargains
advertising	drag0nmc.yandex
advertising	play on nethermc.organic
advertising	b3dwars.ads
advertising	everyone join goldrush.domains
clean	check steam.tui later
advertising	join opcraft.mc
advertising	1c3craft.tires
advertising	looking for players at bedwars.racing
advertising	best server is bestpvp.ford
advertising	best server is icecraft.holdings
advertising	check out opcraft.navy
clean	the docs at reddit.giving explain it
advertising	check out nethermc.consulting
advertising	come to craftkingdom.faith
advertising	free ranks at funserver.yun
advertising	my server is foxcraft.cl
clean	medium.hn is not a minecraft site
advertising	free ranks at craftkingdom.abbott
advertising	ip lunarmc.yoga
advertising	everyone join lunarmc.lu
clean	the changelog is at medium.thd
advertising	p l a y m c . t k m a x x
advertising	g0ldrush.immobilien
advertising	my server is funserver.vn
clean	the mod is hosted on namemc.itv
clean	the mod is hosted on github.merckmsd
advertising	looking for players at nethermc.toray
advertising	visit nethermc.church
clean	that spigotmc.dog tutorial helped
advertising	b3stpvp.consulting
advertising	play on anarchy.case
advertising	hop on anarchy.il
advertising	come play dragonmc.lilly
advertising	free ranks at funserver.ieee
clean	that steam.ally tutorial helped
advertising	surv1valcraft.makeup
advertising	craftk1ngd0m.app
advertising	looking for players at bestpvp.yachts
clean	stackoverflow.ieee loads slowly for me
advertising	ip coolpvp.sg
clean	check medium.link later
clean	the docs at github.cx explain it
advertising	visit junglemc.med
clean	medium.parts loads slowly for me
advertising	check out nethermc.ac
advertising	everyone join bestpvp.firestone
clean	wikipedia.tattoo is a bad website lol
advertising	come to emerald.ht
advertising	hop on megasmp.how
advertising	come to playmc.ir
advertising	ip emerald.group
advertising	looking for players at dragonmc.international
clean	the docs at pastebin.rw explain it
advertising	play on bedwars.es
clean	google it or look at fandom.markets
advertising	b3dwars.financial
advertising	drag0nmc.lincoln
advertising	pvp server emerald.host
advertising	drag0nmc.ke
advertising	hop on mcserver.kr
advertising	m1n3scap3.blue
advertising	ip icecraft.gallup
clean	planetminecraft.cr is a bad website lol
advertising	come to dragonmc.gb
advertising	join bestpvp.tg
advertising	server ip is bestpvp.gb
advertising	looking for players at icecraft.americanfamily
clean	spigotmc.place is not a minecraft site
advertising	hop on funserver.biz
advertising	mcs3rv3r.sky
advertising	craftk1ngd0m.pn
advertising	new server funserver.ae
clean	the wiki at imgur.virgin is old
advertising	hop on craftkingdom.honda
clean	the docs at papermc.eu explain it
advertising	new server junglemc.lilly
clean	their blog github.bd is interesting
clean	someone linked spigotmc.hair in a video
advertising	play on funserver.travelers
advertising	come to junglemc.hbo
advertising	server ip is skymc.viva
advertising	new server bedwars.jm
advertising	jungl3mc.volvo
advertising	b3dwars.property
clean	i saw a thread on medium.one
clean	their blog reddit.la is interesting
advertising	pvpz0n3.courses
advertising	new server lunarmc.save
clean	i found the answer on medium.express
advertising	my server is goldrush.qpon
advertising	jungl3mc.ollo
advertising	come play emerald.tools
advertising	we moved to opcraft.aaa
advertising	best server is bedwars.ril
advertising	my server is foxcraft.direct
advertising	my server is megasmp.engineering
advertising	ip goldrush.voting
advertising	pvp server coolpvp.company
advertising	new server emerald.za
advertising	play on junglemc.moda
clean	that fandom.room tutorial helped
advertising	pvp server dragonmc.ist
advertising	p l a y m c . s j
advertising	hop on dragonmc.trust
advertising	pvp server coolpvp.panasonic
advertising	new server junglemc.staples
advertising	f0xcraft.army
advertising	server ip is pvpzone.soy
advertising	we moved to craftkingdom.mba
advertising	best server is nethermc.tjmaxx
advertising	server ip is pvpzone.supplies
advertising	try coolpvp.np
clean	the mod is hosted on medium.ollo
advertising	p l a y m c . l p l f i n a n c i a l
advertising	check out opcraft.baidu
advertising	we moved to skymc.tours
advertising	mcs3rv3r.sky
clean	the mod is hosted on github.su
advertising	free ranks at coolpvp.art
advertising	hop on funserver.bn
advertising	join coolpvp.bw
advertising	play on minescape.dish
advertising	looking for players at funserver.kindle
advertising	looking for players at coolpvp.ax
clean	medium.cam is a bad website lol
clean	the mod is hosted on spigotmc.fast
clean	i found the answer on fandom.icu
advertising	try dragonmc.hiphop
advertising	my server is lunarmc.storage
advertising	check out dragonmc.latino
advertising	try craftmoon.ec
advertising	check out dragonmc.lincoln
advertising	new server bestpvp.dell
clean	google it or look at youtube.mba
advertising	g0ldrush.st
clean	the mod is hosted on planetminecraft.nf
clean	the wiki at vimeo.bbc is old
clean	i saw a thread on wikipedia.firestone
advertising	looking for players at icecraft.llc
clean	stackoverflow.attorney is a bad website lol
advertising	join icecraft.engineer
advertising	free ranks at opcraft.mc
advertising	join megasmp.clinique
clean	google it or look at spigotmc.casa
advertising	c00lpvp.partners
advertising	ip mcserver.sncf
advertising	g0ldrush.dealer
advertising	g0ldrush.star
advertising	my server is dragonmc.life
advertising	best server is bedwars.cal
advertising	best server is foxcraft.lincoln
advertising	1c3craft.landrover
advertising	server ip is coolpvp.phd
advertising	come to craftmoon.vin
advertising	new server opcraft.goldpoint
advertising	check out playmc.golf
advertising	join emerald.jeep
clean	i read it on spigotmc.airbus
advertising	free ranks at dragonmc.gr
advertising	hop on mcserver.management
clean	the wiki at imgur.fashion is old
advertising	free ranks at craftmoon.eurovision
advertising	my server is anarchy.case
advertising	my server is megasmp.apartments
advertising	play on pvpzone.kddi
advertising	visit emerald.food
advertising	we moved to nethermc.final
advertising	hop on nethermc.software
advertising	try survivalcraft.tools
clean	the mod is hosted on pastebin.partners
clean	i saw a thread on medium.inc
advertising	jungl3mc.agency
clean	the issue is tracked at spigotmc.komatsu
clean	the wiki at steam.hdfc is old
advertising	ip mcserver.bms
advertising	come to survivalcraft.kim
advertising	check out megasmp.sy
clean	is planetminecraft.cr down for anyone else
advertising	drag0nmc.sap
advertising	play on coolpvp.gov
advertising	pvpz0n3.miami
advertising	mcs3rv3r.bayern
clean	i read it on wikipedia.international
clean	the changelog is at modrinth.jcb
advertising	s k y m c . r o o m
advertising	best server is emerald.theater
advertising	looking for players at anarchy.vivo
advertising	b3stpvp.dating
advertising	looking for players at survivalcraft.partners
advertising	come to opcraft.sm
clean	the docs at modrinth.pf explain it
advertising	visit mcserver.virgin
clean	i saw a thread on github.cash
clean	the changelog is at pastebin.fox
advertising	1c3craft.cafe
advertising	b3dwars.yoga
advertising	1c3craft.amazon
advertising	join funserver.android
advertising	we moved to opcraft.gmbh
advertising	check out skymc.samsung
advertising	0pcraft.landrover
advertising	hop on goldrush.men
advertising	everyone join junglemc.mu
advertising	ip skymc.epson
advertising	drag0nmc.americanexpress
advertising	ip coolpvp.sener
advertising	server ip is icecraft.ruhr
advertising	server ip is minescape.pars
advertising	looking for players at megasmp.mg
advertising	my server is foxcraft.mz
advertising	pvp server opcraft.im
advertising	my server is icecraft.delta
advertising	ip megasmp.live
advertising	looking for players at craftmoon.canon
advertising	visit craftmoon.org
advertising	server ip is dragonmc.pars
advertising	come play funserver.singles
advertising	play on dragonmc.gb
advertising	try survivalcraft.jio
advertising	come to anarchy.silk
advertising	try opcraft.praxi
clean	is steam.realestate down for anyone else
advertising	come to craftmoon.vu
clean	the mod is hosted on fandom.hiphop
clean	i found the answer on stackoverflow.vodka
clean	i found the answer on twitch.io
clean	the docs at planetminecraft.vegas explain it
advertising	server ip is megasmp.engineering
advertising	l u n a r m c . m q
advertising	we moved to junglemc.afl
advertising	craftm00n.construction
advertising	3m3rald.blackfriday
advertising	check out survivalcraft.comsec
advertising	play on foxcraft.management
advertising	n3th3rmc.cv
advertising	pvp server survivalcraft.bingo
advertising	best server is coolpvp.locus
advertising	my server is skymc.jio
advertising	free ranks at craftmoon.dubai
clean	is medium.lt down for anyone else
clean	imgur.accountants loads slowly for me
advertising	check out icecraft.bbt
advertising	looking for players at minescape.haus
advertising	my server is funserver.li
clean	fandom.fit loads slowly for me
advertising	play on bedwars.re
clean	google it or look at youtube.rexroth
advertising	check out craftkingdom.meme
advertising	pvp server foxcraft.ng
advertising	server ip is lunarmc.schwarz
advertising	free ranks at megasmp.nec
advertising	come to bedwars.accountants
advertising	pvp server goldrush.grocery
advertising	m1n3scap3.kerryhotels
advertising	hop on bedwars.stockholm
advertising	try bedwars.ads
advertising	my server is foxcraft.gallup
clean	check fandom.investments later
advertising	new server megasmp.docs
clean	i found the answer on namemc.estate
advertising	check out opcraft.systems
advertising	check out funserver.play
advertising	play on anarchy.jprs
advertising	best server is lunarmc.football
advertising	looking for players at emerald.gl
advertising	pvp server dragonmc.mn
advertising	check out pvpzone.ngo
clean	medium.lanxess loads slowly for me
advertising	come play lunarmc.kitchen
advertising	try pvpzone.hospital
clean	planetminecraft.globo loads slowly for me
advertising	try megasmp.engineering
advertising	play on craftkingdom.itv
advertising	best server is mcserver.cat
clean	youtube.kh is a bad website lol
clean	the wiki at twitch.menu is old
clean	someone linked spigotmc.voting in a video
advertising	come play pvpzone.compare
advertising	everyone join playmc.photography
advertising	my server is craftmoon.email
advertising	new server skymc.gallery
advertising	ip coolpvp.gea
advertising	best server is craftkingdom.firmdale
advertising	free ranks at lunarmc.gs
advertising	new server junglemc.uk
advertising	n3th3rmc.kn
advertising	ip bestpvp.mobi
advertising	ip craftkingdom.ubank
advertising	visit survivalcraft.unicom
clean	i read it on planetminecraft.locker
advertising	best server is playmc.sd
advertising	pvp server bedwars.safety
advertising	a n a r c h y . a u t h o r
advertising	funs3rv3r.mg
advertising	free ranks at nethermc.cfa
advertising	new server emerald.pro
clean	google it or look at curseforge.design
clean	their blog papermc.lighting is interesting
advertising	best server is icecraft.art
clean	is namemc.deal down for anyone else
advertising	looking for players at lunarmc.coffee
advertising	best server is craftmoon.fail
advertising	visit mcserver.cat
advertising	pvp server opcraft.broker
advertising	everyone join skymc.visa
advertising	ip funserver.boston
advertising	visit playmc.baby
advertising	pvp server icecraft.imdb
advertising	try nethermc.vlaanderen
clean	i found the answer on vimeo.nowruz
advertising	join minescape.blockbuster
advertising	join playmc.ltda
advertising	try craftkingdom.ubank
advertising	my server is craftkingdom.ads
advertising	ip opcraft.lawyer
clean	the changelog is at spigotmc.goldpoint
clean	check twitch.vivo later
clean	i read it on papermc.holdings
advertising	pvp server craftmoon.alstom
advertising	check out playmc.sbi
advertising	come to opcraft.goldpoint
advertising	pvp server megasmp.de
advertising	try megasmp.racing
advertising	ip skymc.dentist
advertising	my server is skymc.globo
advertising	visit craftkingdom.new
advertising	hop on opcraft.beer
advertising	come to coolpvp.marshalls
advertising	craftm00n.office
advertising	a n a r c h y . c y o u
advertising	everyone join pvpzone.frl
advertising	ip craftkingdom.docs
advertising	visit bedwars.discount
advertising	b3stpvp.lr
advertising	free ranks at playmc.kp
advertising	come to lunarmc.caravan
advertising	join nethermc.organic
advertising	everyone join foxcraft.politie
advertising	my server is dragonmc.cpa
advertising	come to skymc.mckinsey
advertising	best server is bestpvp.qa
advertising	we moved to funserver.pnc
advertising	new server anarchy.az
clean	google it or look at spigotmc.cipriani
advertising	hop on goldrush.vi
advertising	craftk1ngd0m.gal
advertising	b3stpvp.in
advertising	come play anarchy.trust
advertising	try coolpvp.haus
advertising	come to icecraft.quebec
advertising	hop on bestpvp.nyc
advertising	best server is megasmp.jewelry
advertising	come play funserver.training
clean	that imgur.talk tutorial helped
advertising	hop on junglemc.tech
clean	check wikipedia.vn later
clean	vimeo.stada is a bad website lol
advertising	ip megasmp.rexroth
advertising	come play nethermc.realty
clean	i found the answer on pastebin.chintai
advertising	check out bestpvp.sony
advertising	pvp server goldrush.fj
advertising	free ranks at coolpvp.ott
clean	the changelog is at spigotmc.ne
advertising	join survivalcraft.expert
advertising	we moved to nethermc.boo
advertising	server ip is coolpvp.qa
advertising	visit mcserver.ph
advertising	join mcserver.sc
clean	the docs at spigotmc.citi explain it
advertising	my server is coolpvp.qa
clean	spigotmc.cipriani loads slowly for me
advertising	b3dwars.ae
advertising	check out pvpzone.gu
advertising	join craftkingdom.wales
advertising	free ranks at mcserver.barclaycard
advertising	play on lunarmc.schule
advertising	everyone join lunarmc.xin
advertising	visit coolpvp.gy
advertising	f0xcraft.lk
advertising	pvp server playmc.stockholm
clean	check vimeo.direct later
advertising	looking for players at pvpzone.me
clean	their blog wikipedia.onl is interesting
advertising	we moved to funserver.obi
clean	the wiki at planetminecraft.clubmed is old
advertising	hop on goldrush.cipriani
advertising	we moved to dragonmc.mn
advertising	server ip is lunarmc.porn
advertising	mcs3rv3r.cab
advertising	try emerald.bm
advertising	we moved to nethermc.kn
clean	the mod is hosted on imgur.ups
advertising	pvp server lunarmc.koeln
advertising	server ip is goldrush.gl
clean	i found the answer on vimeo.stc
advertising	pvp server megasmp.mh
advertising	come to mcserver.blog
advertising	pvpz0n3.coupons
advertising	free ranks at playmc.otsuka
clean	the mod is hosted on imgur.catering
clean	the wiki at curseforge.quest is old
advertising	check out opcraft.search
clean	i saw a thread on reddit.compare
advertising	play on emerald.insure
clean	check reddit.cw later
advertising	we moved to bedwars.expert
advertising	try coolpvp.properties
clean	someone linked steam.mattel in a video
advertising	my server is nethermc.tips
advertising	3m3rald.tn
advertising	join megasmp.tdk
advertising	my server is icecraft.nec
advertising	n3th3rmc.mobile
advertising	come to craftkingdom.contact
advertising	hop on dragonmc.company
advertising	best server is junglemc.aol
advertising	ip bedwars.cz
advertising	play on nethermc.cv
clean	their blog spigotmc.al is interesting
advertising	craftk1ngd0m.healthcare
advertising	looking for players at mcserver.bcn
clean	google it or look at stackoverflow.gea
advertising	pvp server junglemc.money
advertising	hop on opcraft.nowtv
advertising	come play survivalcraft.akdn
advertising	surv1valcraft.fashion
clean	google it or look at vimeo.flights
advertising	play on nethermc.pwc
advertising	craftm00n.mls
advertising	play on craftmoon.prime
advertising	server ip is bestpvp.sh
advertising	come play nethermc.yandex
advertising	hop on emerald.furniture
advertising	visit survivalcraft.jo
advertising	mcs3rv3r.energy
advertising	looking for players at lunarmc.do
advertising	come play mcserver.ltda
advertising	free ranks at foxcraft.onl
clean	i saw a thread on curseforge.ca
advertising	server ip is playmc.abbvie
advertising	we moved to funserver.free
advertising	ip megasmp.schmidt
advertising	we moved to skymc.audi
clean	google it or look at youtube.weatherchannel
advertising	hop on goldrush.yahoo
advertising	best server is dragonmc.sbs
clean	the changelog is at stackoverflow.shop
advertising	everyone join craftmoon.re
advertising	everyone join megasmp.in
clean	the wiki at fandom.chase is old
advertising	1c3craft.trade
advertising	check out lunarmc.estate
advertising	best server is mcserver.ls
clean	twitch.star loads slowly for me
advertising	free ranks at junglemc.apple
advertising	looking for players at playmc.flir
clean	that namemc.dvag tutorial helped
advertising	craftm00n.so
clean	medium.anz is not a minecraft site
advertising	everyone join bestpvp.wtf
advertising	come play emerald.jeep
advertising	server ip is funserver.li
advertising	play on bestpvp.radio
clean	the docs at spigotmc.lifestyle explain it
advertising	pvp server icecraft.quebec
advertising	check out craftkingdom.cooking
advertising	pvp server junglemc.lds
clean	their blog vimeo.praxi is interesting
clean	their blog github.store is interesting
advertising	we moved to bestpvp.pics
clean	their blog papermc.video is interesting
advertising	everyone join foxcraft.vanguard
advertising	pvp server bestpvp.coop
advertising	my server is bedwars.immobilien
clean	the mod is hosted on wikipedia.tushu
advertising	free ranks at minescape.hockey
advertising	hop on survivalcraft.fashion
advertising	free ranks at survivalcraft.horse
advertising	drag0nmc.show
clean	the docs at papermc.cn explain it
clean	the issue is tracked at spigotmc.exposed
advertising	my server is dragonmc.ally
advertising	we moved to funserver.direct
advertising	visit craftmoon.km
clean	wikipedia.ki loads slowly for me
advertising	ip icecraft.deals
advertising	hop on anarchy.tokyo
clean	is imgur.pharmacy down for anyone else
advertising	f0xcraft.int
clean	that image is from steam.obi
advertising	l u n a r m c . s c h w a r z
advertising	ip craftmoon.joy
advertising	looking for players at anarchy.events
advertising	try craftkingdom.memorial
advertising	pvp server survivalcraft.democrat
clean	i read it on papermc.social
advertising	ip survivalcraft.kyoto
advertising	server ip is bedwars.madrid
advertising	l u n a r m c . p i n
advertising	free ranks at goldrush.ong
advertising	best server is craftkingdom.software
advertising	play on opcraft.nissan
clean	spigotmc.jnj loads slowly for me
advertising	visit icecraft.cool
advertising	come to anarchy.spot
advertising	free ranks at goldrush.fedex
advertising	new server lunarmc.broadway
clean	that namemc.estate tutorial helped
advertising	visit dragonmc.ren
advertising	my server is playmc.beats
advertising	pvp server coolpvp.mk
advertising	hop on junglemc.wiki
advertising	best server is playmc.kp
advertising	pvpz0n3.cern
clean	the changelog is at imgur.ua
clean	i found the answer on pastebin.name
advertising	p l a y m c . c l u b m e d
advertising	check out bestpvp.soccer
advertising	looking for players at megasmp.ly
advertising	come to bedwars.wed
advertising	pvp server survivalcraft.house
advertising	mcs3rv3r.seek
advertising	everyone join foxcraft.channel
advertising	everyone join opcraft.ro
advertising	come play mcserver.crs
advertising	play on coolpvp.kpmg
advertising	best server is emerald.srl
advertising	pvp server bedwars.stc
advertising	ip skymc.mom
advertising	b3dwars.cba
advertising	server ip is skymc.fidelity
advertising	come to junglemc.lds
advertising	looking for players at bestpvp.hair
advertising	p l a y m c . p i n k
clean	i saw a thread on imgur.kz
advertising	3m3rald.ht
advertising	server ip is craftmoon.design
clean	their blog youtube.cricket is interesting
advertising	free ranks at icecraft.hermes
clean	the changelog is at reddit.abc
advertising	best server is megasmp.live
advertising	server ip is nethermc.shiksha
advertising	check out bedwars.careers
advertising	looking for players at junglemc.java
clean	steam.ky is not a minecraft site
advertising	ip nethermc.coach
advertising	ip goldrush.insure
advertising	server ip is skymc.dk
clean	that image is from reddit.legal
advertising	everyone join lunarmc.academy
advertising	best server is coolpvp.college
advertising	new server craftmoon.ec
advertising	try anarchy.nikon
advertising	everyone join coolpvp.mobi
clean	i read it on stackoverflow.football
advertising	we moved to survivalcraft.edu
advertising	come play pvpzone.am
clean	that youtube.mc tutorial helped
advertising	1c3craft.moto
advertising	craftm00n.locus
advertising	check out craftmoon.office
advertising	drag0nmc.social
advertising	l u n a r m c . o b i
advertising	everyone join goldrush.vi
advertising	check out anarchy.forum
advertising	everyone join funserver.training
advertising	my server is skymc.link
advertising	best server is bedwars.rwe
advertising	server ip is survivalcraft.mtn
advertising	my server is funserver.cbn
advertising	surv1valcraft.voyage
advertising	pvp server megasmp.hangout
advertising	check out lunarmc.mr
advertising	server ip is coolpvp.tt
clean	their blog fandom.dot is interesting
clean	is youtube.tvs down for anyone else
advertising	l u n a r m c . m a r r i o t t
advertising	we moved to mcserver.ikano
advertising	server ip is bedwars.ltd
advertising	hop on goldrush.winners
advertising	funs3rv3r.weatherchannel
advertising	free ranks at bedwars.discover
advertising	best server is anarchy.nu
clean	spigotmc.nec loads slowly for me
advertising	my server is survivalcraft.ventures
advertising	n3th3rmc.xerox
clean	is twitch.goodyear down for anyone else
advertising	hop on mcserver.bayern
advertising	everyone join coolpvp.school
advertising	c00lpvp.lb
advertising	my server is junglemc.smile
advertising	check out bedwars.yoga
clean	the wiki at medium.anz is old
advertising	play on foxcraft.career
advertising	ip megasmp.ly
advertising	we moved to anarchy.mov
advertising	check out craftkingdom.memorial
advertising	visit craftkingdom.accountant
advertising	b3stpvp.tt
advertising	come play dragonmc.blockbuster
advertising	looking for players at megasmp.mini
advertising	come to opcraft.cooking
clean	the mod is hosted on planetminecraft.mint
advertising	best server is dragonmc.okinawa
advertising	check out bestpvp.bzh
advertising	play on pvpzone.solutions
advertising	check out skymc.careers
advertising	looking for players at goldrush.ve
clean	the issue is tracked at papermc.social
advertising	free ranks at nethermc.nexus
advertising	free ranks at funserver.horse
advertising	craftm00n.email
advertising	a n a r c h y . f o o
advertising	play on playmc.ericsson
clean	google it or look at vimeo.hr
advertising	server ip is nethermc.gt
advertising	new server minescape.il
advertising	3m3rald.fly
clean	the issue is tracked at imgur.lv
clean	imgur.rent is not a minecraft site
advertising	b3dwars.windows
advertising	visit minescape.realtor
advertising	craftk1ngd0m.boo
advertising	hop on minescape.farm
clean	i read it on stackoverflow.supply
advertising	m1n3scap3.barcelona
advertising	free ranks at goldrush.you
advertising	new server skymc.here
advertising	free ranks at foxcraft.commbank
advertising	my server is pvpzone.design
advertising	everyone join lunarmc.bcn
advertising	pvp server emerald.blackfriday
advertising	1c3craft.brother
advertising	visit pvpzone.ftr
advertising	surv1valcraft.condos
advertising	1c3craft.kfh
advertising	come play survivalcraft.jo
advertising	free ranks at goldrush.studio
advertising	pvp server craftmoon.porn
advertising	hop on goldrush.lease
advertising	pvp server craftmoon.dds
advertising	craftk1ngd0m.tz
advertising	everyone join minescape.memorial
advertising	s k y m c . w i l l i a m h i l l
advertising	hop on foxcraft.exchange
advertising	looking for players at opcraft.bing
advertising	pvpz0n3.weatherchannel
clean	the issue is tracked at steam.trust
advertising	free ranks at goldrush.sharp
advertising	surv1valcraft.kyoto
advertising	come play nethermc.london
advertising	ip dragonmc.mo
clean	that fandom.dealer tutorial helped
advertising	ip emerald.bt
advertising	new server goldrush.auspost
advertising	visit megasmp.rexroth
advertising	join skymc.la
clean	the issue is tracked at pastebin.citic
advertising	pvpz0n3.mls
advertising	join skymc.band
advertising	we moved to bestpvp.study
advertising	visit skymc.omega
clean	google it or look at youtube.versicherung
advertising	hop on opcraft.xihuan
advertising	0pcraft.ee
clean	check youtube.hyundai later
clean	the mod is hosted on papermc.bargains
advertising	everyone join goldrush.finance
advertising	new server funserver.toshiba
advertising	new server megasmp.ing
advertising	funs3rv3r.site
advertising	best server is minescape.globo
advertising	p l a y m c . a b c
advertising	m1n3scap3.restaurant
clean	is reddit.ck down for anyone else
advertising	my server is lunarmc.xerox
advertising	server ip is minescape.goodyear
advertising	c00lpvp.sg
advertising	craftk1ngd0m.business
advertising	pvp server coolpvp.immo
advertising	come to megasmp.jewelry
advertising	pvp server pvpzone.bid
advertising	b3dwars.ua
advertising	visit bestpvp.android
clean	i saw a thread on curseforge.design
clean	the mod is hosted on steam.zw
advertising	my server is funserver.nrw
advertising	free ranks at junglemc.cricket
advertising	looking for players at nethermc.bloomberg
advertising	check out foxcraft.feedback
advertising	join opcraft.amazon
clean	that image is from fandom.sj
advertising	come play bedwars.safety
clean	i saw a thread on spigotmc.jio
advertising	pvp server survivalcraft.bosch
clean	that image is from curseforge.wtf
advertising	surv1valcraft.comsec
advertising	best server is foxcraft.hbo
clean	the docs at github.netflix explain it
advertising	visit mcserver.sew
advertising	new server survivalcraft.energy
advertising	looking for players at playmc.lifeinsurance
advertising	a n a r c h y . m e r c k m s d
clean	that stackoverflow.lundbeck tutorial helped
advertising	we moved to playmc.swiss
advertising	free ranks at goldrush.neustar
advertising	craftm00n.aeg
advertising	come to nethermc.party
clean	stackoverflow.aaa is not a minecraft site
clean	someone linked spigotmc.ax in a video
clean	modrinth.expert is not a minecraft site
advertising	free ranks at lunarmc.international
advertising	visit coolpvp.ax
advertising	1c3craft.express
advertising	free ranks at craftkingdom.cooking
advertising	try nethermc.samsclub
advertising	a n a r c h y . t u s h u
clean	i found the answer on twitch.secure
advertising	check out pvpzone.bible
advertising	visit craftkingdom.fyi
clean	is reddit.ci down for anyone else
advertising	l u n a r m c . g u i t a r s
clean	reddit.organic loads slowly for me
advertising	server ip is craftmoon.mr
clean	the changelog is at papermc.chrome
advertising	check out bestpvp.bnpparibas
advertising	hop on pvpzone.me
advertising	f0xcraft.trade
advertising	free ranks at craftmoon.lidl
advertising	try craftmoon.cx
advertising	pvp server minescape.you
clean	the mod is hosted on imgur.ibm
advertising	ip dragonmc.dev
clean	the docs at reddit.gallup explain it
advertising	0pcraft.be
advertising	we moved to minescape.law
clean	the wiki at steam.berlin is old
advertising	we moved to foxcraft.kred
clean	the docs at pastebin.aws explain it
advertising	server ip is funserver.gives
advertising	new server nethermc.ac
advertising	free ranks at minescape.build
advertising	best server is foxcraft.game
advertising	visit craftmoon.press
advertising	visit minescape.mc
advertising	my server is craftmoon.flowers
advertising	pvp server megasmp.pnc
advertising	server ip is minescape.gent
advertising	pvp server survivalcraft.farmers
clean	that image is from modrinth.pid
advertising	free ranks at craftkingdom.im
advertising	new server bestpvp.bzh
advertising	we moved to craftmoon.place
advertising	mcs3rv3r.attorney
advertising	everyone join funserver.mit
advertising	join skymc.jio
advertising	pvp server pvpzone.amica
advertising	b3stpvp.firestone
advertising	play on opcraft.saxo
advertising	come to dragonmc.marriott
advertising	check out mcserver.ryukyu
clean	google it or look at wikipedia.villas
advertising	best server is lunarmc.juegos
clean	the mod is hosted on modrinth.nagoya
advertising	visit minescape.zm
advertising	my server is craftmoon.weibo
advertising	free ranks at craftmoon.baidu
clean	reddit.landrover is a bad website lol
advertising	best server is mcserver.lplfinancial
advertising	ip megasmp.saarland
advertising	everyone join playmc.coach
advertising	jungl3mc.xihuan
advertising	everyone join bestpvp.nissay
advertising	craftk1ngd0m.christmas
advertising	join opcraft.fage
clean	i saw a thread on medium.lgbt
advertising	craftk1ngd0m.cfa
advertising	server ip is bestpvp.pics
advertising	join foxcraft.ng
clean	that image is from reddit.circle
advertising	3m3rald.wien
advertising	come play mcserver.cr
advertising	new server dragonmc.ist
advertising	looking for players at coolpvp.page
clean	the changelog is at steam.care
advertising	new server skymc.youtube
advertising	best server is skymc.ph
advertising	craftk1ngd0m.motorcycles
clean	that twitch.cruises tutorial helped
clean	someone linked steam.sex in a video
clean	the wiki at imgur.tatamotors is old
advertising	my server is coolpvp.id
clean	the mod is hosted on stackoverflow.np
advertising	best server is goldrush.thd
clean	reddit.boehringer is not a minecraft site
advertising	new server megasmp.mg
advertising	we moved to lunarmc.shouji
advertising	free ranks at mcserver.ph
clean	check papermc.aarp later
advertising	my server is goldrush.dvag
advertising	jungl3mc.sydney
clean	their blog stackoverflow.foundation is interesting
advertising	c00lpvp.melbourne
clean	that image is from imgur.jmp
advertising	my server is junglemc.love
advertising	try opcraft.ve
advertising	visit funserver.mit
advertising	new server anarchy.author
clean	is papermc.lease down for anyone else
clean	medium.condos loads slowly for me
advertising	we moved to dragonmc.care
advertising	0pcraft.dot
advertising	looking for players at coolpvp.sz
advertising	hop on funserver.sn
advertising	join opcraft.gmbh
advertising	free ranks at icecraft.tires
advertising	1c3craft.cl
advertising	come play nethermc.democrat
advertising	free ranks at icecraft.scholarships
advertising	hop on survivalcraft.bingo
advertising	everyone join survivalcraft.university
advertising	ip playmc.kp
advertising	everyone join nethermc.gd
advertising	join emerald.ma
clean	the mod is hosted on fandom.faith
advertising	m3gasmp.qpon
advertising	3m3rald.bg
advertising	my server is playmc.mango
advertising	m1n3scap3.haus
advertising	come play pvpzone.tc
advertising	come to survivalcraft.ck
clean	that image is from fandom.schwarz
advertising	server ip is bestpvp.lr
advertising	come play pvpzone.physio
advertising	visit icecraft.nf
advertising	visit coolpvp.locus
advertising	hop on icecraft.camp
advertising	hop on nethermc.africa
advertising	join anarchy.video
advertising	everyone join megasmp.yokohama
advertising	everyone join dragonmc.academy
advertising	new server emerald.uy
clean	check namemc.gripe later
advertising	best server is foxcraft.cbn
advertising	best server is goldrush.gle
clean	stackoverflow.kitchen is not a minecraft site
advertising	new server craftmoon.data
advertising	join junglemc.florist
advertising	looking for players at craftmoon.jo
advertising	b3stpvp.canon
advertising	join craftkingdom.no
clean	the issue is tracked at spigotmc.bh
advertising	try bedwars.financial
advertising	looking for players at bestpvp.soccer
clean	their blog stackoverflow.baby is interesting
clean	that youtube.sl tutorial helped
advertising	mcs3rv3r.productions
advertising	free ranks at pvpzone.bid
advertising	ip bedwars.financial
advertising	new server nethermc.eg
advertising	we moved to opcraft.motorcycles
advertising	try megasmp.jaguar
advertising	check out dragonmc.gb
advertising	jungl3mc.nba
advertising	my server is mcserver.chanel
clean	the docs at papermc.qa explain it
clean	someone linked reddit.fage in a video
advertising	server ip is coolpvp.estate
advertising	come to anarchy.pru
clean	the issue is tracked at imgur.diamonds
advertising	new server playmc.tm
clean	curseforge.yt is not a minecraft site
clean	is papermc.anquan down for anyone else
advertising	we moved to foxcraft.okinawa
advertising	ip opcraft.bd
advertising	server ip is mcserver.bms
advertising	my server is goldrush.moscow
advertising	ip craftkingdom.staples
advertising	play on junglemc.aramco
advertising	my server is pvpzone.cheap
advertising	check out craftkingdom.politie
advertising	my server is opcraft.pr
clean	fandom.allfinanz is not a minecraft site
advertising	my server is skymc.tours
advertising	come to pvpzone.gift
clean	someone linked curseforge.st in a video
advertising	everyone join playmc.dclk
advertising	try survivalcraft.condos
advertising	craftm00n.agakhan
advertising	everyone join craftmoon.dog
clean	wikipedia.dupont is not a minecraft site
clean	is wikipedia.ist down for anyone else
advertising	everyone join icecraft.watch
advertising	l u n a r m c . e s t a t e
advertising	pvp server lunarmc.schwarz
advertising	new server emerald.ag
advertising	pvp server anarchy.ltd
advertising	c00lpvp.schaeffler
clean	is reddit.eurovision down for anyone else
advertising	visit mcserver.technology
advertising	play on mcserver.aeg
clean	check modrinth.maison later
advertising	1c3craft.ping
advertising	free ranks at emerald.futbol
advertising	check out playmc.eco
clean	their blog curseforge.cologne is interesting
advertising	b3dwars.re
advertising	visit bestpvp.stream
advertising	we moved to foxcraft.comsec
advertising	new server funserver.nrw
clean	someone linked github.got in a video
clean	check wikipedia.ls later
advertising	hop on icecraft.network
clean	reddit.house loads slowly for me
advertising	g0ldrush.rest
clean	the wiki at medium.es is old
advertising	free ranks at nethermc.ml
advertising	c00lpvp.kpmg
clean	the docs at reddit.bot explain it
advertising	p l a y m c . i c u
advertising	we moved to skymc.tr
advertising	s k y m c . m i c r o s o f t
advertising	play on coolpvp.np
advertising	g0ldrush.finance
advertising	funs3rv3r.bmw
clean	the changelog is at youtube.mg
advertising	free ranks at bestpvp.vision
clean	someone linked namemc.cal in a video
advertising	try minescape.nrw
advertising	new server skymc.associates
advertising	looking for players at dragonmc.navy
advertising	come play opcraft.systems
advertising	come play lunarmc.abbvie
clean	check namemc.cab later
advertising	we moved to playmc.arab
advertising	looking for players at megasmp.aetna
advertising	n3th3rmc.cricket
advertising	we moved to bedwars.villas
clean	the docs at github.insurance explain it
advertising	free ranks at megasmp.moe
clean	modrinth.camera is not a minecraft site
advertising	ip craftkingdom.vn
clean	the issue is tracked at steam.be
clean	twitch.total is not a minecraft site
advertising	c00lpvp.map
clean	fandom.goog is a bad website lol
advertising	try mcserver.barclaycard
advertising	ip junglemc.gallo
advertising	visit skymc.km
advertising	server ip is craftkingdom.bz
clean	the docs at steam.audible explain it
advertising	craftm00n.guge
clean	i found the answer on twitch.amfam
advertising	come play foxcraft.plus
advertising	b3stpvp.crown
clean	i found the answer on medium.aramco
advertising	p l a y m c . p r o d
advertising	looking for players at anarchy.smart
advertising	come to junglemc.lamer
advertising	pvp server lunarmc.mckinsey
advertising	new server minescape.dell
advertising	b3dwars.pioneer
advertising	pvp server icecraft.gq
clean	medium.sa is a bad website lol
advertising	jungl3mc.security
advertising	0pcraft.baidu
advertising	try anarchy.love
advertising	0pcraft.tv
advertising	server ip is skymc.mckinsey
advertising	pvp server coolpvp.viajes
clean	medium.box is a bad website lol
advertising	new server emerald.ott
clean	twitch.sarl loads slowly for me
clean	check medium.ngo later
advertising	ip skymc.diy
clean	vimeo.joburg is a bad website lol
advertising	ip bestpvp.in
advertising	ip nethermc.industries
advertising	everyone join goldrush.li
advertising	check out opcraft.med
advertising	pvp server craftkingdom.team
clean	the wiki at stackoverflow.vg is old
advertising	play on lunarmc.jpmorgan
advertising	server ip is mcserver.bridgestone
clean	i found the answer on steam.cheap
advertising	ip goldrush.mov
advertising	my server is bestpvp.by
advertising	0pcraft.praxi
advertising	looking for players at dragonmc.limited
advertising	play on lunarmc.latrobe
advertising	join bestpvp.archi
clean	the changelog is at github.feedback
advertising	try minescape.amsterdam
advertising	join anarchy.digital
advertising	come to craftkingdom.otsuka
advertising	server ip is pvpzone.alsace
clean	namemc.estate loads slowly for me
clean	that image is from stackoverflow.kitchen
advertising	3m3rald.reisen
advertising	ip opcraft.fan
advertising	b3stpvp.sony
advertising	play on skymc.microsoft
advertising	we moved to bestpvp.yun
clean	pastebin.mx is a bad website lol
advertising	visit bestpvp.shopping
clean	their blog papermc.mobi is interesting
advertising	try skymc.online
advertising	m1n3scap3.taobao
advertising	check out anarchy.career
advertising	visit craftkingdom.memorial
advertising	visit survivalcraft.mitsubishi
clean	i saw a thread on wikipedia.post
advertising	try icecraft.cl
advertising	hop on nethermc.ubank
advertising	g0ldrush.lotto
clean	their blog twitch.law is interesting
advertising	best server is funserver.pizza
advertising	join mcserver.town
clean	someone linked vimeo.fail in a video
advertising	looking for players at pvpzone.taxi
advertising	play on craftkingdom.star
advertising	3m3rald.bingo
advertising	play on dragonmc.it
clean	the wiki at youtube.axa is old
advertising	m1n3scap3.law
advertising	visit dragonmc.netbank
advertising	server ip is funserver.norton
advertising	come to craftmoon.ec
advertising	new server dragonmc.website
advertising	everyone join goldrush.amfam
advertising	1c3craft.jewelry
advertising	play on mcserver.ryukyu
advertising	play on coolpvp.iq
advertising	visit dragonmc.lincoln
advertising	everyone join goldrush.surgery
advertising	looking for players at emerald.pe
clean	someone linked spigotmc.cbn in a video
advertising	pvp server megasmp.bofa
advertising	best server is craftmoon.recipes
advertising	a n a r c h y . t r u s t
advertising	pvp server emerald.earth
advertising	looking for players at craftkingdom.ads
clean	twitch.swiss loads slowly for me
advertising	pvp server mcserver.crs
advertising	best server is nethermc.commbank
advertising	visit minescape.news
clean	that image is from github.srl
advertising	check out funserver.vn
advertising	play on bestpvp.bzh
advertising	pvp server dragonmc.aaa
advertising	hop on minescape.mn
advertising	surv1valcraft.ma
advertising	come play minescape.dhl
clean	someone linked spigotmc.surf in a video
advertising	server ip is coolpvp.vana
advertising	free ranks at foxcraft.top
advertising	best server is nethermc.bio
advertising	join coolpvp.thd
clean	the changelog is at fandom.guide
advertising	pvp server craftkingdom.plus
advertising	server ip is coolpvp.engineer
advertising	my server is craftmoon.firmdale
advertising	check out nethermc.country
advertising	new server pvpzone.call
advertising	hop on megasmp.rentals
advertising	visit bedwars.degree
advertising	best server is mcserver.fr
advertising	join funserver.play
advertising	new server mcserver.versicherung
clean	the wiki at wikipedia.swatch is old
advertising	ip playmc.bible
advertising	come play emerald.cba
advertising	mcs3rv3r.schule
advertising	pvp server icecraft.bofa
advertising	jungl3mc.wow
advertising	check out craftkingdom.fm
clean	twitch.cruises loads slowly for me
advertising	a n a r c h y . m i n t
clean	check vimeo.sg later
advertising	visit survivalcraft.si
advertising	join nethermc.contractors
advertising	hop on foxcraft.country
clean	that spigotmc.id tutorial helped
advertising	try craftmoon.fail
advertising	join craftkingdom.business
advertising	come play minescape.boats
advertising	visit emerald.blackfriday
advertising	free ranks at junglemc.wow
advertising	come play playmc.bom
clean	i read it on twitch.oracle
advertising	my server is minescape.prime
advertising	looking for players at nethermc.lego
advertising	best server is opcraft.audible
advertising	3m3rald.sew
advertising	visit bestpvp.frontier
clean	i found the answer on planetminecraft.sb
advertising	server ip is bedwars.frogans
clean	someone linked reddit.ink in a video
advertising	pvpz0n3.va
advertising	m1n3scap3.baseball
clean	google it or look at namemc.norton
advertising	best server is playmc.poker
advertising	1c3craft.sr
clean	i read it on pastebin.phd
advertising	come play icecraft.vegas
advertising	visit emerald.care
advertising	ip bestpvp.stream
advertising	my server is megasmp.ly
advertising	hop on goldrush.sharp
advertising	come play lunarmc.coffee
advertising	join lunarmc.br
advertising	try dragonmc.sap
advertising	new server opcraft.xbox
advertising	come to pvpzone.fund
advertising	everyone join bestpvp.day
clean	papermc.ni loads slowly for me
clean	their blog pastebin.gmx is interesting
clean	the mod is hosted on steam.ky
advertising	looking for players at foxcraft.cbre
advertising	come play funserver.bn
clean	google it or look at imgur.amex
advertising	best server is funserver.weber
advertising	pvp server craftkingdom.ac
advertising	free ranks at anarchy.vivo
clean	their blog modrinth.tt is interesting
clean	that vimeo.scot tutorial helped
advertising	g0ldrush.ee
clean	vimeo.abogado loads slowly for me
advertising	hop on megasmp.deals
advertising	join icecraft.republican
advertising	b3stpvp.auto
advertising	my server is funserver.nico
advertising	play on craftmoon.orange
advertising	b3dwars.arpa
advertising	c00lpvp.claims
advertising	everyone join coolpvp.yodobashi
clean	check fandom.radio later
advertising	m3gasmp.mil
clean	their blog fandom.car is interesting
advertising	join megasmp.travelersinsurance
clean	the changelog is at vimeo.zone
advertising	free ranks at anarchy.music
advertising	come to minescape.onl
advertising	l u n a r m c . h e l s i n k i
advertising	try skymc.loans
advertising	looking for players at craftkingdom.hkt
advertising	come play craftmoon.playstation
advertising	best server is craftmoon.community
advertising	craftk1ngd0m.pin
advertising	b3stpvp.ms
advertising	looking for players at bedwars.xin
advertising	new server icecraft.pm
clean	check github.bmw later
clean	the mod is hosted on stackoverflow.ie
clean	i read it on medium.citadel
advertising	new server mcserver.bauhaus
advertising	we moved to bedwars.pioneer
advertising	come play junglemc.tatamotors
clean	check pastebin.flir later
clean	google it or look at pastebin.jprs
advertising	visit junglemc.wf
advertising	come to nethermc.uz
advertising	ip skymc.report
advertising	hop on emerald.place
advertising	looking for players at skymc.link
advertising	join megasmp.fun
advertising	server ip is bedwars.es
advertising	come play survivalcraft.pet
clean	i found the answer on twitch.ferrari
advertising	play on anarchy.vc
clean	google it or look at papermc.video
clean	is reddit.landrover down for anyone else
advertising	ip bedwars.bm
clean	youtube.ws is a bad website lol
advertising	a n a r c h y . b a r c l a y s
advertising	pvp server skymc.wed
advertising	everyone join bedwars.cal
advertising	p l a y m c . a u c t i o n
advertising	check out dragonmc.anquan
advertising	server ip is funserver.boston
clean	namemc.pub is a bad website lol
advertising	3m3rald.lol
advertising	join bedwars.sl
advertising	ip coolpvp.stada
clean	github.kg is not a minecraft site
advertising	come play emerald.intuit
advertising	drag0nmc.money
advertising	server ip is survivalcraft.surf
advertising	everyone join goldrush.nba
advertising	come to mcserver.erni
advertising	join craftmoon.dnp
advertising	we moved to nethermc.realtor
clean	the mod is hosted on modrinth.jewelry
advertising	my server is megasmp.qpon
clean	google it or look at wikipedia.za
advertising	everyone join bedwars.barclaycard
advertising	free ranks at mcserver.fr
advertising	come play opcraft.llp
advertising	my server is nethermc.final
clean	spigotmc.komatsu loads slowly for me
clean	i found the answer on fandom.tech
clean	i saw a thread on papermc.chrome
clean	the mod is hosted on modrinth.fans
clean	reddit.nab is a bad website lol
clean	that imgur.tickets tutorial helped
clean	their blog namemc.vi is interesting
advertising	try pvpzone.clinic
advertising	hop on nethermc.food
advertising	looking for players at funserver.sexy
advertising	looking for players at foxcraft.army
clean	their blog medium.forex is interesting
advertising	join lunarmc.scb
advertising	n3th3rmc.catering
advertising	we moved to nethermc.nokia
advertising	jungl3mc.shouji
advertising	1c3craft.pg
clean	the mod is hosted on youtube.py
advertising	best server is icecraft.quebec
clean	fandom.team is not a minecraft site
advertising	my server is opcraft.praxi
advertising	visit junglemc.nissan
clean	the mod is hosted on curseforge.krd
clean	i found the answer on youtube.py
advertising	new server foxcraft.krd
advertising	join playmc.insurance
clean	that image is from github.tires
advertising	free ranks at megasmp.select
advertising	check out icecraft.one
advertising	c00lpvp.scb
advertising	everyone join emerald.gallery
advertising	pvp server nethermc.clubmed
advertising	try anarchy.google
advertising	join craftmoon.next
advertising	pvp server bedwars.yoga
advertising	best server is goldrush.grocery
advertising	m1n3scap3.es
advertising	f0xcraft.top
advertising	server ip is bedwars.re
advertising	new server craftkingdom.info
advertising	a n a r c h y . m t r
advertising	free ranks at foxcraft.claims
advertising	looking for players at anarchy.viajes
advertising	try coolpvp.melbourne
advertising	pvp server emerald.insure
clean	someone linked vimeo.gi in a video
advertising	we moved to minescape.mc
advertising	hop on foxcraft.aw
advertising	check out emerald.rich
advertising	check out bestpvp.men
advertising	server ip is icecraft.limited
advertising	best server is pvpzone.fund
advertising	we moved to anarchy.joburg
clean	vimeo.co is not a minecraft site
advertising	join opcraft.calvinklein
advertising	come play funserver.tax
advertising	hop on emerald.jeep
advertising	craftm00n.analytics
advertising	come play funserver.su
clean	the changelog is at steam.bf
advertising	try survivalcraft.soy
clean	modrinth.dj is a bad website lol
clean	the changelog is at papermc.vin
advertising	0pcraft.audible
clean	namemc.kfh is a bad website lol
advertising	pvp server skymc.aarp
advertising	try anarchy.il
advertising	free ranks at megasmp.caravan
advertising	best server is icecraft.pg
advertising	hop on megasmp.games
advertising	l u n a r m c . v o y a g e
advertising	come to craftkingdom.app
advertising	server ip is skymc.ch
advertising	new server emerald.goog
clean	curseforge.wtf loads slowly for me
advertising	come play coolpvp.college
advertising	l u n a r m c . t r a v e l
advertising	try craftmoon.re
advertising	new server junglemc.tatamotors
advertising	my server is funserver.teva
advertising	mcs3rv3r.courses
advertising	m3gasmp.jewelry
advertising	best server is playmc.press
advertising	join anarchy.fox
advertising	come to opcraft.kosher
advertising	play on playmc.virgin
advertising	ip goldrush.creditunion
advertising	we moved to emerald.eat
advertising	new server bedwars.fresenius
advertising	come play junglemc.pa
advertising	check out craftmoon.gh
advertising	we moved to coolpvp.ai
advertising	craftk1ngd0m.cc
advertising	everyone join icecraft.holdings
advertising	come play emerald.futbol
advertising	m1n3scap3.cfd
advertising	m3gasmp.hangout
clean	the wiki at medium.dad is old
advertising	drag0nmc.city
advertising	pvp server opcraft.ee
advertising	0pcraft.navy
advertising	try opcraft.genting
advertising	we moved to craftmoon.agakhan
advertising	looking for players at craftkingdom.lamborghini
advertising	server ip is craftmoon.lighting
advertising	m1n3scap3.observer
advertising	play on survivalcraft.talk
advertising	try mcserver.hotels
advertising	jungl3mc.med
clean	that imgur.sharp tutorial helped
advertising	ip minescape.zm
advertising	try goldrush.amfam
advertising	c00lpvp.immo
advertising	everyone join lunarmc.fj
advertising	free ranks at skymc.omega
clean	is fandom.graphics down for anyone else
clean	that twitch.pl tutorial helped
advertising	check out foxcraft.gn
advertising	0pcraft.lv
advertising	new server craftmoon.to
advertising	looking for players at survivalcraft.beats
advertising	come to lunarmc.seven
advertising	ip coolpvp.amex
advertising	check out emerald.trading
advertising	everyone join playmc.press
clean	that image is from vimeo.okinawa
advertising	free ranks at craftkingdom.boo
advertising	everyone join bedwars.immobilien
advertising	pvp server bestpvp.qa
advertising	come play craftmoon.lidl
advertising	my server is dragonmc.pub
advertising	everyone join minescape.storage
advertising	m3gasmp.coupon
advertising	s k y m c . d e l o i t t e
advertising	best server is bedwars.properties
advertising	come to pvpzone.amica
clean	i saw a thread on medium.bw
advertising	new server craftkingdom.tz
advertising	come to survivalcraft.fashion
advertising	b3stpvp.help
advertising	g0ldrush.global
clean	their blog youtube.gop is interesting
advertising	surv1valcraft.tools
clean	imgur.prod is not a minecraft site
advertising	come play coolpvp.icbc
advertising	pvp server playmc.prod
advertising	visit minescape.gy
advertising	looking for players at playmc.bing
advertising	visit nethermc.wanggou
advertising	my server is craftmoon.gdn
advertising	g0ldrush.winners
clean	the changelog is at planetminecraft.ren
advertising	pvp server bestpvp.cg
clean	is namemc.jeep down for anyone else
clean	is stackoverflow.aco down for anyone else
advertising	free ranks at dragonmc.rs
advertising	try coolpvp.vip
advertising	pvpz0n3.wales
advertising	everyone join opcraft.services
advertising	free ranks at foxcraft.dj
advertising	come play pvpzone.amica
clean	i saw a thread on papermc.report
advertising	play on junglemc.bridgestone
advertising	pvp server coolpvp.tattoo
advertising	try minescape.tiaa
advertising	server ip is craftkingdom.skype
clean	i found the answer on stackoverflow.supply
clean	curseforge.aw is a bad website lol
advertising	everyone join dragonmc.alsace
clean	is namemc.sap down for anyone else
clean	is spigotmc.goldpoint down for anyone else
advertising	looking for players at lunarmc.viva
clean	i read it on spigotmc.ventures
clean	the issue is tracked at stackoverflow.futbol
advertising	hop on junglemc.vlaanderen
advertising	craftm00n.nab
advertising	a n a r c h y . p r u d e n t i a l
advertising	come play anarchy.az
advertising	my server is megasmp.bar
advertising	check out mcserver.coffee
advertising	looking for players at anarchy.luxe
advertising	try opcraft.swiss
advertising	a n a r c h y . o o o
advertising	we moved to funserver.flir
advertising	ip anarchy.tatar
clean	their blog planetminecraft.lk is interesting
clean	the changelog is at medium.tours
advertising	my server is bedwars.fresenius
advertising	visit anarchy.pfizer
clean	that image is from namemc.associates
advertising	everyone join pvpzone.fund
advertising	try junglemc.apartments
advertising	come play icecraft.pm
advertising	play on junglemc.mx
advertising	everyone join mcserver.cab
advertising	try opcraft.ee
clean	their blog modrinth.my is interesting
clean	i saw a thread on youtube.reise
advertising	m1n3scap3.amsterdam
advertising	we moved to bestpvp.frontier
advertising	everyone join bestpvp.film
advertising	join dragonmc.school
clean	the docs at twitch.lu explain it
advertising	server ip is dragonmc.cpa
advertising	free ranks at nethermc.download
advertising	everyone join emerald.vig
advertising	pvp server coolpvp.stada
advertising	best server is skymc.phone
advertising	we moved to bestpvp.final
advertising	craftk1ngd0m.report
clean	google it or look at wikipedia.beauty
advertising	join minescape.amsterdam
clean	the docs at pastebin.ug explain it
clean	i read it on planetminecraft.gent
advertising	m1n3scap3.diet
advertising	visit bestpvp.yun
clean	i saw a thread on planetminecraft.athleta
advertising	come to funserver.pics
advertising	new server mcserver.nyc
advertising	best server is anarchy.bbva
clean	is steam.hdfc down for anyone else
advertising	new server bedwars.net
advertising	c00lpvp.ink
advertising	3m3rald.secure
clean	i saw a thread on papermc.lawyer
advertising	check out bestpvp.dell
advertising	hop on goldrush.qpon
advertising	free ranks at icecraft.meet
advertising	everyone join foxcraft.cl
clean	reddit.as is a bad website lol
advertising	ip emerald.mini
advertising	best server is lunarmc.aquarelle
advertising	try foxcraft.trade
advertising	free ranks at minescape.py
advertising	come play bestpvp.mortgage
advertising	my server is icecraft.ht
advertising	ip pvpzone.ftr
advertising	p l a y m c . c a p e t o w n
clean	papermc.coupons is a bad website lol
advertising	new server funserver.weber
advertising	try foxcraft.vanguard
advertising	join goldrush.global
clean	stackoverflow.shop loads slowly for me
advertising	best server is bedwars.rsvp
advertising	hop on foxcraft.onl
advertising	ip bestpvp.auto
clean	stackoverflow.grainger is not a minecraft site
clean	i saw a thread on fandom.ott
clean	google it or look at planetminecraft.mm
clean	i found the answer on papermc.cd
advertising	pvp server survivalcraft.mitsubishi
advertising	pvp server nethermc.toray
advertising	free ranks at nethermc.bnpparibas
advertising	free ranks at pvpzone.lifestyle
advertising	come play bedwars.charity
advertising	come to goldrush.site
advertising	come to icecraft.gs
advertising	ip emerald.swatch
advertising	join megasmp.ps
advertising	free ranks at nethermc.george
clean	google it or look at imgur.cern
advertising	hop on foxcraft.gm
clean	twitch.able is not a minecraft site
advertising	visit icecraft.azure
advertising	free ranks at craftmoon.ntt
advertising	0pcraft.broker
advertising	funs3rv3r.sg
advertising	server ip is foxcraft.beer
advertising	come to minescape.auto
advertising	my server is bestpvp.statebank
clean	that image is from youtube.dish
advertising	visit emerald.win
advertising	check out goldrush.sucks
advertising	come to bedwars.walter
advertising	play on craftmoon.next
clean	the docs at spigotmc.sew explain it
advertising	we moved to bestpvp.tj
advertising	new server lunarmc.travel
clean	the changelog is at twitch.star
clean	i read it on spigotmc.omega
advertising	play on craftmoon.lighting
clean	is namemc.na down for anyone else
advertising	c00lpvp.loan
clean	spigotmc.lifestyle is a bad website lol
advertising	b3stpvp.ford
advertising	server ip is craftmoon.prime
clean	the issue is tracked at papermc.durban
advertising	mcs3rv3r.smile
advertising	looking for players at mcserver.guide
clean	the issue is tracked at medium.gdn
advertising	everyone join anarchy.vc
advertising	check out survivalcraft.aws
advertising	check out emerald.dds
advertising	come play junglemc.agency
advertising	b3dwars.new
advertising	play on goldrush.creditunion
clean	that image is from namemc.ye
advertising	best server is nethermc.taxi
advertising	play on foxcraft.msd
clean	imgur.pioneer loads slowly for me
advertising	ip minescape.mc
advertising	0pcraft.zero
advertising	come to skymc.cleaning
advertising	check out craftmoon.weir
clean	the docs at planetminecraft.rocks explain it
advertising	looking for players at dragonmc.cpa
advertising	check out emerald.bm
advertising	new server playmc.ye
advertising	hop on lunarmc.mckinsey
advertising	c00lpvp.law
advertising	we moved to craftkingdom.ac
advertising	everyone join goldrush.anz
advertising	b3stpvp.yun
clean	the issue is tracked at medium.box
advertising	check out lunarmc.xin
advertising	come to nethermc.ally
advertising	looking for players at anarchy.su
advertising	looking for players at dragonmc.kh
advertising	free ranks at bestpvp.md
advertising	we moved to foxcraft.ad
advertising	come to funserver.abc
advertising	visit bedwars.walmart
advertising	best server is goldrush.st
clean	stackoverflow.basketball is not a minecraft site
advertising	new server foxcraft.comsec
advertising	try megasmp.mom
clean	is reddit.legal down for anyone else
advertising	free ranks at megasmp.travelersinsurance
advertising	check out bestpvp.final
advertising	hop on emerald.vig
advertising	p l a y m c . k p
advertising	visit bestpvp.contractors
advertising	f0xcraft.gm
advertising	free ranks at skymc.dk
clean	check planetminecraft.open later
clean	namemc.mom loads slowly for me
advertising	visit craftkingdom.bz
advertising	free ranks at coolpvp.sarl
advertising	everyone join bestpvp.crown
advertising	new server craftmoon.chat
clean	pastebin.statefarm is not a minecraft site
advertising	pvp server anarchy.london
advertising	visit bedwars.now
advertising	pvp server junglemc.fitness
clean	the issue is tracked at stackoverflow.dhl
advertising	b3stpvp.vision
advertising	1c3craft.llc
clean	the issue is tracked at papermc.toyota
clean	google it or look at github.tm
advertising	server ip is goldrush.rest
advertising	s k y m c . d o c t o r
advertising	come play bedwars.post
advertising	a n a r c h y . m u s i c
clean	i found the answer on twitch.sener
advertising	pvp server dragonmc.online
advertising	we moved to coolpvp.richardli
advertising	new server foxcraft.gmx
advertising	n3th3rmc.gratis
advertising	ip funserver.nico
advertising	check out junglemc.aramco
advertising	b3dwars.accountants
advertising	pvp server skymc.room
clean	someone linked twitch.able in a video
advertising	come to foxcraft.music
advertising	n3th3rmc.george
clean	the wiki at pastebin.ac is old
advertising	come play lunarmc.mint
advertising	check out dragonmc.kh
clean	check github.softbank later
advertising	free ranks at craftmoon.aw
advertising	jungl3mc.wf
clean	i saw a thread on medium.thd
advertising	come play bedwars.uno
advertising	free ranks at minescape.clinic
clean	the issue is tracked at github.merckmsd
advertising	new server pvpzone.fi
clean	the issue is tracked at curseforge.gb
advertising	free ranks at junglemc.xbox
clean	someone linked pastebin.toshiba in a video
advertising	best server is skymc.room
advertising	come play lunarmc.camera
advertising	we moved to icecraft.hamburg
advertising	best server is minescape.mm
advertising	c00lpvp.am
advertising	new server lunarmc.shoes
advertising	my server is icecraft.zappos
advertising	we moved to junglemc.ws
clean	their blog namemc.flickr is interesting
advertising	free ranks at mcserver.virgin
advertising	hop on coolpvp.museum
clean	their blog pastebin.flir is interesting
advertising	come to foxcraft.sandvikcoromant
advertising	l u n a r m c . s t o r a g e
advertising	l u n a r m c . s c h u l e
clean	medium.ngo loads slowly for me
clean	the mod is hosted on fandom.aq
advertising	join icecraft.weir
advertising	craftk1ngd0m.no
advertising	server ip is megasmp.toyota
advertising	come to minescape.chase
advertising	come play pvpzone.global
clean	someone linked modrinth.sucks in a video
advertising	looking for players at opcraft.ovh
clean	the wiki at papermc.bms is old
advertising	pvp server bestpvp.la
advertising	check out opcraft.genting
advertising	mcs3rv3r.ryukyu
advertising	visit funserver.nrw
advertising	my server is mcserver.marketing
advertising	everyone join bedwars.eg
advertising	hop on minescape.observer
advertising	new server pvpzone.weather
advertising	1c3craft.fishing
advertising	come play nethermc.pwc
advertising	ip minescape.news
advertising	hop on minescape.kia
advertising	come to nethermc.asia
clean	their blog papermc.bms is interesting
advertising	free ranks at craftkingdom.rogers
advertising	everyone join goldrush.zone
advertising	surv1valcraft.builders
advertising	my server is minescape.day
clean	the changelog is at medium.sz
clean	the issue is tracked at twitch.tel
advertising	play on goldrush.lifeinsurance
advertising	pvp server emerald.realestate
clean	someone linked papermc.lighting in a video
advertising	drag0nmc.mn
advertising	join anarchy.dance
advertising	looking for players at icecraft.softbank
advertising	free ranks at survivalcraft.verisign
advertising	free ranks at bedwars.coop
advertising	hop on foxcraft.ice
advertising	check out icecraft.fast
advertising	server ip is skymc.epson
advertising	hop on foxcraft.dental
advertising	server ip is goldrush.alipay
advertising	b3stpvp.sh
advertising	c00lpvp.christmas
advertising	try bedwars.rwe
clean	someone linked fandom.graphics in a video
advertising	best server is dragonmc.city
advertising	check out icecraft.voto
clean	vimeo.helsinki is not a minecraft site
advertising	join dragonmc.capitalone
advertising	check out foxcraft.hbo
advertising	check out minescape.nrw
advertising	best server is icecraft.moto
advertising	drag0nmc.dev
advertising	server ip is megasmp.safety
advertising	play on coolpvp.map
clean	is youtube.hyundai down for anyone else
advertising	best server is dragonmc.mn
advertising	everyone join megasmp.promo
advertising	join junglemc.merck
advertising	free ranks at icecraft.moda
advertising	come to nethermc.realty
advertising	jungl3mc.reit
advertising	0pcraft.ifm
advertising	mcs3rv3r.tn
advertising	1c3craft.vc
clean	the docs at imgur.mo explain it
advertising	we moved to bestpvp.cg
advertising	new server foxcraft.beer
clean	the wiki at namemc.ye is old
advertising	try megasmp.tdk
advertising	pvp server pvpzone.samsclub
advertising	g0ldrush.cf
advertising	3m3rald.trading
advertising	server ip is minescape.diet
advertising	try coolpvp.sz
advertising	funs3rv3r.sexy
advertising	come to mcserver.sohu
advertising	hop on icecraft.bofa
advertising	l u n a r m c . m i n t
clean	is twitch.hu down for anyone else
advertising	everyone join pvpzone.hsbc
clean	someone linked namemc.mt in a video
advertising	ip megasmp.imdb
advertising	visit mcserver.lexus
advertising	3m3rald.gu
advertising	s k y m c . a b u d h a b i
advertising	try pvpzone.ups
advertising	come play pvpzone.gift
advertising	new server playmc.poker
advertising	my server is goldrush.sarl
advertising	visit anarchy.sa
clean	their blog imgur.virgin is interesting
advertising	we moved to icecraft.llc
advertising	everyone join coolpvp.haus
clean	google it or look at planetminecraft.pars
clean	steam.black loads slowly for me
advertising	server ip is skymc.gallery
clean	the wiki at namemc.live is old
advertising	craftk1ngd0m.fm
clean	google it or look at vimeo.coffee
advertising	play on goldrush.quest
advertising	come play funserver.realestate
advertising	come to craftkingdom.actor
advertising	join coolpvp.iq
clean	is vimeo.gq down for anyone else
clean	that image is from planetminecraft.pictet
advertising	ip lunarmc.rugby
advertising	best server is megasmp.nec
advertising	check out playmc.hdfc
advertising	everyone join lunarmc.br
advertising	visit icecraft.name
clean	pastebin.aws loads slowly for me
advertising	b3dwars.frogans
advertising	try mcserver.latino
clean	google it or look at steam.tv
advertising	mcs3rv3r.lexus
advertising	come play skymc.enterprises
advertising	ip coolpvp.yodobashi
advertising	looking for players at pvpzone.aq
advertising	looking for players at funserver.training
advertising	come to goldrush.jot
advertising	come play emerald.land
advertising	we moved to icecraft.scholarships
advertising	join dragonmc.anquan
advertising	visit craftmoon.canon
advertising	new server lunarmc.tube
clean	the issue is tracked at spigotmc.omega
advertising	play on craftmoon.airtel
advertising	ip mcserver.africa
advertising	check out opcraft.engineering
advertising	we moved to bestpvp.nyc
advertising	free ranks at icecraft.datsun
advertising	free ranks at anarchy.airforce
advertising	come to goldrush.shoes
advertising	visit emerald.ott
advertising	come to funserver.realestate
advertising	play on craftkingdom.rogers
advertising	my server is craftkingdom.be
advertising	come to junglemc.love
advertising	best server is opcraft.engineering
advertising	server ip is lunarmc.obi
advertising	free ranks at lunarmc.scot
advertising	mcs3rv3r.aeg
clean	that image is from steam.berlin
advertising	check out lunarmc.viva
advertising	hop on icecraft.brother
clean	i saw a thread on youtube.contact
advertising	funs3rv3r.investments
clean	youtube.blue is not a minecraft site
advertising	new server craftkingdom.holdings
advertising	1c3craft.gallup
advertising	best server is minescape.restaurant
clean	i found the answer on youtube.rwe
advertising	visit skymc.samsung
advertising	join pvpzone.sv
clean	someone linked stackoverflow.wanggou in a video
advertising	server ip is megasmp.sbs
advertising	looking for players at craftkingdom.tz
clean	i saw a thread on curseforge.ir
clean	the changelog is at vimeo.trade
advertising	ip opcraft.om
advertising	b3stpvp.fyi
advertising	ip icecraft.ht
advertising	ip megasmp.wine
advertising	c00lpvp.pfizer
advertising	hop on opcraft.gmbh
advertising	hop on survivalcraft.fund
advertising	everyone join megasmp.bet
advertising	join skymc.is
advertising	pvp server icecraft.fun
clean	twitch.cpa is not a minecraft site
advertising	a n a r c h y . k g
clean	i saw a thread on fandom.food
clean	steam.fairwinds loads slowly for me
advertising	come to bedwars.mv
advertising	funs3rv3r.boutique
clean	i read it on github.got
clean	pastebin.bofa is not a minecraft site
advertising	pvp server craftmoon.construction
advertising	my server is dragonmc.marriott
advertising	g0ldrush.mov
advertising	check out goldrush.youtube
advertising	visit pvpzone.digital
advertising	visit funserver.tennis
advertising	try bedwars.church
clean	google it or look at steam.pe
advertising	try lunarmc.airforce
clean	the changelog is at steam.audi
advertising	join bestpvp.coupons
advertising	play on icecraft.sex
clean	reddit.so is not a minecraft site
advertising	visit icecraft.webcam
clean	the issue is tracked at medium.seat
advertising	my server is craftkingdom.xyz
clean	that image is from wikipedia.beauty
advertising	c00lpvp.locus
advertising	my server is bedwars.ads
advertising	best server is lunarmc.mint
advertising	come to anarchy.how
advertising	come play funserver.sexy
advertising	visit lunarmc.capital
advertising	looking for players at coolpvp.iq
clean	i found the answer on curseforge.no
clean	the wiki at twitch.vivo is old
advertising	0pcraft.zm
clean	the wiki at imgur.tmall is old
advertising	p l a y m c . i n c
clean	i found the answer on fandom.hotmail
advertising	pvp server emerald.nowtv
advertising	visit coolpvp.studio
advertising	server ip is coolpvp.forex
advertising	1c3craft.watch
advertising	join foxcraft.gmx
clean	youtube.cricket is a bad website lol
clean	that image is from steam.trust
advertising	pvp server playmc.mit
advertising	free ranks at lunarmc.tunes
advertising	best server is foxcraft.glass
advertising	mcs3rv3r.web
clean	that image is from stackoverflow.vg
clean	that image is from steam.yandex
advertising	join funserver.oracle
advertising	play on goldrush.gold
advertising	best server is goldrush.fj
advertising	come to foxcraft.ad
advertising	best server is pvpzone.associates
clean	the docs at curseforge.at explain it
clean	steam.contractors loads slowly for me
advertising	join craftmoon.cx
advertising	pvpz0n3.info
advertising	new server icecraft.fun
advertising	pvp server pvpzone.global
advertising	my server is bedwars.paris
advertising	free ranks at coolpvp.lanxess
advertising	best server is craftmoon.aeg
advertising	drag0nmc.phone
advertising	try opcraft.eus
advertising	play on bedwars.eg
advertising	server ip is bestpvp.nra
advertising	come play foxcraft.today
clean	i saw a thread on papermc.ch
clean	i saw a thread on steam.today
advertising	drag0nmc.pet
advertising	we moved to opcraft.cd
clean	someone linked stackoverflow.iq in a video
clean	google it or look at namemc.nico
advertising	come play bedwars.paris
advertising	ip emerald.jeep
clean	google it or look at fandom.engineering
advertising	best server is nethermc.lego
advertising	jungl3mc.monster
advertising	everyone join goldrush.hisamitsu
advertising	free ranks at anarchy.world
clean	youtube.homes loads slowly for me
clean	medium.lol loads slowly for me
advertising	looking for players at coolpvp.ovh
advertising	drag0nmc.netbank
advertising	everyone join mcserver.homesense
advertising	craftk1ngd0m.skype
advertising	check out bedwars.delivery
clean	the issue is tracked at fandom.food
advertising	join goldrush.site
clean	youtube.samsclub is a bad website lol
advertising	0pcraft.saxo
advertising	best server is nethermc.pm
advertising	free ranks at bedwars.news
advertising	new server dragonmc.limited
clean	check modrinth.mls later
advertising	hop on minescape.hyundai
advertising	f0xcraft.viking
advertising	everyone join icecraft.llp
advertising	come to playmc.virgin
clean	i found the answer on reddit.xin
advertising	play on minescape.dev
advertising	check out playmc.arab
clean	is papermc.sanofi down for anyone else
advertising	free ranks at bestpvp.zw
advertising	free ranks at goldrush.alipay
advertising	play on emerald.eu
clean	check vimeo.author later
advertising	ip pvpzone.cat
advertising	b3stpvp.soccer
clean	papermc.cd is a bad website lol
advertising	b3dwars.nextdirect
advertising	ip bestpvp.la
advertising	new server skymc.select
advertising	try funserver.mo
advertising	my server is megasmp.study
advertising	looking for players at coolpvp.toys
advertising	new server goldrush.fish
advertising	a n a r c h y . n e x u s
advertising	everyone join minescape.kerryhotels
clean	the issue is tracked at medium.stream
clean	is reddit.city down for anyone else
advertising	hop on mcserver.marketing
clean	the wiki at medium.lgbt is old
advertising	best server is nethermc.soccer
advertising	ip minescape.hyundai
advertising	best server is lunarmc.latrobe
clean	someone linked github.chanel in a video
advertising	m1n3scap3.zm
advertising	server ip is anarchy.hotels
advertising	3m3rald.volvo
advertising	play on dragonmc.money
advertising	hop on craftmoon.tf
advertising	pvp server bedwars.nike
advertising	join anarchy.cyou
clean	their blog spigotmc.voyage is interesting
advertising	s k y m c . h i p h o p
advertising	0pcraft.reisen
advertising	l u n a r m c . a c a d e m y
advertising	check out mcserver.cologne
advertising	free ranks at opcraft.ovh
advertising	everyone join pvpzone.reliance
advertising	pvp server pvpzone.miami
advertising	visit foxcraft.trade
advertising	we moved to coolpvp.mtr
clean	the wiki at modrinth.ps is old
advertising	play on survivalcraft.ao
clean	the mod is hosted on modrinth.visa
advertising	join bestpvp.rentals
clean	is papermc.guitars down for anyone else
advertising	craftm00n.porn
advertising	l u n a r m c . x i n
advertising	best server is survivalcraft.one
advertising	join foxcraft.bj
advertising	funs3rv3r.open
advertising	try craftkingdom.chase
advertising	we moved to pvpzone.jmp
advertising	best server is skymc.ventures
advertising	check out pvpzone.gov
advertising	surv1valcraft.je
advertising	best server is minescape.gy
advertising	jungl3mc.moda
advertising	come to lunarmc.pin
advertising	come to bestpvp.nissay
advertising	best server is funserver.kpn
advertising	hop on megasmp.insurance
clean	that spigotmc.lifestyle tutorial helped
advertising	check out anarchy.flowers
advertising	craftk1ngd0m.maison
advertising	join funserver.city
advertising	visit emerald.cba
advertising	craftm00n.community
advertising	try funserver.movie
advertising	craftm00n.recipes
advertising	hop on funserver.direct
advertising	come play dragonmc.suzuki
advertising	join bedwars.ieee
advertising	a n a r c h y . m p
advertising	server ip is pvpzone.allstate
clean	check spigotmc.americanexpress later
advertising	free ranks at dragonmc.company
advertising	come play playmc.hn
advertising	looking for players at playmc.win
clean	their blog spigotmc.software is interesting
advertising	play on junglemc.grainger
clean	check imgur.tmall later
clean	that steam.llc tutorial helped
advertising	new server skymc.lawyer
advertising	b3dwars.mlb
advertising	free ranks at dragonmc.stc
advertising	come play foxcraft.lincoln
advertising	server ip is pvpzone.market
advertising	free ranks at emerald.dupont
advertising	server ip is icecraft.versicherung
clean	vimeo.dm is not a minecraft site
advertising	a n a r c h y . s k
advertising	try bedwars.accountants
advertising	come play anarchy.banamex
advertising	try craftmoon.sb
clean	their blog steam.living is interesting
advertising	my server is pvpzone.health
clean	modrinth.nba is not a minecraft site
advertising	play on foxcraft.lk
advertising	pvpz0n3.gift
clean	someone linked wikipedia.sd in a video
advertising	mcs3rv3r.parts
clean	i saw a thread on curseforge.st
advertising	drag0nmc.alsace
advertising	free ranks at icecraft.jobs
advertising	we moved to mcserver.sncf
clean	is modrinth.bm down for anyone else
advertising	drag0nmc.lilly
advertising	pvp server pvpzone.me
advertising	free ranks at playmc.abbvie
advertising	come play craftkingdom.staples
advertising	visit skymc.juegos
advertising	visit pvpzone.ie
clean	planetminecraft.ftr loads slowly for me
advertising	server ip is bestpvp.genting
advertising	my server is lunarmc.cruises
advertising	1c3craft.cal
advertising	looking for players at nethermc.final
advertising	join coolpvp.pharmacy
advertising	pvp server minescape.dad
advertising	try megasmp.saarland
advertising	server ip is coolpvp.np
advertising	pvp server foxcraft.team
advertising	my server is pvpzone.ftr
advertising	0pcraft.icbc
advertising	my server is junglemc.dog
clean	the mod is hosted on papermc.lighting
advertising	check out nethermc.ntt
advertising	c00lpvp.phd
clean	the changelog is at youtube.tienda
advertising	looking for players at icecraft.cl
clean	the issue is tracked at spigotmc.cuisinella
advertising	visit junglemc.total
advertising	pvp server pvpzone.mls
clean	i saw a thread on reddit.bot
clean	the wiki at reddit.eg is old
advertising	try anarchy.neustar
clean	twitch.olayangroup is not a minecraft site
advertising	looking for players at bedwars.accountants
advertising	ip craftkingdom.llc
advertising	pvpz0n3.fashion
advertising	visit bedwars.mlb
advertising	we moved to minescape.baseball
clean	someone linked twitch.voto in a video
clean	the wiki at pastebin.tube is old
advertising	hop on nethermc.cv
advertising	join lunarmc.br
advertising	come play goldrush.cuisinella
advertising	s k y m c . s i
clean	is steam.barclaycard down for anyone else
advertising	free ranks at craftkingdom.bb
clean	the mod is hosted on medium.forex
advertising	join funserver.mo
advertising	join nethermc.pwc
clean	the wiki at medium.citadel is old
clean	their blog modrinth.call is interesting
clean	modrinth.mls is not a minecraft site
advertising	come to anarchy.extraspace
advertising	free ranks at icecraft.ne
clean	their blog curseforge.wtf is interesting
advertising	new server bedwars.mlb
advertising	new server bestpvp.study
advertising	b3stpvp.bv
advertising	best server is playmc.sj
clean	check fandom.hotmail later
advertising	ip minescape.ga
advertising	visit bestpvp.protection
advertising	looking for players at icecraft.sandvik
clean	i saw a thread on fandom.team
clean	check vimeo.spa later
advertising	play on goldrush.neustar
clean	i found the answer on twitch.ninja
advertising	everyone join playmc.rip
advertising	pvp server coolpvp.bw
advertising	visit lunarmc.voyage
clean	the docs at planetminecraft.sv explain it
advertising	check out mcserver.sncf
clean	google it or look at namemc.canon
advertising	try emerald.villas
advertising	pvp server craftkingdom.faith
advertising	join craftmoon.got
advertising	drag0nmc.okinawa
advertising	looking for players at emerald.rodeo
advertising	try nethermc.boo
advertising	a n a r c h y . p l a y
advertising	ip craftmoon.cx
advertising	best server is pvpzone.store
advertising	looking for players at emerald.delivery
advertising	ip craftmoon.arab
advertising	visit opcraft.zappos
advertising	check out opcraft.saxo
advertising	pvp server anarchy.adult
advertising	free ranks at junglemc.tel
advertising	everyone join craftkingdom.leclerc
advertising	ip dragonmc.kr
advertising	pvp server pvpzone.creditcard
advertising	best server is bestpvp.cologne
advertising	come play icecraft.rehab
advertising	my server is nethermc.party
clean	the mod is hosted on pastebin.hitachi
advertising	try lunarmc.mma
advertising	g0ldrush.cymru
clean	fandom.ar loads slowly for me
advertising	new server icecraft.cafe
advertising	hop on playmc.hermes
clean	that fandom.engineering tutorial helped
clean	that image is from spigotmc.gw
advertising	looking for players at dragonmc.paris
advertising	s k y m c . s x
clean	the wiki at vimeo.protection is old
clean	the changelog is at steam.infiniti
clean	the mod is hosted on namemc.mlb
advertising	try lunarmc.gs
advertising	come play playmc.lifeinsurance
advertising	server ip is minescape.cfd
advertising	free ranks at goldrush.lighting
clean	the changelog is at planetminecraft.florist
advertising	mcs3rv3r.tl
advertising	try nethermc.mobile
advertising	free ranks at craftkingdom.mba
clean	is imgur.now down for anyone else
advertising	server ip is foxcraft.top
advertising	free ranks at junglemc.pa
advertising	ip emerald.desi
advertising	come to goldrush.cuisinella
advertising	f0xcraft.channel
clean	i saw a thread on steam.om
advertising	come play bestpvp.camera
advertising	my server is mcserver.bom
advertising	hop on bestpvp.vodka
advertising	m1n3scap3.realtor
advertising	free ranks at dragonmc.dk
advertising	pvp server icecraft.nhk
clean	google it or look at youtube.office
advertising	check out goldrush.exposed
clean	the issue is tracked at planetminecraft.delivery
advertising	visit goldrush.observer
clean	papermc.sy loads slowly for me
advertising	3m3rald.reise
advertising	we moved to funserver.lundbeck
clean	their blog modrinth.asia is interesting
advertising	free ranks at anarchy.video
advertising	hop on playmc.lplfinancial
advertising	best server is pvpzone.hsbc
advertising	my server is icecraft.visa
clean	check planetminecraft.pm later
advertising	server ip is craftmoon.agakhan
advertising	ip coolpvp.lanxess
advertising	f0xcraft.bj
advertising	come play craftmoon.whoswho
advertising	visit goldrush.center
advertising	p l a y m c . f r o n t i e r
advertising	everyone join icecraft.zw
advertising	craftk1ngd0m.review
advertising	come to emerald.oracle
advertising	visit survivalcraft.forum
advertising	p l a y m c . d e
advertising	best server is skymc.case
advertising	free ranks at anarchy.fidelity
advertising	ip pvpzone.sv
advertising	my server is skymc.fage
clean	i found the answer on papermc.ong
advertising	1c3craft.webcam
advertising	pvpz0n3.poker
advertising	ip coolpvp.bbt
clean	the issue is tracked at youtube.pg
advertising	ip megasmp.mg
clean	i saw a thread on wikipedia.credit
advertising	join coolpvp.marshalls
advertising	come play skymc.visa
advertising	we moved to craftkingdom.xyz
advertising	we moved to megasmp.hangout
advertising	try mcserver.bauhaus
clean	the wiki at imgur.sk is old
clean	someone linked modrinth.ps in a video
clean	the changelog is at modrinth.events
clean	is papermc.sandvikcoromant down for anyone else
advertising	looking for players at craftmoon.email
advertising	check out coolpvp.ping
advertising	best server is mcserver.courses
advertising	free ranks at dragonmc.sap
advertising	g0ldrush.auspost
clean	i read it on fandom.ae
clean	that namemc.live tutorial helped
clean	i saw a thread on planetminecraft.school
advertising	ip icecraft.jprs
clean	modrinth.creditunion loads slowly for me
clean	the issue is tracked at github.abudhabi
advertising	0pcraft.fan
advertising	free ranks at minescape.law
advertising	play on megasmp.joburg
advertising	join lunarmc.bt
advertising	b3stpvp.af
advertising	hop on survivalcraft.ch
advertising	funs3rv3r.ae
clean	that steam.ads tutorial helped
advertising	free ranks at foxcraft.gay
advertising	play on bedwars.fresenius
advertising	server ip is emerald.kz
advertising	join junglemc.goodyear
advertising	p l a y m c . g m
advertising	visit opcraft.kosher
clean	the docs at twitch.tel explain it
advertising	ip nethermc.rest
clean	the docs at planetminecraft.locker explain it
advertising	check out skymc.ng
advertising	play on emerald.sew
advertising	free ranks at coolpvp.mk
advertising	check out megasmp.mil
advertising	free ranks at dragonmc.mo
advertising	looking for players at goldrush.bw
clean	someone linked twitch.college in a video
clean	google it or look at planetminecraft.nokia
advertising	mcs3rv3r.ikano
advertising	we moved to mcserver.cab
advertising	b3stpvp.boehringer
advertising	1c3craft.gmx
clean	that github.tatar tutorial helped
clean	the docs at spigotmc.kddi explain it
advertising	visit bedwars.name
advertising	craftm00n.kerryproperties
advertising	c00lpvp.homes
advertising	we moved to nethermc.office
advertising	funs3rv3r.nico
advertising	my server is megasmp.watch
advertising	server ip is mcserver.chanel
advertising	everyone join megasmp.hm
advertising	looking for players at funserver.pizza
advertising	come play goldrush.td
advertising	free ranks at lunarmc.ipiranga
advertising	join lunarmc.fj
advertising	new server goldrush.seek
advertising	try foxcraft.brussels
advertising	pvp server foxcraft.lat
advertising	we moved to skymc.hiphop
advertising	come play pvpzone.fi
advertising	try bedwars.kw
advertising	server ip is megasmp.walmart
clean	the wiki at youtube.tvs is old
advertising	hop on anarchy.song
advertising	join anarchy.prudential
advertising	check out emerald.training
advertising	come to playmc.sucks
advertising	play on coolpvp.sg
advertising	new server nethermc.office
clean	i read it on planetminecraft.date
advertising	server ip is junglemc.it
advertising	visit lunarmc.buzz
advertising	come play opcraft.jll
advertising	come to junglemc.lr
clean	i found the answer on wikipedia.booking
advertising	my server is lunarmc.do
advertising	new server emerald.bf
advertising	free ranks at survivalcraft.weibo
advertising	we moved to coolpvp.pfizer
advertising	come to foxcraft.helsinki
clean	the docs at wikipedia.fido explain it
advertising	check out icecraft.visa
advertising	server ip is craftkingdom.tm
advertising	new server pvpzone.target
advertising	pvpz0n3.compare
advertising	m1n3scap3.onl
advertising	ip lunarmc.buzz
advertising	come to anarchy.viajes
advertising	visit icecraft.boats
advertising	m3gasmp.games
advertising	join dragonmc.vi
advertising	visit megasmp.moe
clean	the changelog is at namemc.deal
clean	the wiki at curseforge.merck is old
advertising	come play bedwars.chintai
advertising	ip opcraft.living
clean	google it or look at vimeo.fr
clean	the mod is hosted on planetminecraft.gent
advertising	looking for players at junglemc.tatar
advertising	come play lunarmc.pin
advertising	ip emerald.ye
advertising	come to bestpvp.bv
advertising	play on icecraft.versicherung
advertising	c00lpvp.lanxess
advertising	join anarchy.mov
advertising	best server is emerald.insure
advertising	hop on emerald.gf
advertising	check out survivalcraft.aol
clean	check imgur.tickets later
advertising	everyone join goldrush.winners
advertising	craftk1ngd0m.lgbt
advertising	looking for players at icecraft.azure
advertising	come to minescape.citic
advertising	visit bedwars.arpa
advertising	join emerald.earth
clean	papermc.datsun is not a minecraft site
advertising	ip skymc.case
clean	the issue is tracked at imgur.tmall
advertising	best server is icecraft.hamburg
advertising	join craftmoon.arab
advertising	visit craftkingdom.safe
advertising	join bedwars.stockholm
advertising	free ranks at pvpzone.va
advertising	looking for players at megasmp.feedback
advertising	we moved to skymc.marshalls
advertising	mcs3rv3r.singles
advertising	play on survivalcraft.bike
advertising	try icecraft.bd
advertising	ip minescape.goodyear
advertising	best server is bestpvp.yachts
advertising	my server is opcraft.kn
advertising	free ranks at mcserver.sky
clean	that pastebin.brussels tutorial helped
advertising	server ip is bedwars.villas
advertising	0pcraft.bargains
advertising	join dragonmc.sc
clean	the wiki at wikipedia.consulting is old
advertising	best server is skymc.bv
clean	the wiki at pastebin.gmx is old
advertising	s k y m c . g g e e
clean	i read it on twitch.you
clean	the issue is tracked at stackoverflow.aco
advertising	new server playmc.io
advertising	everyone join nethermc.ren
clean	youtube.blue loads slowly for me
clean	youtube.rexroth is not a minecraft site
clean	the docs at spigotmc.android explain it
advertising	hop on junglemc.hbo
advertising	free ranks at coolpvp.ovh
advertising	ip goldrush.lighting
advertising	looking for players at craftmoon.vu
clean	reddit.compare is not a minecraft site
advertising	ip craftmoon.discover
advertising	best server is nethermc.supply
advertising	0pcraft.med
advertising	we moved to mcserver.ru
advertising	looking for players at skymc.cleaning
advertising	craftm00n.weibo
advertising	try bedwars.mattel
clean	i found the answer on pastebin.amazon
advertising	visit mcserver.shopping
advertising	my server is bedwars.degree
advertising	we moved to opcraft.reisen
advertising	best server is coolpvp.schwarz
advertising	3m3rald.accountant
clean	i saw a thread on wikipedia.fo
advertising	best server is foxcraft.gripe
advertising	best server is mcserver.data
advertising	new server skymc.loans
advertising	new server funserver.biz
advertising	check out craftmoon.whoswho
advertising	my server is bedwars.xin
advertising	drag0nmc.kr
advertising	l u n a r m c . f e r r e r o
advertising	m1n3scap3.citic
advertising	hop on bedwars.uno
advertising	1c3craft.accenture
clean	google it or look at curseforge.cl
advertising	c00lpvp.degree
advertising	play on emerald.audio
advertising	new server goldrush.akdn
advertising	best server is dragonmc.aaa
clean	google it or look at reddit.ci
advertising	ip junglemc.sk
advertising	drag0nmc.corsica
clean	that youtube.viva tutorial helped
advertising	m3gasmp.ly
advertising	n3th3rmc.organic
advertising	ip craftkingdom.plumbing
advertising	come to icecraft.equipment
advertising	server ip is funserver.realestate
advertising	play on opcraft.nowtv
clean	google it or look at spigotmc.med
advertising	free ranks at craftkingdom.be
advertising	1c3craft.limited
clean	is spigotmc.fast down for anyone else
clean	i found the answer on namemc.wtc
advertising	visit pvpzone.citadel
advertising	check out coolpvp.guru
advertising	we moved to opcraft.koeln
clean	the docs at steam.yamaxun explain it
advertising	server ip is bedwars.ads
advertising	play on lunarmc.storage
advertising	new server megasmp.zuerich
advertising	server ip is craftkingdom.richardli
advertising	1c3craft.coupon
advertising	my server is coolpvp.gp
clean	their blog modrinth.training is interesting
advertising	my server is anarchy.tushu
clean	that twitch.republican tutorial helped
advertising	looking for players at dragonmc.cg
advertising	hop on icecraft.express
advertising	try opcraft.nowtv
clean	that image is from steam.tips
advertising	ip megasmp.promo
advertising	visit dragonmc.limited
advertising	ip goldrush.lease
advertising	join anarchy.pru
advertising	come play emerald.education
advertising	b3stpvp.genting
advertising	free ranks at funserver.open
advertising	play on junglemc.lease
advertising	play on junglemc.nra
advertising	play on foxcraft.top
advertising	play on opcraft.allfinanz
advertising	join junglemc.money
advertising	join skymc.phone
clean	steam.prof is a bad website lol
advertising	p l a y m c . r e a l t y
advertising	everyone join funserver.asia
advertising	visit funserver.chrome
clean	the issue is tracked at twitch.song
advertising	my server is minescape.dance
advertising	ip dragonmc.pub
advertising	my server is icecraft.nf
advertising	1c3craft.amica
advertising	check out emerald.reisen
clean	modrinth.auto is not a minecraft site
advertising	server ip is playmc.giving
advertising	everyone join nethermc.woodside
advertising	new server skymc.case
clean	google it or look at modrinth.pn
advertising	hop on goldrush.dz
clean	check github.shopping later
clean	imgur.talk loads slowly for me
advertising	visit icecraft.weir
advertising	craftk1ngd0m.hair
advertising	come play mcserver.tl
advertising	come play bestpvp.zw
advertising	hop on playmc.golf
advertising	new server anarchy.adult
advertising	best server is foxcraft.club
advertising	come to mcserver.lacaixa
advertising	try funserver.kpn
advertising	new server foxcraft.mma
advertising	we moved to craftmoon.edu
advertising	best server is foxcraft.golf
advertising	b3dwars.toshiba
advertising	my server is craftkingdom.motorcycles
advertising	try minescape.chase
advertising	server ip is icecraft.guge
advertising	check out mcserver.sky
advertising	hop on pvpzone.cf
advertising	join craftmoon.place
advertising	play on emerald.vodka
advertising	we moved to craftmoon.dnp
advertising	join bedwars.careers
advertising	come to pvpzone.compare
advertising	we moved to opcraft.camp
advertising	come play mcserver.bom
advertising	m1n3scap3.boats
advertising	hop on icecraft.ht
advertising	m3gasmp.cab
clean	google it or look at wikipedia.love
clean	papermc.dating loads slowly for me
advertising	play on icecraft.goldpoint
advertising	ip minescape.dhl
advertising	ip anarchy.nikon
advertising	craftm00n.barefoot
advertising	new server foxcraft.review
advertising	play on icecraft.cafe
clean	the issue is tracked at vimeo.uy
advertising	new server anarchy.su
clean	the changelog is at spigotmc.racing
advertising	server ip is bestpvp.rent
clean	the docs at curseforge.krd explain it
clean	is namemc.builders down for anyone else
advertising	p l a y m c . i n g
advertising	my server is funserver.norton
advertising	best server is funserver.sg
advertising	we moved to bedwars.moe
advertising	free ranks at craftmoon.web
advertising	best server is bestpvp.frontier
clean	the wiki at steam.prof is old
advertising	come to funserver.aco
advertising	ip icecraft.hu
advertising	come play pvpzone.amfam
advertising	check out foxcraft.hk
clean	someone linked modrinth.training in a video
advertising	free ranks at coolpvp.kpmg
advertising	everyone join craftkingdom.wales
advertising	visit lunarmc.gmo
advertising	pvp server pvpzone.aq
advertising	check out anarchy.music
clean	i saw a thread on curseforge.cl
advertising	free ranks at megasmp.docs
advertising	everyone join survivalcraft.florist
advertising	surv1valcraft.tattoo
clean	the issue is tracked at pastebin.click
advertising	best server is nethermc.limo
advertising	new server survivalcraft.bh
advertising	free ranks at lunarmc.schule
advertising	ip junglemc.afl
advertising	hop on pvpzone.target
advertising	server ip is bedwars.new
advertising	check out playmc.bing
clean	modrinth.center loads slowly for me
advertising	visit icecraft.af
advertising	hop on dragonmc.kr
clean	google it or look at pastebin.forsale
advertising	pvp server minescape.gy
advertising	my server is nethermc.ntt
advertising	ip goldrush.ve
advertising	pvp server opcraft.eus
advertising	b3dwars.apple
clean	google it or look at spigotmc.tci
clean	that imgur.gmo tutorial helped
advertising	pvp server coolpvp.mtr
advertising	come play playmc.kp
clean	the docs at spigotmc.comsec explain it
advertising	new server icecraft.republican
advertising	a n a r c h y . m i a m i
advertising	my server is craftmoon.vin
clean	the changelog is at fandom.sj
advertising	come play funserver.lefrak
advertising	visit bedwars.vacations
advertising	try coolpvp.website
clean	namemc.associates is a bad website lol
advertising	hop on foxcraft.tr
advertising	n3th3rmc.club
clean	i saw a thread on spigotmc.orange
advertising	join playmc.virgin
advertising	join nethermc.tickets
advertising	ip mcserver.sc
advertising	visit megasmp.cv
advertising	join nethermc.bond
advertising	ip minescape.film
advertising	0pcraft.banamex
advertising	check out emerald.infiniti
clean	the changelog is at modrinth.dj
advertising	we moved to goldrush.lotto
advertising	server ip is emerald.ag
advertising	pvp server lunarmc.ao
advertising	come play craftkingdom.abbott
advertising	pvp server dragonmc.dentist
advertising	my server is goldrush.fr
advertising	m1n3scap3.lt
advertising	my server is bedwars.softbank
clean	that image is from imgur.prod
advertising	pvp server anarchy.il
advertising	everyone join megasmp.mil
advertising	come to megasmp.mom
advertising	come to opcraft.abudhabi
advertising	ip playmc.ye
advertising	best server is funserver.gives
clean	someone linked steam.sina in a video
advertising	free ranks at dragonmc.arte
clean	i found the answer on namemc.boston
advertising	come to bedwars.sport
advertising	everyone join opcraft.bing
advertising	come play pvpzone.solutions
advertising	visit junglemc.sk
advertising	pvpz0n3.soy
advertising	server ip is minescape.theatre
clean	the issue is tracked at twitch.alstom
advertising	my server is foxcraft.review
advertising	m1n3scap3.cm
advertising	craftm00n.hitachi
advertising	new server pvpzone.ro
clean	the docs at spigotmc.dog explain it
advertising	funs3rv3r.ferrero
advertising	pvpz0n3.diamonds
advertising	looking for players at survivalcraft.sz
advertising	come play survivalcraft.amsterdam
advertising	m1n3scap3.pl
advertising	visit funserver.kpn
advertising	pvp server craftmoon.playstation
advertising	visit foxcraft.ws
advertising	join coolpvp.aig
advertising	best server is icecraft.dubai
advertising	come to coolpvp.gal
advertising	play on lunarmc.porn
advertising	best server is dragonmc.limited
advertising	join icecraft.kia
advertising	come play mcserver.ist
clean	google it or look at stackoverflow.bs
advertising	best server is pvpzone.honda
advertising	funs3rv3r.android
advertising	come to playmc.frontier
advertising	we moved to pvpzone.pictet
clean	their blog vimeo.kim is interesting
advertising	my server is dragonmc.om
advertising	new server nethermc.cfa
advertising	free ranks at playmc.lifeinsurance
clean	the changelog is at github.ceo
advertising	everyone join goldrush.rw
clean	i found the answer on youtube.wedding
clean	that namemc.gay tutorial helped
clean	papermc.eu is a bad website lol
advertising	check out emerald.theater
clean	check stackoverflow.football later
advertising	pvp server dragonmc.bradesco
advertising	free ranks at anarchy.hotels
advertising	new server bedwars.bar
advertising	hop on goldrush.quest
advertising	check out lunarmc.wtf
clean	the mod is hosted on youtube.xerox
advertising	jungl3mc.apple
advertising	p l a y m c . s w i s s
advertising	come to bedwars.nextdirect
advertising	join emerald.gl
advertising	come to opcraft.motorcycles
advertising	my server is anarchy.play
clean	google it or look at fandom.gmbh
advertising	craftm00n.song
advertising	ip funserver.bh
advertising	server ip is anarchy.forum
advertising	server ip is dragonmc.cruises
advertising	my server is skymc.rogers
advertising	s k y m c . s t c g r o u p
advertising	1c3craft.hu
advertising	we moved to playmc.rip
advertising	new server nethermc.coach
clean	is planetminecraft.ag down for anyone else
advertising	mcs3rv3r.marketing
advertising	my server is anarchy.bank
clean	i read it on imgur.taxi
advertising	server ip is lunarmc.broadway
advertising	ip minescape.memorial
advertising	1c3craft.gn
advertising	hop on bestpvp.sale
clean	their blog stackoverflow.equipment is interesting
advertising	ip survivalcraft.akdn
advertising	best server is lunarmc.games
clean	i saw a thread on wikipedia.fido
advertising	visit survivalcraft.cx
advertising	ip pvpzone.kddi
advertising	check out coolpvp.durban
advertising	hop on skymc.juegos
advertising	everyone join funserver.chrome
clean	that wikipedia.pay tutorial helped
advertising	pvpz0n3.toyota
advertising	3m3rald.buzz
advertising	mcs3rv3r.tienda
advertising	best server is pvpzone.market
advertising	play on mcserver.productions
advertising	free ranks at anarchy.guitars
advertising	join opcraft.zara
advertising	craftm00n.baby
advertising	ip nethermc.citi
advertising	pvpz0n3.taxi
clean	the issue is tracked at planetminecraft.rs
advertising	server ip is goldrush.americanfamily
clean	is curseforge.bn down for anyone else
clean	the docs at github.mz explain it
advertising	free ranks at skymc.yt
clean	their blog wikipedia.fly is interesting
advertising	we moved to dragonmc.lilly
advertising	pvp server funserver.cu
advertising	play on foxcraft.music
clean	i read it on fandom.dds
advertising	server ip is junglemc.dog
advertising	come play opcraft.saxo
advertising	pvp server bestpvp.tt
clean	google it or look at stackoverflow.equipment
clean	that image is from twitch.pl
advertising	free ranks at mcserver.tienda
advertising	everyone join megasmp.shia
advertising	hop on anarchy.vc
advertising	pvp server playmc.er
advertising	everyone join survivalcraft.pay
advertising	l u n a r m c . a b l e
advertising	hop on foxcraft.pn
advertising	n3th3rmc.tjmaxx
clean	reddit.read is a bad website lol
advertising	pvp server mcserver.gmail
clean	modrinth.search is a bad website lol
clean	pastebin.mma is not a minecraft site
advertising	b3dwars.properties
advertising	best server is mcserver.vote
advertising	f0xcraft.plus
advertising	check out skymc.americanexpress
clean	their blog steam.church is interesting
clean	the mod is hosted on vimeo.allstate
advertising	ip nethermc.baseball
advertising	ip minescape.lotto
clean	that image is from imgur.kz
advertising	server ip is funserver.ae
advertising	everyone join anarchy.click
clean	modrinth.williamhill loads slowly for me
advertising	my server is playmc.giving
advertising	pvp server emerald.pro
clean	the mod is hosted on curseforge.ro
clean	spigotmc.je loads slowly for me
clean	is curseforge.calvinklein down for anyone else
advertising	come play craftmoon.ar
advertising	g0ldrush.sucks
advertising	1c3craft.visa
advertising	everyone join bestpvp.alstom
clean	the issue is tracked at wikipedia.erni
clean	google it or look at twitch.pictures
clean	the changelog is at stackoverflow.mtn
advertising	try playmc.by
advertising	new server lunarmc.rugby
advertising	surv1valcraft.kim
advertising	m3gasmp.zuerich
advertising	drag0nmc.aaa
advertising	p l a y m c . a b b v i e
advertising	everyone join foxcraft.contact
advertising	pvp server lunarmc.rugby
clean	is steam.ally down for anyone else
advertising	looking for players at craftkingdom.team
advertising	try minescape.boats
advertising	b3stpvp.contractors
advertising	join bestpvp.pics
clean	i saw a thread on imgur.tennis
clean	the wiki at github.rich is old
advertising	visit funserver.pnc
clean	someone linked stackoverflow.fj in a video
clean	the changelog is at medium.yoga
advertising	check out opcraft.icbc
advertising	pvp server icecraft.repair
advertising	visit dragonmc.maison
advertising	play on bedwars.church
clean	google it or look at fandom.mobile
advertising	pvpz0n3.ftr
advertising	b3stpvp.yt
clean	the changelog is at namemc.builders
clean	the docs at reddit.cy explain it
advertising	jungl3mc.florist
advertising	visit goldrush.gle
clean	the mod is hosted on steam.alipay
clean	check pastebin.ing later
advertising	ip mcserver.gmail
clean	i read it on fandom.goog
advertising	a n a r c h y . s t a t e f a r m
clean	the docs at youtube.buzz explain it
clean	their blog curseforge.camp is interesting
advertising	visit goldrush.farmers
clean	that spigotmc.dvr tutorial helped
advertising	try mcserver.bosch
advertising	new server bestpvp.ms
clean	the wiki at medium.next is old
advertising	everyone join craftmoon.agakhan
advertising	ip funserver.wedding
advertising	play on megasmp.forsale
advertising	mcs3rv3r.ph
advertising	n3th3rmc.wanggou
advertising	new server anarchy.xxx
clean	is namemc.cymru down for anyone else
advertising	server ip is nethermc.bloomberg
advertising	m3gasmp.au
clean	that image is from papermc.cisco
advertising	ip pvpzone.weather
advertising	everyone join dragonmc.pw
clean	that image is from spigotmc.casa
advertising	join megasmp.pg
advertising	server ip is craftmoon.td
advertising	hop on minescape.film
clean	that image is from wikipedia.mp
advertising	join survivalcraft.imamat
advertising	visit bestpvp.limo
advertising	come to playmc.kp
advertising	pvp server emerald.fly
advertising	check out craftmoon.origins
advertising	b3dwars.ar
advertising	looking for players at dragonmc.pars
advertising	pvp server coolpvp.sarl
clean	is fandom.industries down for anyone else
clean	is papermc.fujitsu down for anyone else
advertising	new server craftmoon.ba
advertising	ip mcserver.bauhaus
clean	the wiki at papermc.ifm is old
advertising	server ip is pvpzone.gu
advertising	pvp server nethermc.olayan
clean	spigotmc.cv is a bad website lol
clean	the mod is hosted on wikipedia.mp
advertising	pvp server skymc.yamaxun
clean	that image is from pastebin.tokyo
clean	check pastebin.rehab later
advertising	best server is bedwars.moe
advertising	come play survivalcraft.cx
clean	i read it on vimeo.drive
advertising	come play bedwars.lu
advertising	check out nethermc.final
advertising	1c3craft.ford
advertising	surv1valcraft.bharti
advertising	join junglemc.np
advertising	ip coolpvp.bo
advertising	server ip is bedwars.ci
clean	curseforge.do is not a minecraft site
advertising	best server is craftmoon.jo
advertising	best server is icecraft.accenture
advertising	ip coolpvp.school
advertising	m3gasmp.forsale
advertising	we moved to bestpvp.af
advertising	best server is pvpzone.alibaba
advertising	1c3craft.engineer
advertising	visit coolpvp.gea
advertising	we moved to pvpzone.samsung
advertising	hop on craftkingdom.meme
advertising	server ip is lunarmc.calvinklein
advertising	pvp server anarchy.nexus
clean	the changelog is at pastebin.ubs
advertising	0pcraft.weather
advertising	server ip is megasmp.citic
clean	google it or look at medium.pa
advertising	join megasmp.whoswho
advertising	we moved to craftmoon.origins
advertising	visit pvpzone.amica
advertising	visit skymc.domains
advertising	jungl3mc.staples
clean	vimeo.rentals is not a minecraft site
advertising	free ranks at playmc.berlin
advertising	everyone join junglemc.clothing
advertising	visit emerald.computer
clean	someone linked reddit.cw in a video
clean	fandom.monster loads slowly for me
advertising	ip dragonmc.jetzt
clean	that image is from medium.inc
advertising	1c3craft.kiwi
clean	that vimeo.spa tutorial helped
clean	twitch.auspost is a bad website lol
clean	that image is from twitch.sr
advertising	new server anarchy.dance
advertising	my server is bedwars.ky
advertising	ip bedwars.rsvp
advertising	c00lpvp.studio
advertising	s k y m c . o n l i n e
clean	the mod is hosted on vimeo.mk
advertising	we moved to icecraft.playstation
clean	youtube.viva is not a minecraft site
advertising	new server playmc.jot
advertising	come play coolpvp.eus
advertising	hop on minescape.man
advertising	join bestpvp.coop
advertising	0pcraft.goldpoint
advertising	new server dragonmc.basketball
advertising	everyone join playmc.travelers
advertising	best server is lunarmc.pharmacy
advertising	come play lunarmc.cam
advertising	play on emerald.intuit
clean	i saw a thread on youtube.pg
advertising	new server lunarmc.pharmacy
clean	i found the answer on modrinth.camera
advertising	come play opcraft.hsbc
clean	youtube.kids loads slowly for me
advertising	surv1valcraft.fund
clean	that image is from pastebin.travel
advertising	n3th3rmc.rest
advertising	f0xcraft.aero
advertising	come play dragonmc.gb
advertising	hop on bedwars.cz
advertising	come play bestpvp.lotte
advertising	check out coolpvp.schwarz
advertising	we moved to opcraft.zappos
advertising	my server is mcserver.at
advertising	check out dragonmc.city
advertising	check out icecraft.cisco
advertising	everyone join goldrush.akdn
clean	the wiki at medium.kosher is old
clean	spigotmc.sx loads slowly for me
advertising	b3stpvp.allfinanz
advertising	play on icecraft.pictures
clean	i saw a thread on wikipedia.analytics
advertising	check out funserver.cbre
advertising	visit pvpzone.ua
advertising	best server is survivalcraft.amsterdam
clean	i saw a thread on modrinth.tc
clean	i found the answer on pastebin.toray
advertising	m1n3scap3.pars
advertising	everyone join nethermc.ac
clean	the wiki at wikipedia.pay is old
advertising	we moved to megasmp.racing
clean	their blog steam.afl is interesting
clean	that reddit.windows tutorial helped
clean	google it or look at namemc.construction
clean	the docs at stackoverflow.shop explain it
advertising	new server playmc.realty
advertising	server ip is funserver.monster
advertising	m1n3scap3.mn
advertising	0pcraft.life
advertising	play on funserver.movie
advertising	visit icecraft.netflix
advertising	visit craftkingdom.se
advertising	play on anarchy.bank
advertising	new server emerald.oracle
advertising	new server foxcraft.exchange
clean	google it or look at youtube.tvs
advertising	looking for players at craftkingdom.barclays
advertising	try craftkingdom.lgbt
advertising	server ip is emerald.bingo
advertising	best server is skymc.dentist
clean	their blog github.tatar is interesting
advertising	play on bestpvp.nab
clean	check pastebin.amazon later
clean	wikipedia.airtel loads slowly for me
clean	the docs at youtube.mc explain it
advertising	pvp server emerald.edeka
advertising	everyone join minescape.brussels
advertising	craftk1ngd0m.tw
advertising	try craftkingdom.bot
advertising	l u n a r m c . p h a r m a c y
advertising	join craftkingdom.vn
advertising	server ip is bestpvp.flickr
advertising	we moved to icecraft.trade
advertising	we moved to opcraft.tjx
advertising	ip survivalcraft.beats
advertising	best server is opcraft.makeup
advertising	everyone join nethermc.clubmed
advertising	come play emerald.bharti
advertising	everyone join icecraft.tatamotors
advertising	join survivalcraft.ma
advertising	come play craftkingdom.gal
advertising	pvpz0n3.hdfcbank
advertising	come play pvpzone.al
clean	vimeo.doctor is not a minecraft site
advertising	server ip is craftkingdom.orange
advertising	my server is foxcraft.lat
advertising	looking for players at pvpzone.lifestyle
advertising	come to junglemc.silk
advertising	hop on funserver.free
advertising	craftk1ngd0m.zone
advertising	best server is anarchy.google
advertising	b3stpvp.sr
advertising	play on craftmoon.moi
advertising	best server is mcserver.juniper
advertising	my server is playmc.williamhill
advertising	check out goldrush.goog
advertising	p l a y m c . h k
advertising	c00lpvp.gp
advertising	play on playmc.rich
advertising	g0ldrush.farmers
advertising	n3th3rmc.gt
advertising	ip craftmoon.tirol
advertising	pvp server skymc.gay
advertising	join foxcraft.comsec
advertising	looking for players at playmc.tkmaxx
advertising	pvp server foxcraft.aw
advertising	new server foxcraft.bestbuy
advertising	try junglemc.sina
advertising	try bedwars.boehringer
advertising	0pcraft.amazon
advertising	join bedwars.bm
advertising	pvp server craftmoon.netflix
advertising	looking for players at anarchy.airforce
clean	someone linked planetminecraft.clubmed in a video
clean	i found the answer on planetminecraft.reviews
advertising	pvpz0n3.mq
advertising	l u n a r m c . c a m e r a
advertising	play on pvpzone.gu
advertising	p l a y m c . f l i g h t s
clean	check curseforge.juegos later
advertising	play on craftkingdom.ubank
advertising	1c3craft.softbank
advertising	hop on lunarmc.ipiranga
clean	the issue is tracked at reddit.channel
advertising	join icecraft.moto
clean	check fandom.aq later
advertising	new server foxcraft.team
clean	google it or look at twitch.menu
clean	the mod is hosted on modrinth.af
advertising	ip pvpzone.amfam
advertising	check out craftkingdom.gw
clean	the mod is hosted on youtube.broadway
clean	the issue is tracked at twitch.pictures
advertising	new server dragonmc.lilly
advertising	try lunarmc.juegos
advertising	looking for players at junglemc.lasalle
advertising	server ip is goldrush.bw
advertising	we moved to foxcraft.tax
advertising	c00lpvp.shop
clean	the mod is hosted on modrinth.vc
advertising	play on pvpzone.am
advertising	hop on icecraft.ford
advertising	check out funserver.realestate
advertising	my server is minescape.taobao
advertising	come play survivalcraft.google
clean	someone linked stackoverflow.rest in a video
advertising	surv1valcraft.ck
advertising	server ip is funserver.travelers
clean	someone linked pastebin.vision in a video
advertising	ip survivalcraft.pet
clean	the docs at imgur.wf explain it
advertising	visit icecraft.cal
advertising	hop on dragonmc.online
advertising	visit lunarmc.pin
advertising	a n a r c h y . w o r l d
clean	the issue is tracked at twitch.ma
advertising	server ip is coolpvp.gp
advertising	come play craftkingdom.mba
clean	someone linked vimeo.stc in a video
advertising	everyone join icecraft.bond
advertising	looking for players at coolpvp.gp
advertising	pvpz0n3.hospital
advertising	check out foxcraft.club
clean	is pastebin.fox down for anyone else
advertising	play on nethermc.bio
advertising	try craftkingdom.fyi
advertising	mcs3rv3r.lb
advertising	my server is megasmp.hangout
advertising	everyone join goldrush.jot
clean	fandom.se is not a minecraft site
advertising	drag0nmc.na
advertising	c00lpvp.pl
advertising	looking for players at funserver.kuokgroup
advertising	drag0nmc.anquan
advertising	best server is pvpzone.sv
advertising	g0ldrush.bargains
advertising	my server is bestpvp.ford
advertising	hop on coolpvp.compare
advertising	play on icecraft.name
advertising	looking for players at junglemc.swatch
advertising	play on craftmoon.ntt
clean	that spigotmc.tkmaxx tutorial helped
advertising	mcs3rv3r.sc
advertising	join goldrush.cisco
clean	the issue is tracked at vimeo.gp
clean	pastebin.gs is a bad website lol
advertising	everyone join craftkingdom.orange
clean	that image is from youtube.samsclub
clean	their blog fandom.select is interesting
clean	i saw a thread on steam.church
advertising	pvp server dragonmc.basketball
advertising	new server minescape.mn
clean	their blog curseforge.book is interesting
advertising	free ranks at survivalcraft.aramco
advertising	hop on craftkingdom.tm
advertising	my server is icecraft.py
advertising	g0ldrush.ong
advertising	best server is icecraft.fast
advertising	pvp server opcraft.bbva
advertising	funs3rv3r.horse
advertising	c00lpvp.eus
advertising	1c3craft.art
advertising	b3stpvp.by
advertising	we moved to skymc.tickets
advertising	everyone join junglemc.swatch
clean	the docs at imgur.org explain it
clean	that namemc.construction tutorial helped
advertising	ip funserver.author
advertising	visit survivalcraft.builders
advertising	pvp server emerald.bt
advertising	best server is skymc.photo
advertising	we moved to craftmoon.dhl
advertising	join junglemc.fk
advertising	try lunarmc.pharmacy
clean	the wiki at modrinth.pn is old
advertising	my server is bedwars.lu
clean	i saw a thread on fandom.mv
advertising	n3th3rmc.markets
advertising	come to craftmoon.dhl
advertising	ip skymc.online
clean	i read it on namemc.cab
clean	the changelog is at reddit.eg
clean	the wiki at spigotmc.cbn is old
clean	their blog medium.museum is interesting
advertising	3m3rald.eu
advertising	everyone join nethermc.catering
advertising	hop on bestpvp.komatsu
advertising	visit opcraft.ninja
advertising	best server is bedwars.kh
advertising	funs3rv3r.vu
clean	the docs at namemc.km explain it
advertising	ip anarchy.hr
advertising	craftk1ngd0m.th
advertising	we moved to coolpvp.bw
clean	is fandom.hotmail down for anyone else
advertising	new server lunarmc.temasek
advertising	join mcserver.singles
advertising	looking for players at foxcraft.save
advertising	everyone join skymc.ng
advertising	craftm00n.td
clean	that fandom.frogans tutorial helped
advertising	new server opcraft.fan
advertising	come to dragonmc.cruises
advertising	best server is foxcraft.krd
advertising	s k y m c . t r v
clean	i found the answer on medium.dubai
advertising	play on lunarmc.br
advertising	best server is minescape.schmidt
advertising	p l a y m c . t r a v e l e r s
advertising	best server is craftkingdom.staples
advertising	best server is pvpzone.al
advertising	check out lunarmc.windows
clean	someone linked steam.pru in a video
advertising	ip foxcraft.fido
advertising	looking for players at survivalcraft.university
advertising	l u n a r m c . m c k i n s e y
advertising	come to megasmp.zuerich
advertising	play on megasmp.deals
advertising	hop on foxcraft.pictet
advertising	craftm00n.moi
advertising	hop on megasmp.events
clean	someone linked medium.anz in a video
clean	is vimeo.cruise down for anyone else
advertising	f0xcraft.glass
advertising	0pcraft.melbourne
advertising	play on craftkingdom.hkt
advertising	b3dwars.gifts
clean	i found the answer on youtube.smile
clean	is pastebin.mq down for anyone else
advertising	best server is junglemc.uk
advertising	s k y m c . n l
clean	wikipedia.cm is a bad website lol
advertising	everyone join bedwars.erni
clean	that image is from curseforge.frontier
advertising	my server is craftmoon.tirol
advertising	come play coolpvp.booking
advertising	come to craftkingdom.watches
advertising	craftm00n.jo
clean	is twitch.gift down for anyone else
advertising	a n a r c h y . d i g i t a l
advertising	join playmc.sbi
clean	is fandom.diet down for anyone else
advertising	b3dwars.softbank
advertising	looking for players at mcserver.versicherung
advertising	ip junglemc.xihuan
advertising	1c3craft.deals
advertising	my server is mcserver.top
advertising	server ip is craftkingdom.leclerc
advertising	looking for players at coolpvp.compare
advertising	best server is icecraft.sandvik
clean	someone linked namemc.green in a video
clean	that steam.care tutorial helped
advertising	f0xcraft.contact
advertising	come play junglemc.pub
advertising	best server is goldrush.dvag
advertising	free ranks at nethermc.coach
clean	the docs at stackoverflow.aol explain it
advertising	ip goldrush.builders
clean	the wiki at spigotmc.citi is old
advertising	p l a y m c . f l i r
clean	the mod is hosted on youtube.nextdirect
advertising	new server nethermc.download
clean	the docs at planetminecraft.guge explain it
advertising	free ranks at skymc.samsung
advertising	we moved to foxcraft.gm
advertising	looking for players at junglemc.sex
clean	i saw a thread on vimeo.tl
clean	twitch.law loads slowly for me
advertising	m3gasmp.vet
advertising	check out lunarmc.shoes
advertising	p l a y m c . h o m e g o o d s
advertising	new server junglemc.mp
advertising	everyone join skymc.airbus
advertising	drag0nmc.az
advertising	my server is icecraft.reliance
advertising	ip funserver.dnp
advertising	hop on foxcraft.hospital
advertising	hop on emerald.black
advertising	looking for players at opcraft.kn
clean	the wiki at wikipedia.llp is old
advertising	b3stpvp.tg
clean	google it or look at vimeo.tl
clean	the issue is tracked at curseforge.gold
clean	the mod is hosted on twitch.arab
advertising	craftk1ngd0m.firmdale
advertising	check out bedwars.chintai
clean	that image is from modrinth.game
advertising	join dragonmc.build
clean	that image is from planetminecraft.school
advertising	p l a y m c . b e r l i n
advertising	come to bestpvp.pizza
advertising	everyone join survivalcraft.osaka
advertising	visit skymc.airbus
clean	that image is from wikipedia.dupont
advertising	try megasmp.study
advertising	visit dragonmc.hiphop
advertising	hop on craftmoon.td
advertising	new server foxcraft.pictet
advertising	new server icecraft.pf
advertising	jungl3mc.pink
advertising	we moved to bestpvp.dvr
advertising	mcs3rv3r.tjmaxx
advertising	we moved to survivalcraft.click
advertising	server ip is bestpvp.cg
advertising	everyone join bedwars.madrid
advertising	pvp server mcserver.attorney
advertising	server ip is icecraft.aero
advertising	we moved to funserver.homesense
clean	i found the answer on youtube.page
advertising	come play bedwars.cern
clean	google it or look at curseforge.juegos
advertising	pvp server funserver.red
advertising	we moved to bestpvp.bzh
advertising	come play foxcraft.hospital
clean	the changelog is at github.ping
advertising	looking for players at junglemc.fujitsu
advertising	we moved to megasmp.mil
advertising	c00lpvp.kyoto
advertising	new server lunarmc.lacaixa
advertising	server ip is junglemc.xbox
advertising	pvp server craftkingdom.tiaa
advertising	pvpz0n3.jobs
clean	that image is from namemc.sale
clean	their blog namemc.scb is interesting
advertising	server ip is opcraft.ee
advertising	server ip is dragonmc.na
advertising	server ip is craftmoon.eurovision
advertising	my server is goldrush.fast
advertising	come to pvpzone.sas
advertising	come play craftmoon.arab
advertising	3m3rald.desi
advertising	looking for players at opcraft.llp
clean	the docs at papermc.nu explain it
advertising	free ranks at skymc.ch
advertising	come to icecraft.ml
advertising	ip survivalcraft.university
advertising	pvp server coolpvp.mlb
advertising	we moved to craftkingdom.tz
clean	that youtube.beer tutorial helped
advertising	funs3rv3r.scot
advertising	play on dragonmc.pet
advertising	new server megasmp.mtn
advertising	looking for players at skymc.nl
advertising	visit funserver.vn
clean	is curseforge.gallo down for anyone else
advertising	looking for players at emerald.infiniti
advertising	come play skymc.tr
clean	their blog papermc.datsun is interesting
clean	is modrinth.af down for anyone else
advertising	jungl3mc.forsale
advertising	check out minescape.er
advertising	3m3rald.flickr
advertising	c00lpvp.kindle
advertising	come to bestpvp.ms
clean	the wiki at reddit.fishing is old
clean	the changelog is at medium.cf
advertising	jungl3mc.tatar
clean	google it or look at stackoverflow.aol
advertising	looking for players at bestpvp.delta
advertising	come play craftkingdom.christmas
advertising	hop on opcraft.fage
advertising	b3stpvp.la
advertising	b3stpvp.game
clean	google it or look at twitch.cpa
advertising	pvpz0n3.mortgage
advertising	looking for players at playmc.jot
advertising	craftm00n.ba
clean	spigotmc.mn is not a minecraft site
advertising	best server is craftmoon.my
advertising	hop on bedwars.windows
clean	pastebin.ski is a bad website lol
clean	github.sony is a bad website lol
clean	the issue is tracked at twitch.recipes
advertising	new server lunarmc.gs
clean	is stackoverflow.cleaning down for anyone else
advertising	visit opcraft.engineering
advertising	we moved to coolpvp.kpmg
clean	that medium.lamer tutorial helped
advertising	looking for players at emerald.tg
advertising	my server is icecraft.gn
advertising	n3th3rmc.bnpparibas
advertising	free ranks at bestpvp.men
advertising	server ip is bedwars.st
advertising	play on bedwars.jnj
clean	the issue is tracked at modrinth.fish
advertising	surv1valcraft.pt
advertising	join minescape.crs
clean	their blog pastebin.jprs is interesting
advertising	funs3rv3r.kpn
advertising	looking for players at skymc.foundation
advertising	everyone join minescape.bs
clean	that imgur.am tutorial helped
advertising	server ip is pvpzone.mu
clean	imgur.accountants is a bad website lol
clean	i saw a thread on github.google
advertising	free ranks at junglemc.tech
advertising	pvp server dragonmc.works
clean	google it or look at curseforge.xyz
advertising	new server pvpzone.allstate
advertising	pvp server funserver.vn
advertising	new server bestpvp.hair
advertising	ip dragonmc.lilly
advertising	check out lunarmc.analytics
clean	i saw a thread on twitch.baidu
advertising	check out craftmoon.orange
advertising	3m3rald.agency
advertising	ip bedwars.discover
clean	that image is from spigotmc.ax
clean	the mod is hosted on youtube.edu
advertising	hop on bestpvp.gifts
advertising	try funserver.ba
advertising	pvp server craftkingdom.gal
advertising	join survivalcraft.auspost
advertising	my server is skymc.is
advertising	free ranks at nethermc.hosting
advertising	hop on icecraft.pg
advertising	come play funserver.gap
advertising	my server is coolpvp.mlb
advertising	join goldrush.talk
advertising	new server skymc.beauty
advertising	new server icecraft.af
advertising	join anarchy.date
advertising	looking for players at bestpvp.cg
advertising	everyone join emerald.best
clean	the changelog is at github.softbank
advertising	everyone join bedwars.nowruz
advertising	everyone join anarchy.mint
advertising	we moved to skymc.doctor
clean	the wiki at curseforge.cl is old
advertising	hop on icecraft.tatamotors
advertising	everyone join coolpvp.tab
advertising	we moved to playmc.aq
advertising	try emerald.agency
advertising	p l a y m c . b i b l e
advertising	come play megasmp.toyota
advertising	p l a y m c . p i c t u r e s
clean	that imgur.man tutorial helped
advertising	m3gasmp.charity
advertising	best server is nethermc.discount
advertising	try lunarmc.nokia
advertising	my server is icecraft.accenture
advertising	try icecraft.datsun
advertising	pvp server craftmoon.kfh
advertising	n3th3rmc.cfa
clean	their blog twitch.info is interesting
advertising	visit goldrush.moscow
advertising	pvp server lunarmc.tube
advertising	n3th3rmc.id
advertising	come to junglemc.nba
advertising	looking for players at coolpvp.richardli
advertising	pvp server icecraft.goldpoint
advertising	p l a y m c . s t o c k h o l m
clean	pastebin.brussels loads slowly for me
clean	is medium.sfr down for anyone else
advertising	looking for players at pvpzone.cruise
advertising	check out funserver.pizza
advertising	best server is bedwars.total
advertising	craftk1ngd0m.info
advertising	check out junglemc.reit
advertising	join mcserver.productions
clean	check papermc.final later
advertising	everyone join playmc.foundation
advertising	pvpz0n3.amica
advertising	hop on craftmoon.bio
advertising	hop on foxcraft.glass
advertising	come play minescape.capetown
advertising	c00lpvp.mobi
advertising	come play survivalcraft.hn
advertising	join coolpvp.loan
clean	the changelog is at stackoverflow.futbol
advertising	come play bestpvp.flickr
advertising	check out craftkingdom.lamborghini
advertising	hop on icecraft.kfh
advertising	server ip is minescape.clinic
advertising	everyone join playmc.flights
advertising	drag0nmc.na
advertising	server ip is bedwars.hotmail
advertising	l u n a r m c . b c n
advertising	best server is junglemc.apartments
advertising	my server is foxcraft.ng
clean	wikipedia.theater is a bad website lol
advertising	come to foxcraft.brussels
advertising	c00lpvp.band
advertising	f0xcraft.exchange
advertising	we moved to emerald.flickr
advertising	come play pvpzone.land
advertising	looking for players at opcraft.bbva
advertising	hop on mcserver.cat
advertising	craftm00n.sa
advertising	everyone join opcraft.surgery
advertising	play on coolpvp.booking
advertising	funs3rv3r.singles
advertising	funs3rv3r.sas
advertising	l u n a r m c . c o d e s
advertising	b3dwars.space
advertising	best server is junglemc.xbox
advertising	come to bestpvp.nab
advertising	everyone join icecraft.engineer
advertising	come play playmc.credit
advertising	m1n3scap3.teva
clean	the changelog is at github.bd
advertising	new server minescape.citic
advertising	jungl3mc.tatamotors
advertising	mcs3rv3r.gmbh
advertising	new server goldrush.book
advertising	visit coolpvp.pl
advertising	visit mcserver.at
advertising	server ip is funserver.radio
advertising	b3dwars.barclaycard
clean	google it or look at papermc.toyota
clean	the mod is hosted on namemc.scb
advertising	we moved to playmc.lds
advertising	hop on skymc.mom
advertising	visit minescape.sina
clean	is planetminecraft.rocks down for anyone else
advertising	funs3rv3r.abc
clean	google it or look at youtube.country
advertising	pvp server craftmoon.weir
clean	the docs at spigotmc.capetown explain it
advertising	check out craftkingdom.orange
advertising	pvp server playmc.credit
advertising	try craftmoon.fido
advertising	new server goldrush.rest
advertising	we moved to craftmoon.my
advertising	free ranks at icecraft.reliance
clean	someone linked youtube.mba in a video
advertising	b3dwars.afl
advertising	come to goldrush.lighting
advertising	looking for players at emerald.cheap
clean	modrinth.search loads slowly for me
clean	the changelog is at spigotmc.orange
advertising	everyone join nethermc.gt
clean	i read it on steam.infiniti
advertising	come play emerald.uz
advertising	everyone join bestpvp.surf
advertising	play on opcraft.om
advertising	free ranks at coolpvp.website
advertising	everyone join mcserver.ferrari
advertising	we moved to junglemc.wiki
clean	twitch.td is a bad website lol
advertising	come play craftmoon.safe
advertising	0pcraft.motorcycles
advertising	b3stpvp.cologne
clean	i found the answer on pastebin.mq
advertising	m3gasmp.book
clean	that reddit.ink tutorial helped
clean	the docs at wikipedia.swatch explain it
advertising	my server is nethermc.technology
advertising	server ip is lunarmc.tel
advertising	server ip is junglemc.bridgestone
clean	someone linked vimeo.scot in a video
advertising	new server nethermc.baseball
advertising	my server is craftkingdom.lpl
advertising	best server is minescape.meet
advertising	we moved to pvpzone.tushu
advertising	free ranks at funserver.holiday
clean	someone linked planetminecraft.sv in a video
advertising	come to nethermc.sbi
advertising	g0ldrush.ge
advertising	looking for players at bestpvp.wtf
advertising	we moved to dragonmc.cpa
advertising	free ranks at funserver.ba
clean	google it or look at reddit.giving
clean	their blog fandom.gle is interesting
advertising	play on pvpzone.itau
advertising	mcs3rv3r.bridgestone
clean	someone linked twitch.weber in a video
advertising	join skymc.viva
clean	youtube.tienda is a bad website lol
advertising	server ip is bestpvp.bv
clean	i read it on medium.yoga
advertising	server ip is mcserver.energy
advertising	come to lunarmc.vg
clean	that medium.bj tutorial helped
advertising	visit megasmp.fun
advertising	play on craftkingdom.homedepot
clean	spigotmc.americanexpress is not a minecraft site
advertising	free ranks at megasmp.tdk
advertising	funs3rv3r.nikon
clean	the mod is hosted on spigotmc.sx
advertising	try coolpvp.pharmacy
advertising	my server is icecraft.ruhr
advertising	g0ldrush.fedex
advertising	come to mcserver.walter
advertising	1c3craft.cool
advertising	looking for players at coolpvp.scb
advertising	hop on megasmp.cab
advertising	pvpz0n3.bi
clean	the wiki at twitch.mit is old
advertising	looking for players at coolpvp.gy
advertising	craftm00n.leclerc
advertising	free ranks at bedwars.ricoh
advertising	come to foxcraft.now
clean	the changelog is at github.sony
advertising	we moved to bedwars.news
clean	wikipedia.ga is a bad website lol
advertising	looking for players at skymc.room
clean	that image is from pastebin.insure
advertising	pvp server goldrush.star
advertising	we moved to goldrush.tmall
clean	that image is from fandom.de
advertising	s k y m c . c h
advertising	play on bestpvp.protection
clean	steam.commbank is not a minecraft site
advertising	try coolpvp.mlb
advertising	we moved to icecraft.camp
advertising	jungl3mc.fit
advertising	check out icecraft.gallup
advertising	a n a r c h y . g u i t a r s
advertising	server ip is icecraft.xxx
advertising	jungl3mc.sina
advertising	free ranks at coolpvp.cafe
clean	their blog pastebin.rw is interesting
advertising	mcs3rv3r.sncf
advertising	everyone join mcserver.bauhaus
advertising	everyone join playmc.al
advertising	come to bestpvp.pid
clean	i saw a thread on curseforge.mormon
clean	that image is from youtube.shouji
clean	check planetminecraft.nokia later
advertising	come play goldrush.nba
clean	the issue is tracked at vimeo.properties
clean	the wiki at youtube.music is old
advertising	come to funserver.sn
advertising	free ranks at junglemc.forsale
advertising	my server is nethermc.cricket
advertising	best server is funserver.ferrero
advertising	0pcraft.anz
clean	the wiki at fandom.gle is old
advertising	free ranks at craftkingdom.actor
advertising	ip icecraft.camp
clean	i saw a thread on wikipedia.za
advertising	pvpz0n3.gov
advertising	come to skymc.furniture
advertising	funs3rv3r.monster
advertising	ip survivalcraft.one
advertising	play on pvpzone.weatherchannel
advertising	we moved to icecraft.jobs
clean	the changelog is at planetminecraft.sv
advertising	come to playmc.clubmed
clean	check steam.hockey later
clean	i found the answer on pastebin.gg
clean	the mod is hosted on modrinth.luxury
advertising	visit emerald.tn
advertising	hop on playmc.frontier
clean	the docs at youtube.pnc explain it
advertising	visit dragonmc.latrobe
advertising	3m3rald.grocery
advertising	check out foxcraft.parts
clean	pastebin.brussels is a bad website lol
advertising	check out playmc.nike
clean	google it or look at medium.next
advertising	check out junglemc.chintai
clean	that wikipedia.villas tutorial helped
clean	modrinth.banamex is not a minecraft site
advertising	try dragonmc.kh
advertising	come to emerald.villas
advertising	new server opcraft.weather
advertising	free ranks at mcserver.crown
advertising	hop on anarchy.gt
advertising	visit minescape.ki
clean	google it or look at imgur.emerck
advertising	free ranks at coolpvp.melbourne
advertising	new server coolpvp.lasalle
advertising	jungl3mc.fk
advertising	play on emerald.bf
advertising	pvpz0n3.tjx
advertising	server ip is lunarmc.buzz
clean	the changelog is at imgur.free
advertising	visit dragonmc.ally
advertising	new server junglemc.java
advertising	join bestpvp.basketball
advertising	visit craftkingdom.at
advertising	n3th3rmc.industries
advertising	everyone join bedwars.jm
clean	papermc.tf loads slowly for me
clean	google it or look at stackoverflow.pr
clean	google it or look at vimeo.gbiz
advertising	craftm00n.dnp
advertising	we moved to lunarmc.estate
advertising	try survivalcraft.foo
advertising	join bestpvp.auto
advertising	n3th3rmc.toray
advertising	ip coolpvp.tab
advertising	everyone join icecraft.py
advertising	play on lunarmc.xerox
advertising	play on funserver.mitsubishi
advertising	visit dragonmc.directory
advertising	check out bestpvp.vet
advertising	craftk1ngd0m.new
advertising	pvpz0n3.et
advertising	we moved to anarchy.bank
advertising	craftm00n.fujitsu
advertising	everyone join funserver.gea
advertising	looking for players at craftmoon.design
advertising	play on coolpvp.hdfc
clean	vimeo.nz is not a minecraft site
clean	vimeo.trade is a bad website lol
clean	i read it on namemc.case
advertising	my server is bestpvp.bj
clean	google it or look at steam.azure
advertising	we moved to nethermc.ninja
advertising	b3stpvp.flickr
clean	the docs at stackoverflow.docs explain it
advertising	come play goldrush.youtube
clean	youtube.vlaanderen is not a minecraft site
advertising	my server is minescape.nc
advertising	new server funserver.sexy
clean	the docs at steam.netbank explain it
advertising	play on mcserver.sncf
advertising	best server is emerald.ag
advertising	looking for players at bestpvp.movie
advertising	ip megasmp.ps
advertising	ip lunarmc.vg
advertising	my server is skymc.kuokgroup
advertising	play on emerald.airtel
advertising	craftm00n.wme
advertising	s k y m c . d o c t o r
advertising	hop on opcraft.zappos
clean	check wikipedia.int later
advertising	best server is playmc.hdfc
advertising	new server coolpvp.sener
advertising	join playmc.sucks
clean	google it or look at steam.gallery
advertising	ip playmc.esq
advertising	looking for players at dragonmc.do
advertising	try icecraft.llp
advertising	play on playmc.inc
advertising	play on coolpvp.aig
clean	is fandom.guide down for anyone else
advertising	join goldrush.quest
advertising	best server is pvpzone.hdfcbank
advertising	new server pvpzone.gov
clean	their blog medium.app is interesting
advertising	pvp server coolpvp.ink
advertising	best server is funserver.travelers
advertising	new server minescape.ms
advertising	we moved to lunarmc.coffee
advertising	g0ldrush.like
advertising	try megasmp.sydney
advertising	g0ldrush.bw
advertising	craftm00n.org
clean	is wikipedia.bing down for anyone else
advertising	m3gasmp.ug
advertising	check out opcraft.broker
advertising	pvp server mcserver.deal
advertising	try pvpzone.stada
clean	google it or look at twitch.oracle
clean	i found the answer on papermc.durban
advertising	ip foxcraft.sfr
advertising	looking for players at coolpvp.schaeffler
advertising	we moved to goldrush.security
advertising	g0ldrush.ve
advertising	p l a y m c . z a r a
advertising	m3gasmp.whoswho
advertising	looking for players at nethermc.xerox
advertising	join icecraft.pohl
advertising	play on opcraft.med
advertising	play on foxcraft.run
advertising	hop on survivalcraft.bh
clean	the wiki at fandom.markets is old
clean	i saw a thread on github.shopping
clean	wikipedia.loans is a bad website lol
clean	i read it on stackoverflow.band
clean	i saw a thread on stackoverflow.pr
clean	namemc.institute is a bad website lol
advertising	try bestpvp.nab
advertising	join coolpvp.viajes
advertising	we moved to emerald.ott
advertising	hop on survivalcraft.horse
advertising	come play megasmp.racing
clean	steam.pe is a bad website lol
advertising	we moved to coolpvp.toys
clean	the mod is hosted on spigotmc.software
advertising	try nethermc.bostik
advertising	craftk1ngd0m.bz
advertising	craftm00n.eurovision
advertising	craftm00n.data
advertising	check out junglemc.bzh
clean	the docs at papermc.host explain it
advertising	pvp server foxcraft.hbo
advertising	looking for players at coolpvp.kpmg
advertising	ip nethermc.ninja
advertising	we moved to lunarmc.bt
advertising	server ip is craftmoon.data
advertising	join funserver.hosting
advertising	hop on lunarmc.uy
advertising	f0xcraft.free
clean	vimeo.co loads slowly for me
advertising	join craftmoon.so
clean	their blog namemc.microsoft is interesting
clean	that image is from spigotmc.bh
clean	i read it on twitch.ferrari
advertising	try lunarmc.pccw
advertising	hop on bestpvp.mobi
advertising	b3dwars.nowruz
clean	imgur.man is not a minecraft site
advertising	play on foxcraft.gallup
clean	youtube.skype is a bad website lol
clean	that twitch.ru tutorial helped
advertising	server ip is playmc.williamhill
advertising	new server nethermc.soccer
clean	check steam.black later
advertising	check out dragonmc.nl
clean	vimeo.education loads slowly for me
advertising	check out funserver.weber
advertising	g0ldrush.dvag
advertising	looking for players at playmc.baby
advertising	join emerald.realestate
advertising	free ranks at junglemc.shop
advertising	looking for players at coolpvp.dad
clean	i read it on vimeo.ryukyu
advertising	try foxcraft.viking
clean	github.nr is not a minecraft site
advertising	come to skymc.domains
advertising	hop on icecraft.nhk
clean	that image is from github.kg
advertising	surv1valcraft.lundbeck
advertising	my server is emerald.ly
advertising	pvp server pvpzone.citadel
advertising	b3stpvp.shopping
clean	the changelog is at imgur.xihuan
advertising	pvp server survivalcraft.kim
advertising	server ip is dragonmc.nc
advertising	looking for players at craftmoon.analytics
advertising	l u n a r m c . t e m a s e k
advertising	ip junglemc.shangrila
clean	check planetminecraft.sport later
clean	the mod is hosted on youtube.office
advertising	join junglemc.axa
clean	the docs at papermc.dating explain it
advertising	free ranks at bestpvp.dot
advertising	looking for players at playmc.scholarships
advertising	try megasmp.rentals
advertising	craftm00n.nextdirect
advertising	b3dwars.discount
advertising	we moved to icecraft.amazon
clean	namemc.green loads slowly for me
advertising	my server is junglemc.mp
advertising	new server playmc.inc
advertising	new server funserver.nikon
clean	is fandom.singles down for anyone else
advertising	my server is mcserver.gmbh
advertising	try junglemc.grainger
clean	someone linked reddit.xin in a video
advertising	craftm00n.shia
advertising	visit foxcraft.gp
advertising	3m3rald.bm
clean	twitch.hamburg is a bad website lol
advertising	craftm00n.to
advertising	mcs3rv3r.cat
advertising	check out minescape.space
advertising	hop on playmc.hn
advertising	everyone join lunarmc.scb
advertising	check out megasmp.pccw
clean	their blog wikipedia.analytics is interesting
advertising	hop on junglemc.axa
advertising	new server funserver.cbn
advertising	everyone join icecraft.landrover
advertising	join icecraft.landrover
advertising	n3th3rmc.asia
advertising	new server pvpzone.cheap
advertising	try junglemc.wf
advertising	come play funserver.bh
advertising	drag0nmc.basketball
advertising	my server is icecraft.vc
advertising	craftm00n.ar
advertising	play on bestpvp.af
advertising	visit skymc.ke
clean	github.verisign loads slowly for me
advertising	looking for players at foxcraft.fido
clean	the mod is hosted on fandom.bom
advertising	we moved to lunarmc.broadway
advertising	my server is minescape.glass
advertising	try nethermc.africa
advertising	hop on minescape.teva
advertising	craftm00n.boutique
advertising	hop on opcraft.zip
advertising	play on pvpzone.cash
advertising	check out anarchy.song
advertising	new server bedwars.walter
advertising	try bedwars.photography
advertising	come to goldrush.yahoo
advertising	we moved to emerald.accountant
advertising	hop on minescape.irish
advertising	we moved to craftmoon.olayangroup
advertising	try anarchy.career
clean	the issue is tracked at wikipedia.world
clean	i found the answer on curseforge.joy
advertising	server ip is pvpzone.store
advertising	play on craftmoon.km
clean	the docs at steam.gn explain it
clean	the changelog is at github.codes
advertising	check out mcserver.bosch
advertising	best server is bestpvp.dvr
advertising	my server is craftkingdom.catholic
advertising	come to icecraft.ne
advertising	l u n a r m c . m m a
clean	their blog pastebin.democrat is interesting
advertising	join megasmp.in
clean	that image is from pastebin.zappos
advertising	new server bedwars.hyatt
clean	check namemc.beats later
clean	the changelog is at medium.museum
advertising	play on megasmp.athleta
advertising	we moved to mcserver.nyc
advertising	free ranks at playmc.prod
advertising	hop on craftmoon.dhl
advertising	come to anarchy.trust
advertising	try icecraft.limited
advertising	play on junglemc.aquarelle
advertising	check out playmc.prod
advertising	hop on coolpvp.mk
advertising	come to goldrush.star
advertising	try icecraft.pm
advertising	f0xcraft.college
clean	the changelog is at namemc.bharti
advertising	hop on bestpvp.stream
clean	that image is from papermc.sanofi
advertising	free ranks at craftmoon.dhl
advertising	ip dragonmc.bbc
advertising	come to bestpvp.dvr
advertising	free ranks at coolpvp.map
advertising	looking for players at skymc.tours
advertising	come play lunarmc.airforce
clean	check vimeo.helsinki later
advertising	join bedwars.madrid
advertising	server ip is nethermc.contractors
clean	check github.nc later
advertising	my server is skymc.ke
advertising	pvp server nethermc.tjmaxx
advertising	hop on mcserver.erni
advertising	best server is anarchy.smart
advertising	we moved to lunarmc.football
advertising	visit skymc.associates
advertising	b3stpvp.gbiz
clean	i saw a thread on vimeo.top
clean	modrinth.creditunion is not a minecraft site
advertising	check out dragonmc.gr
advertising	free ranks at survivalcraft.ch
clean	i read it on twitch.br
advertising	pvp server funserver.play
advertising	visit icecraft.gallup
advertising	pvp server bestpvp.rent
advertising	pvp server survivalcraft.bh
advertising	pvp server coolpvp.lc
advertising	looking for players at goldrush.amfam
advertising	funs3rv3r.istanbul
clean	that medium.pa tutorial helped
advertising	1c3craft.co
clean	their blog namemc.gy is interesting
clean	the wiki at papermc.watches is old
clean	someone linked steam.fitness in a video
advertising	looking for players at craftmoon.lidl
clean	is vimeo.sbs down for anyone else
advertising	ip anarchy.tj
advertising	pvpz0n3.ua
advertising	looking for players at opcraft.motorcycles
clean	their blog youtube.bid is interesting
advertising	surv1valcraft.talk
clean	i saw a thread on curseforge.bosch
advertising	my server is coolpvp.compare
advertising	try bestpvp.radio
advertising	visit pvpzone.sx
advertising	0pcraft.fage
advertising	l u n a r m c . p c c w
advertising	c00lpvp.aig
advertising	free ranks at bedwars.bet
advertising	my server is nethermc.gt
advertising	check out dragonmc.barefoot
advertising	play on bedwars.photography
advertising	we moved to pvpzone.market
advertising	1c3craft.sport
clean	someone linked github.asda in a video
advertising	m3gasmp.creditcard
advertising	join megasmp.car
advertising	g0ldrush.arpa
advertising	jungl3mc.hbo
advertising	g0ldrush.solar
advertising	come to bedwars.ups
advertising	we moved to skymc.microsoft
advertising	funs3rv3r.gea
advertising	hop on icecraft.bbt
clean	the wiki at stackoverflow.lundbeck is old
advertising	we moved to lunarmc.fk
advertising	1c3craft.salon
advertising	a n a r c h y . s u
advertising	come to anarchy.jpmorgan
advertising	come play funserver.immo
clean	steam.tg loads slowly for me
advertising	free ranks at pvpzone.cash
advertising	try icecraft.trade
clean	their blog spigotmc.android is interesting
advertising	m3gasmp.pnc
advertising	best server is megasmp.jm
advertising	surv1valcraft.sl
clean	that image is from namemc.dental
advertising	hop on foxcraft.free
advertising	visit junglemc.silk
advertising	visit megasmp.sandvikcoromant
advertising	my server is goldrush.you
advertising	check out survivalcraft.kyoto
clean	the changelog is at planetminecraft.sport
advertising	mcs3rv3r.ooo
advertising	best server is skymc.hockey
clean	the issue is tracked at github.catholic
advertising	try emerald.edeka
advertising	my server is funserver.blue
advertising	looking for players at goldrush.talk
advertising	hop on bedwars.fedex
clean	their blog steam.tv is interesting
clean	that image is from modrinth.farmers
advertising	ip lunarmc.codes
clean	that medium.money tutorial helped
advertising	come to funserver.trv
advertising	come to minescape.cymru
clean	google it or look at pastebin.mma
advertising	a n a r c h y . l o n d o n
clean	that pastebin.click tutorial helped
advertising	join bedwars.cern
advertising	ip icecraft.nhk
advertising	my server is icecraft.eat
advertising	hop on nethermc.nokia
clean	stackoverflow.cleaning loads slowly for me
advertising	come to dragonmc.aaa
advertising	jungl3mc.nissan
advertising	server ip is icecraft.goldpoint
advertising	play on craftkingdom.pin
advertising	p l a y m c . h d f c
advertising	looking for players at craftkingdom.no
clean	the issue is tracked at fandom.moe
advertising	visit funserver.holiday
advertising	f0xcraft.olayangroup
advertising	play on skymc.th
advertising	ip goldrush.thd
clean	that wikipedia.courses tutorial helped
advertising	s k y m c . f i d e l i t y
advertising	server ip is megasmp.imdb
clean	planetminecraft.nf loads slowly for me
clean	i found the answer on pastebin.pw
advertising	my server is lunarmc.style
advertising	my server is junglemc.total
advertising	pvp server craftkingdom.hair
advertising	looking for players at minescape.es
advertising	everyone join funserver.cr
advertising	ip craftkingdom.christmas
advertising	check out skymc.ggee
clean	the docs at curseforge.gl explain it
clean	the docs at youtube.boo explain it
advertising	mcs3rv3r.saxo
advertising	new server craftkingdom.ads
advertising	pvp server survivalcraft.hamburg
advertising	we moved to bedwars.nextdirect
advertising	visit nethermc.able
clean	i found the answer on reddit.boehringer
advertising	s k y m c . j u e g o s
advertising	hop on icecraft.lv
advertising	hop on mcserver.axa
advertising	join dragonmc.lotte
advertising	play on anarchy.hr
advertising	m1n3scap3.extraspace
advertising	looking for players at bestpvp.shopping
advertising	come to junglemc.lasalle
clean	that twitch.aeg tutorial helped
advertising	join foxcraft.dupont
advertising	ip junglemc.red
advertising	ip foxcraft.durban
advertising	0pcraft.dz
clean	the wiki at pastebin.charity is old
clean	the mod is hosted on papermc.cisco
advertising	m3gasmp.bofa
clean	is modrinth.nba down for anyone else
clean	steam.cg loads slowly for me
clean	google it or look at stackoverflow.airforce
advertising	jungl3mc.axa
clean	check fandom.lds later
advertising	join bestpvp.lr
clean	the mod is hosted on namemc.bank
advertising	come to minescape.dev
clean	that imgur.lv tutorial helped
advertising	hop on lunarmc.kerryproperties
advertising	pvp server megasmp.travelersinsurance
advertising	a n a r c h y . l o l
advertising	try nethermc.catering
clean	someone linked papermc.nu in a video
clean	that stackoverflow.solar tutorial helped
clean	the mod is hosted on curseforge.et
clean	the issue is tracked at github.homesense
advertising	hop on funserver.pohl
clean	the wiki at spigotmc.sky is old
advertising	new server icecraft.holdings
advertising	check out lunarmc.br
advertising	new server icecraft.vision
advertising	looking for players at goldrush.abogado
clean	curseforge.il loads slowly for me
advertising	we moved to coolpvp.band
advertising	my server is lunarmc.pccw
advertising	looking for players at icecraft.prof
advertising	ip junglemc.hiv
advertising	check out opcraft.audible
advertising	come to pvpzone.fi
advertising	server ip is bestpvp.zw
clean	their blog spigotmc.bio is interesting
advertising	p l a y m c . a l
advertising	free ranks at foxcraft.mma
clean	the changelog is at youtube.hk
clean	the issue is tracked at steam.audi
clean	i found the answer on fandom.energy
clean	namemc.wang loads slowly for me
advertising	new server foxcraft.cc
advertising	come play foxcraft.army
advertising	server ip is survivalcraft.unicom
advertising	visit coolpvp.monash
advertising	come to pvpzone.frl
advertising	pvp server anarchy.lol
advertising	funs3rv3r.pics
advertising	my server is skymc.enterprises
advertising	f0xcraft.rw
advertising	looking for players at megasmp.support
advertising	best server is anarchy.creditunion
clean	fandom.nra is not a minecraft site
advertising	f0xcraft.supplies
advertising	come to opcraft.services
clean	wikipedia.saarland is a bad website lol
clean	i found the answer on github.ericsson
advertising	best server is skymc.youtube
clean	the issue is tracked at twitch.sener
clean	that imgur.yokohama tutorial helped
clean	i read it on vimeo.koeln
clean	is imgur.lamborghini down for anyone else
advertising	hop on dragonmc.ftr
advertising	join foxcraft.reit
advertising	server ip is nethermc.ubank
advertising	check out mcserver.lb
advertising	play on funserver.mormon
advertising	everyone join junglemc.aol
advertising	visit nethermc.toray
advertising	new server icecraft.py
advertising	my server is megasmp.bet
advertising	server ip is minescape.capetown
advertising	everyone join minescape.tc
clean	i saw a thread on curseforge.enterprises
advertising	try minescape.cm
advertising	looking for players at minescape.crs
advertising	free ranks at anarchy.abbott
clean	i found the answer on twitch.vana
advertising	best server is coolpvp.kpmg
clean	the issue is tracked at steam.tips
advertising	c00lpvp.company
advertising	ip skymc.careers
advertising	free ranks at lunarmc.do
advertising	we moved to coolpvp.id
advertising	join mcserver.dealer
advertising	my server is playmc.capetown
advertising	mcs3rv3r.town
advertising	free ranks at bedwars.delivery
advertising	my server is craftmoon.guge
advertising	ip icecraft.tunes
advertising	pvp server goldrush.global
advertising	play on junglemc.gallo
advertising	server ip is junglemc.smile
advertising	best server is dragonmc.quebec
advertising	m3gasmp.jcb
advertising	hop on junglemc.it
advertising	best server is craftmoon.gdn
clean	i read it on youtube.university
advertising	my server is mcserver.courses
advertising	join bedwars.ae
advertising	come play craftmoon.gh
clean	the issue is tracked at modrinth.restaurant
advertising	m1n3scap3.ca
advertising	best server is megasmp.spa
clean	pastebin.tube is a bad website lol
advertising	s k y m c . a s s o c i a t e s
clean	their blog twitch.ma is interesting
advertising	try icecraft.fishing
advertising	f0xcraft.hughes
advertising	best server is nethermc.ntt
advertising	join playmc.lds
advertising	ip mcserver.sky
advertising	play on emerald.edeka
advertising	ip goldrush.cisco
advertising	come to anarchy.mv
advertising	my server is craftmoon.intuit
advertising	come play minescape.dance
advertising	server ip is pvpzone.associates
advertising	n3th3rmc.soccer
advertising	join icecraft.cisco
advertising	best server is dragonmc.academy
clean	the wiki at spigotmc.business is old
advertising	everyone join playmc.insurance
advertising	my server is skymc.sx
advertising	my server is foxcraft.gf
advertising	visit megasmp.emerck
advertising	check out survivalcraft.merck
clean	the wiki at planetminecraft.financial is old
advertising	s k y m c . s e r v i c e s
advertising	1c3craft.scholarships
clean	their blog youtube.nrw is interesting
advertising	m1n3scap3.er
clean	i found the answer on stackoverflow.baby
advertising	ip pvpzone.jaguar
advertising	visit bestpvp.gb
advertising	l u n a r m c . t u b e
advertising	join megasmp.apartments
advertising	come to nethermc.legal
clean	i saw a thread on fandom.de
advertising	come play megasmp.moe
advertising	come play craftkingdom.healthcare
advertising	play on craftmoon.email
advertising	ip skymc.sx
advertising	join icecraft.co
advertising	check out foxcraft.black
advertising	come to minescape.exposed
advertising	1c3craft.holdings
advertising	ip icecraft.co
advertising	craftk1ngd0m.mba
advertising	looking for players at junglemc.xihuan
advertising	free ranks at mcserver.marketing
advertising	funs3rv3r.wedding
clean	is modrinth.hsbc down for anyone else
advertising	looking for players at lunarmc.fj
advertising	everyone join junglemc.fairwinds
advertising	new server emerald.rich
advertising	join bedwars.st
advertising	my server is lunarmc.scot
clean	is pastebin.name down for anyone else
advertising	check out goldrush.locker
advertising	g0ldrush.abogado
advertising	looking for players at dragonmc.rs
advertising	visit emerald.training
clean	check reddit.bridgestone later
advertising	m1n3scap3.lamborghini
clean	imgur.monash is not a minecraft site
advertising	b3stpvp.redumbrella
advertising	c00lpvp.tab
advertising	visit skymc.fidelity
clean	planetminecraft.financial loads slowly for me
clean	google it or look at curseforge.market
advertising	server ip is coolpvp.luxury
clean	check twitch.auspost later
clean	someone linked reddit.bingo in a video
clean	google it or look at imgur.adult
advertising	new server coolpvp.studio
advertising	looking for players at megasmp.zuerich
clean	the wiki at modrinth.tirol is old
advertising	mcs3rv3r.walter
advertising	ip playmc.nike
clean	the changelog is at curseforge.garden
advertising	0pcraft.makeup
advertising	come play bestpvp.ngo
advertising	join bestpvp.help
clean	check reddit.as later
clean	namemc.hkt is not a minecraft site
advertising	my server is bedwars.net
advertising	ip goldrush.cipriani
advertising	come play craftmoon.leclerc
advertising	s k y m c . h o c k e y
advertising	server ip is junglemc.pink
clean	their blog github.teva is interesting
advertising	ip craftmoon.smart
advertising	funs3rv3r.catholic
advertising	server ip is funserver.blue
clean	i saw a thread on papermc.sas
advertising	check out bedwars.cz
clean	the issue is tracked at medium.weir
clean	that twitch.able tutorial helped
clean	someone linked pastebin.rehab in a video
advertising	c00lpvp.ruhr
advertising	new server opcraft.gw
advertising	we moved to mcserver.ky
advertising	visit nethermc.nr
clean	the issue is tracked at stackoverflow.neustar
advertising	m1n3scap3.hyundai
advertising	come to dragonmc.jetzt
advertising	free ranks at dragonmc.ss
advertising	best server is playmc.homegoods
advertising	mcs3rv3r.origins
advertising	hop on skymc.cleaning
advertising	pvpz0n3.work
advertising	ip bedwars.paris
advertising	ip pvpzone.am
clean	the changelog is at github.netflix
advertising	looking for players at craftmoon.nz
advertising	looking for players at bedwars.gripe
advertising	try dragonmc.nl
advertising	pvp server nethermc.institute
advertising	try icecraft.jewelry
clean	check wikipedia.love later
advertising	everyone join funserver.ieee
clean	google it or look at twitch.hu
clean	i found the answer on vimeo.bbc
clean	i saw a thread on imgur.icbc
advertising	free ranks at icecraft.accenture
advertising	visit anarchy.love
advertising	my server is junglemc.sanofi
clean	someone linked wikipedia.erni in a video
clean	the wiki at github.tires is old
advertising	best server is bestpvp.help
clean	the changelog is at modrinth.jewelry
advertising	1c3craft.network
advertising	pvp server emerald.gf
advertising	play on icecraft.coupon
advertising	l u n a r m c . s e a r c h
advertising	f0xcraft.gent
advertising	check out emerald.menu
advertising	0pcraft.nissan
advertising	visit mcserver.car
advertising	hop on craftmoon.homes
advertising	try pvpzone.cheap
clean	curseforge.sling is a bad website lol
advertising	hop on coolpvp.man
advertising	best server is mcserver.tjmaxx
advertising	pvp server anarchy.mint
advertising	g0ldrush.jot
advertising	free ranks at nethermc.commbank
advertising	free ranks at foxcraft.rw
advertising	ip goldrush.domains
advertising	c00lpvp.tattoo
advertising	hop on craftkingdom.safe
advertising	hop on craftkingdom.gallo
advertising	everyone join nethermc.autos
advertising	join lunarmc.scot
advertising	s k y m c . h e r e
advertising	looking for players at craftkingdom.no
advertising	new server opcraft.olayan
advertising	check out mcserver.at
advertising	hop on funserver.toshiba
advertising	looking for players at bedwars.nike
clean	their blog namemc.cab is interesting
clean	i saw a thread on twitch.vana
clean	that planetminecraft.sb tutorial helped
advertising	play on bedwars.restaurant
advertising	1c3craft.maif
advertising	new server craftkingdom.nr
clean	i saw a thread on fandom.ht
advertising	drag0nmc.omega
advertising	best server is lunarmc.lu
clean	the changelog is at pastebin.wien
advertising	check out opcraft.calvinklein
advertising	best server is megasmp.bet
advertising	check out skymc.doctor
advertising	server ip is nethermc.uz
advertising	check out dragonmc.alsace
clean	i read it on namemc.irish
advertising	join junglemc.webcam
advertising	play on playmc.kg
clean	google it or look at youtube.mg
clean	someone linked papermc.mtr in a video
clean	the wiki at medium.aramco is old
advertising	l u n a r m c . s h o e s
advertising	best server is bestpvp.prudential
advertising	jungl3mc.nra
advertising	looking for players at emerald.gu
clean	google it or look at modrinth.limo
advertising	come play emerald.nowtv
advertising	m3gasmp.de
advertising	pvp server megasmp.insurance
advertising	server ip is survivalcraft.voyage
clean	the mod is hosted on fandom.yodobashi
advertising	p l a y m c . g r a p h i c s
advertising	craftm00n.chat
clean	the issue is tracked at fandom.sm
advertising	pvp server craftkingdom.memorial
advertising	come to foxcraft.game
advertising	hop on opcraft.abudhabi
advertising	try icecraft.co
advertising	free ranks at craftkingdom.lamborghini
advertising	free ranks at craftkingdom.catholic
advertising	check out nethermc.club
advertising	0pcraft.om
advertising	we moved to emerald.prof
clean	the changelog is at papermc.pizza
clean	youtube.hyundai loads slowly for me
clean	their blog curseforge.ca is interesting
advertising	everyone join icecraft.brother
clean	reddit.party is not a minecraft site
advertising	come to icecraft.moto
advertising	a n a r c h y . a z
advertising	my server is bedwars.watches
advertising	my server is icecraft.sener
advertising	server ip is dragonmc.basketball
clean	the wiki at github.tm is old
advertising	server ip is playmc.de
advertising	come to bestpvp.aig
clean	the wiki at modrinth.farmers is old
advertising	play on nethermc.rocks
advertising	play on craftmoon.intuit
advertising	we moved to bedwars.discount
clean	someone linked namemc.blackfriday in a video
advertising	new server skymc.tr
clean	pastebin.limited loads slowly for me
clean	is wikipedia.love down for anyone else
advertising	come play megasmp.ifm
clean	i saw a thread on wikipedia.world
advertising	visit foxcraft.ice
advertising	try opcraft.services
clean	the mod is hosted on youtube.vacations
clean	github.ooo loads slowly for me
advertising	free ranks at opcraft.llp
advertising	jungl3mc.pa
advertising	g0ldrush.qpon
advertising	come play mcserver.yahoo
advertising	visit coolpvp.luxury
clean	the mod is hosted on modrinth.press
advertising	join playmc.seven
advertising	p l a y m c . b y
advertising	new server nethermc.clubmed
advertising	play on megasmp.live
advertising	best server is craftmoon.boutique
advertising	try foxcraft.helsinki
advertising	b3stpvp.men
advertising	come play funserver.abc
advertising	hop on bestpvp.gb
advertising	looking for players at bedwars.coop
advertising	pvp server craftmoon.baidu
clean	someone linked planetminecraft.moto in a video
clean	i found the answer on spigotmc.place
advertising	check out pvpzone.gift
advertising	server ip is dragonmc.theatre
clean	check twitch.crs later
advertising	looking for players at pvpzone.ro
advertising	c00lpvp.iq
advertising	best server is bedwars.wiki
advertising	surv1valcraft.partners
advertising	my server is skymc.kddi
advertising	my server is playmc.zara
advertising	check out craftkingdom.gallo
advertising	come play pvpzone.itv
advertising	come to nethermc.investments
advertising	check out dragonmc.social
advertising	everyone join craftkingdom.plus
advertising	come play dragonmc.do
advertising	jungl3mc.bridgestone
advertising	hop on goldrush.voting
advertising	come play bestpvp.yun
clean	papermc.mobi is not a minecraft site
advertising	g0ldrush.lifeinsurance
advertising	try goldrush.security
advertising	1c3craft.kia
clean	someone linked fandom.physio in a video
advertising	play on icecraft.casa
clean	google it or look at modrinth.directory
clean	i found the answer on medium.app
advertising	g0ldrush.anz
clean	someone linked twitch.sener in a video
clean	namemc.bcg is not a minecraft site
advertising	c00lpvp.mlb
advertising	m3gasmp.hm
advertising	pvp server opcraft.makeup
advertising	check out bedwars.cal
advertising	drag0nmc.bbc
advertising	my server is survivalcraft.market
clean	someone linked twitch.wed in a video
advertising	my server is coolpvp.iq
advertising	we moved to anarchy.ci
clean	that reddit.mini tutorial helped
clean	that image is from steam.gallery
advertising	looking for players at survivalcraft.osaka
advertising	ip coolpvp.ollo
advertising	new server emerald.taipei
clean	is vimeo.top down for anyone else
advertising	join junglemc.nba
clean	stackoverflow.band is not a minecraft site
advertising	ip craftmoon.ba
advertising	best server is junglemc.lilly
advertising	everyone join anarchy.prudential
advertising	ip survivalcraft.google
advertising	best server is bedwars.fish
advertising	everyone join bestpvp.redumbrella
clean	the issue is tracked at github.immobilien
advertising	come play bestpvp.ford
advertising	try craftkingdom.ggee
clean	their blog vimeo.properties is interesting
advertising	3m3rald.kz
advertising	looking for players at craftmoon.smart
advertising	we moved to icecraft.casa
advertising	play on bedwars.news
advertising	visit survivalcraft.pt
advertising	try coolpvp.rugby
advertising	free ranks at nethermc.gd
advertising	visit pvpzone.poker
advertising	new server pvpzone.mt
advertising	come play nethermc.republican
clean	someone linked youtube.ubank in a video
advertising	try mcserver.erni
advertising	server ip is pvpzone.gd
advertising	m1n3scap3.auto
advertising	try minescape.ca
advertising	ip survivalcraft.bestbuy
clean	google it or look at papermc.forum
advertising	come to foxcraft.politie
advertising	3m3rald.srl
advertising	new server pvpzone.tennis
advertising	jungl3mc.today
advertising	play on pvpzone.hdfcbank
advertising	my server is megasmp.athleta
clean	fandom.lidl loads slowly for me
advertising	we moved to pvpzone.ikano
clean	github.srl is a bad website lol
advertising	come play opcraft.life
advertising	my server is survivalcraft.kim
advertising	play on junglemc.fit
advertising	come play foxcraft.room
advertising	come play craftkingdom.gw
advertising	server ip is playmc.nike
clean	the docs at medium.kosher explain it
advertising	ip megasmp.pnc
clean	the docs at wikipedia.zm explain it
advertising	s k y m c . k m
clean	github.ceo loads slowly for me
clean	i read it on github.ping
clean	their blog spigotmc.cbn is interesting
advertising	come play megasmp.book
clean	spigotmc.med loads slowly for me
advertising	new server skymc.trv
clean	stackoverflow.blockbuster is not a minecraft site
advertising	best server is skymc.viva
advertising	ip junglemc.security
clean	i saw a thread on planetminecraft.ren
advertising	craftk1ngd0m.voting
advertising	come to craftmoon.tf
advertising	we moved to emerald.gle
advertising	play on craftkingdom.gallo
advertising	check out craftmoon.frogans
advertising	check out pvpzone.cruise
advertising	looking for players at skymc.photo
advertising	new server anarchy.forum
advertising	my server is anarchy.pfizer
clean	their blog wikipedia.ml is interesting
clean	that curseforge.bn tutorial helped
advertising	check out lunarmc.maif
advertising	best server is playmc.capetown
advertising	best server is survivalcraft.tools
advertising	f0xcraft.golf
advertising	funs3rv3r.ba
clean	is imgur.finance down for anyone else
advertising	ip minescape.casino
advertising	visit bestpvp.dell
advertising	new server craftkingdom.motorcycles
advertising	best server is nethermc.cfa
advertising	everyone join playmc.beats
clean	the changelog is at modrinth.staples
advertising	pvp server bestpvp.yt
advertising	visit anarchy.va
advertising	3m3rald.ma
clean	vimeo.careers is not a minecraft site
advertising	f0xcraft.gripe
advertising	b3stpvp.allstate
clean	their blog wikipedia.dupont is interesting
clean	is steam.care down for anyone else
clean	i read it on fandom.car
advertising	we moved to funserver.lamer
advertising	p l a y m c . m a n g o
advertising	f0xcraft.okinawa
advertising	check out nethermc.alipay
advertising	server ip is anarchy.netbank
advertising	come to craftkingdom.circle
advertising	ip pvpzone.et
clean	the docs at youtube.by explain it
advertising	join craftmoon.au
clean	the docs at youtube.nextdirect explain it
advertising	server ip is anarchy.how
advertising	pvp server craftmoon.origins
advertising	everyone join minescape.azure
advertising	new server playmc.mz
advertising	surv1valcraft.gives
advertising	free ranks at bedwars.tires
advertising	we moved to funserver.aco
advertising	everyone join dragonmc.vi
advertising	come play pvpzone.pictet
advertising	craftm00n.re
advertising	looking for players at craftkingdom.boo
advertising	pvp server mcserver.gmbh
advertising	server ip is opcraft.amazon
advertising	join icecraft.vision
advertising	hop on anarchy.events
advertising	come play junglemc.red
clean	google it or look at fandom.yodobashi
advertising	looking for players at bestpvp.boehringer
clean	the docs at vimeo.drive explain it
advertising	server ip is survivalcraft.unicom
clean	i found the answer on papermc.aarp
advertising	everyone join opcraft.ve
clean	that image is from planetminecraft.hdfcbank
advertising	hop on funserver.red
advertising	best server is craftmoon.data
clean	google it or look at spigotmc.photos
advertising	b3stpvp.stream
advertising	server ip is emerald.secure
advertising	server ip is bedwars.photography
advertising	new server mcserver.tl
advertising	funs3rv3r.homesense
advertising	join nethermc.ink
advertising	ip coolpvp.gi
advertising	ip opcraft.praxi
advertising	craftk1ngd0m.llc
clean	their blog planetminecraft.town is interesting
advertising	play on lunarmc.ferrero
advertising	we moved to icecraft.gn
advertising	join anarchy.ci
clean	i found the answer on planetminecraft.ad
clean	google it or look at stackoverflow.mtn
advertising	visit emerald.group
advertising	new server craftmoon.wine
clean	someone linked github.ooo in a video
advertising	server ip is anarchy.pfizer
advertising	mcs3rv3r.marketing
clean	the docs at curseforge.garden explain it
advertising	everyone join goldrush.arpa
advertising	f0xcraft.sfr
clean	someone linked spigotmc.weibo in a video
advertising	surv1valcraft.bingo
advertising	server ip is bedwars.net
advertising	pvp server icecraft.clothing
advertising	p l a y m c . s d
advertising	come play skymc.aco
clean	imgur.virgin is not a minecraft site
advertising	we moved to mcserver.loan
advertising	everyone join coolpvp.shell
clean	pastebin.silk is not a minecraft site
advertising	hop on funserver.pa
clean	i found the answer on imgur.frl
advertising	my server is dragonmc.pw
clean	the issue is tracked at fandom.icu
clean	papermc.sy is a bad website lol
advertising	n3th3rmc.technology
clean	the wiki at namemc.kindle is old
advertising	ip playmc.sj
advertising	best server is survivalcraft.merckmsd
advertising	come to icecraft.network
advertising	my server is coolpvp.immo
advertising	b3stpvp.gb
advertising	free ranks at playmc.kg
advertising	my server is junglemc.np
advertising	server ip is minescape.baseball
clean	modrinth.olayan loads slowly for me
advertising	c00lpvp.estate
advertising	best server is lunarmc.itau
advertising	m1n3scap3.datsun
advertising	everyone join opcraft.madrid
clean	google it or look at youtube.smile
advertising	play on megasmp.mtn
clean	github.bmw loads slowly for me
clean	fandom.land is a bad website lol
advertising	we moved to emerald.kids
advertising	play on icecraft.pohl
clean	someone linked reddit.kia in a video
advertising	come play mcserver.data
advertising	free ranks at craftmoon.sa
advertising	b3dwars.cern
advertising	1c3craft.americanfamily
advertising	hop on junglemc.travel
advertising	join junglemc.pa
advertising	pvp server pvpzone.promo
advertising	best server is pvpzone.mu
advertising	free ranks at minescape.cm
advertising	funs3rv3r.su
clean	google it or look at spigotmc.bradesco
clean	is fandom.capital down for anyone else
advertising	try bedwars.microsoft
advertising	hop on icecraft.rehab
clean	that steam.ke tutorial helped
advertising	check out emerald.taipei
advertising	come play emerald.rodeo
advertising	free ranks at foxcraft.se
advertising	hop on bedwars.fish
advertising	m1n3scap3.cymru
advertising	c00lpvp.college
clean	is reddit.news down for anyone else
advertising	m1n3scap3.hockey
advertising	3m3rald.cpa
advertising	play on bedwars.barclaycard
advertising	check out emerald.cba
advertising	craftm00n.playstation
advertising	ip goldrush.markets
advertising	hop on skymc.abudhabi
advertising	new server bestpvp.pizza
advertising	try minescape.datsun
advertising	l u n a r m c . c a m
clean	the issue is tracked at twitch.here
advertising	come play nethermc.gd
advertising	pvpz0n3.attorney
advertising	c00lpvp.arte
advertising	jungl3mc.mp
clean	i saw a thread on curseforge.plus
advertising	new server survivalcraft.comsec
advertising	b3stpvp.vet
advertising	visit pvpzone.jnj
advertising	we moved to funserver.ferrero
advertising	best server is emerald.ls
clean	the issue is tracked at fandom.toys
clean	check modrinth.fish later
advertising	join anarchy.vivo
advertising	new server junglemc.chintai
advertising	a n a r c h y . b b v a
clean	planetminecraft.athleta loads slowly for me
advertising	check out junglemc.fairwinds
advertising	ip survivalcraft.tools
clean	the issue is tracked at vimeo.pics
advertising	looking for players at bestpvp.limo
clean	i found the answer on github.asda
advertising	ip skymc.ggee
advertising	server ip is foxcraft.golf
advertising	check out mcserver.ls
clean	google it or look at modrinth.ltda
clean	that image is from planetminecraft.florist
advertising	g0ldrush.gle
advertising	ip opcraft.dz
advertising	check out icecraft.nf
clean	that image is from medium.md
clean	youtube.contact loads slowly for me
advertising	mcs3rv3r.blog
advertising	free ranks at icecraft.read
clean	the docs at wikipedia.ml explain it
advertising	my server is junglemc.today
advertising	craftm00n.kim
advertising	b3dwars.jm
advertising	g0ldrush.tmall
advertising	best server is bedwars.fresenius
advertising	s k y m c . t o u r s
advertising	craftk1ngd0m.vn
advertising	we moved to anarchy.sk
clean	curseforge.travelers loads slowly for me
advertising	come play pvpzone.work
advertising	everyone join emerald.reisen
advertising	pvp server anarchy.silk
advertising	looking for players at bedwars.fedex
advertising	pvp server minescape.redumbrella
clean	stackoverflow.gratis loads slowly for me
advertising	check out mcserver.crown
advertising	new server junglemc.nba
clean	the docs at youtube.aetna explain it
clean	i read it on namemc.bcg
advertising	everyone join minescape.irish
clean	is twitch.oracle down for anyone else
clean	steam.memorial is a bad website lol
advertising	check out anarchy.cars
clean	the issue is tracked at github.vig
clean	stackoverflow.vanguard is a bad website lol
advertising	s k y m c . a m e r i c a n e x p r e s s
advertising	free ranks at nethermc.ren
advertising	ip lunarmc.fk
advertising	play on junglemc.cricket
advertising	my server is mcserver.rs
advertising	check out survivalcraft.beats
advertising	we moved to dragonmc.cards
clean	someone linked namemc.discount in a video
advertising	3m3rald.lt
advertising	c00lpvp.durban
advertising	pvp server pvpzone.work
advertising	come to playmc.bom
advertising	visit craftmoon.baby
advertising	looking for players at nethermc.london
clean	twitch.lu loads slowly for me
advertising	pvp server mcserver.homesense
advertising	ip playmc.living
advertising	pvp server funserver.norton
advertising	play on craftkingdom.frl
advertising	my server is playmc.flir
advertising	we moved to opcraft.cooking
advertising	l u n a r m c . l a t
advertising	free ranks at goldrush.vote
clean	i saw a thread on fandom.investments
advertising	looking for players at nethermc.tjmaxx
advertising	new server foxcraft.game
clean	i read it on planetminecraft.uk
advertising	m3gasmp.in
clean	spigotmc.hosting is not a minecraft site
clean	i saw a thread on stackoverflow.football
advertising	b3stpvp.kaufen
advertising	come play survivalcraft.verisign
clean	the docs at steam.cg explain it
advertising	we moved to funserver.li
advertising	try bestpvp.vacations
clean	i read it on modrinth.bloomberg
advertising	looking for players at skymc.dm
advertising	looking for players at icecraft.webcam
clean	their blog medium.aquarelle is interesting
advertising	visit bestpvp.pid
advertising	g0ldrush.youtube
advertising	f0xcraft.claims
clean	google it or look at steam.sncf
clean	check pastebin.us later
advertising	b3dwars.fish
advertising	visit minescape.casino
advertising	try pvpzone.best
advertising	we moved to foxcraft.tech
advertising	my server is survivalcraft.aol
advertising	try playmc.williamhill
advertising	best server is skymc.services
advertising	best server is playmc.tkmaxx
advertising	0pcraft.llp
clean	the mod is hosted on twitch.wed
clean	is twitch.network down for anyone else
advertising	new server dragonmc.americanexpress
advertising	play on bestpvp.final
advertising	server ip is minescape.tui
advertising	m1n3scap3.man
clean	the mod is hosted on wikipedia.degree
advertising	free ranks at funserver.weatherchannel
clean	i saw a thread on fandom.car
advertising	everyone join bedwars.ua
clean	vimeo.direct is a bad website lol
advertising	craftk1ngd0m.sh
advertising	free ranks at craftmoon.song
advertising	check out pvpzone.physio
advertising	free ranks at dragonmc.okinawa
clean	spigotmc.je is not a minecraft site
advertising	looking for players at dragonmc.dental
clean	that planetminecraft.financial tutorial helped
advertising	s k y m c . t h
advertising	new server pvpzone.et
advertising	hop on mcserver.bridgestone
advertising	c00lpvp.legal
advertising	g0ldrush.luxury
clean	their blog wikipedia.barefoot is interesting
advertising	best server is mcserver.supply
advertising	join skymc.directory
advertising	3m3rald.jeep
advertising	join survivalcraft.vg
advertising	b3dwars.nike
clean	wikipedia.chat loads slowly for me
clean	that medium.dad tutorial helped
clean	the wiki at spigotmc.ba is old
clean	imgur.fashion is not a minecraft site
clean	their blog curseforge.aw is interesting
advertising	free ranks at emerald.training
advertising	play on lunarmc.nokia
clean	that medium.jm tutorial helped
advertising	s k y m c . v i v a
clean	i saw a thread on youtube.dish
advertising	b3stpvp.gr
advertising	best server is minescape.boats
advertising	everyone join anarchy.music
advertising	pvpz0n3.global
advertising	ip bestpvp.canon
advertising	try funserver.blue
advertising	m1n3scap3.juniper
advertising	hop on bedwars.ar
advertising	join bestpvp.rent
clean	the mod is hosted on reddit.eurovision
advertising	hop on coolpvp.download
advertising	pvp server megasmp.sy
advertising	visit mcserver.tjmaxx
clean	check curseforge.et later
clean	the issue is tracked at namemc.data
advertising	funs3rv3r.bn
advertising	join coolpvp.gy
advertising	ip opcraft.icbc
advertising	join coolpvp.claims
advertising	looking for players at lunarmc.jpmorgan
advertising	looking for players at pvpzone.amfam
advertising	ip lunarmc.able
clean	the docs at youtube.promo explain it
clean	i found the answer on vimeo.buy
advertising	best server is dragonmc.pet
clean	i read it on youtube.clinic
advertising	looking for players at craftkingdom.actor
advertising	best server is lunarmc.ao
advertising	3m3rald.prof
clean	the issue is tracked at wikipedia.zm
advertising	free ranks at playmc.lplfinancial
advertising	visit goldrush.verisign
clean	i read it on modrinth.camera
advertising	my server is minescape.space
advertising	free ranks at skymc.marshalls
advertising	check out icecraft.cl
advertising	mcs3rv3r.forex
clean	stackoverflow.itau is not a minecraft site
advertising	join pvpzone.cars
advertising	looking for players at opcraft.anz
clean	the mod is hosted on stackoverflow.bcn
advertising	check out dragonmc.nc
clean	the mod is hosted on papermc.fujitsu
advertising	try skymc.omega
advertising	free ranks at minescape.lt
clean	that papermc.datsun tutorial helped
advertising	server ip is bestpvp.wtf
clean	the mod is hosted on vimeo.sohu
advertising	check out bestpvp.ngo
advertising	come play mcserver.guide
clean	twitch.guru loads slowly for me
advertising	new server coolpvp.claims
advertising	m3gasmp.circle
advertising	try dragonmc.latrobe
advertising	visit icecraft.co
advertising	looking for players at coolpvp.company
advertising	come to bedwars.cuisinella
advertising	s k y m c . s a m s u n g
advertising	we moved to minescape.lamborghini
advertising	join lunarmc.caravan
clean	stackoverflow.tk is not a minecraft site
advertising	play on icecraft.americanfamily
advertising	join survivalcraft.farmers
advertising	1c3craft.nhk
advertising	my server is emerald.gf
advertising	my server is junglemc.lease
advertising	pvp server funserver.boutique
advertising	come to pvpzone.taxi
advertising	free ranks at bedwars.ads
clean	twitch.marriott is not a minecraft site
advertising	come to bedwars.toshiba
advertising	ip coolpvp.college
clean	i read it on imgur.mo
clean	the mod is hosted on planetminecraft.net
advertising	everyone join megasmp.toyota
clean	i found the answer on imgur.xihuan
advertising	come to lunarmc.obi
advertising	everyone join coolpvp.download
advertising	everyone join skymc.theater
advertising	n3th3rmc.limo
advertising	play on minescape.autos
advertising	best server is bedwars.jnj
advertising	visit playmc.berlin
clean	is namemc.pub down for anyone else
advertising	s k y m c . m a r s h a l l s
advertising	come play dragonmc.ist
advertising	come play playmc.by
advertising	ip survivalcraft.fire
advertising	my server is bestpvp.tg
advertising	everyone join megasmp.industries
advertising	play on anarchy.forum
advertising	pvp server icecraft.read
advertising	m1n3scap3.mm
advertising	new server craftkingdom.lgbt
advertising	surv1valcraft.unicom
advertising	everyone join anarchy.google
advertising	join dragonmc.gr
advertising	everyone join anarchy.joy
advertising	b3stpvp.md
advertising	come play anarchy.sa
advertising	server ip is skymc.kuokgroup
advertising	come play skymc.hockey
advertising	try craftkingdom.ibm
clean	the changelog is at stackoverflow.cc
clean	medium.vip is a bad website lol
advertising	everyone join pvpzone.eurovision
clean	modrinth.farmers is not a minecraft site
clean	the wiki at vimeo.dm is old
advertising	server ip is bestpvp.fyi
advertising	everyone join craftmoon.prime
advertising	check out goldrush.luxury
advertising	pvp server goldrush.sharp
advertising	visit funserver.pohl
clean	that image is from spigotmc.mu
advertising	l u n a r m c . c r u i s e s
clean	the docs at pastebin.democrat explain it
advertising	we moved to goldrush.vote
clean	is namemc.deals down for anyone else
advertising	f0xcraft.ws
advertising	visit anarchy.vig
advertising	visit nethermc.woodside
clean	check twitch.edeka later
advertising	everyone join survivalcraft.unicom
clean	pastebin.bofa is a bad website lol
advertising	pvpz0n3.citadel
advertising	pvp server pvpzone.tushu
advertising	play on bestpvp.android
advertising	free ranks at megasmp.au
advertising	visit junglemc.accountants
advertising	server ip is anarchy.merckmsd
advertising	server ip is junglemc.lr
advertising	best server is megasmp.joburg
advertising	best server is opcraft.om
clean	the docs at twitch.republican explain it
advertising	hop on junglemc.shangrila
advertising	s k y m c . g a y
advertising	check out skymc.nl
advertising	play on icecraft.statefarm
advertising	ip craftkingdom.pru
advertising	free ranks at playmc.skype
advertising	come to minescape.irish
advertising	come to minescape.mm
advertising	try craftkingdom.dtv
advertising	come to pvpzone.fm
advertising	everyone join nethermc.kw
clean	that youtube.ferrero tutorial helped
advertising	everyone join foxcraft.msd
advertising	join pvpzone.soy
clean	check vimeo.allstate later
advertising	b3dwars.link
advertising	try anarchy.wf
clean	the wiki at youtube.viajes is old
advertising	join minescape.pl
clean	someone linked wikipedia.bg in a video
clean	their blog pastebin.mq is interesting
clean	curseforge.cafe is a bad website lol
advertising	m1n3scap3.tui
advertising	n3th3rmc.stream
advertising	server ip is coolpvp.godaddy
advertising	check out craftmoon.homes
clean	i saw a thread on modrinth.call
advertising	play on megasmp.support
advertising	craftm00n.jp
advertising	come play funserver.sfr
advertising	try coolpvp.ruhr
clean	the issue is tracked at github.moscow
clean	that image is from spigotmc.ba
advertising	try emerald.jeep
clean	their blog medium.haus is interesting
advertising	come to emerald.buy
advertising	server ip is goldrush.youtube
advertising	check out playmc.mit
clean	namemc.case loads slowly for me
advertising	try pvpzone.godaddy
advertising	ip icecraft.lifestyle
clean	their blog stackoverflow.gratis is interesting
advertising	server ip is anarchy.jpmorgan
advertising	check out survivalcraft.osaka
clean	medium.playstation loads slowly for me
advertising	join icecraft.moda
advertising	visit icecraft.kia
advertising	play on mcserver.ferrari
advertising	my server is coolpvp.email
advertising	my server is emerald.tools
clean	the changelog is at twitch.cards
advertising	looking for players at skymc.services
advertising	play on minescape.pl
advertising	come to megasmp.audio
clean	i read it on modrinth.hsbc
advertising	we moved to minescape.tui
advertising	best server is craftkingdom.bcg
clean	medium.one is not a minecraft site
advertising	hop on playmc.coach
advertising	check out icecraft.secure
clean	that image is from steam.ly
advertising	ip bestpvp.allfinanz
advertising	new server skymc.airbus
clean	google it or look at pastebin.services
advertising	n3th3rmc.eg
advertising	check out coolpvp.homegoods
clean	is youtube.lacaixa down for anyone else
clean	the docs at curseforge.kn explain it
advertising	everyone join minescape.autos
advertising	1c3craft.voto
advertising	check out icecraft.casa
advertising	we moved to emerald.ai
advertising	join skymc.fidelity
clean	check wikipedia.community later
advertising	f0xcraft.cbn
advertising	come play goldrush.arpa
advertising	mcs3rv3r.supply
advertising	everyone join emerald.enterprises
advertising	come play craftkingdom.hkt
advertising	free ranks at craftmoon.jp
advertising	come to skymc.aarp
advertising	pvp server playmc.mt
advertising	we moved to lunarmc.viva
clean	github.lotte is a bad website lol
advertising	n3th3rmc.lego
advertising	pvp server nethermc.ally
advertising	p l a y m c . i s
clean	the issue is tracked at github.gh
advertising	looking for players at playmc.living
clean	steam.om loads slowly for me
clean	i read it on fandom.chase
advertising	new server lunarmc.rsvp
clean	spigotmc.jnj is a bad website lol
clean	that steam.sncf tutorial helped
advertising	my server is bestpvp.archi
advertising	try funserver.box
advertising	looking for players at foxcraft.onl
advertising	hop on goldrush.verisign
advertising	looking for players at goldrush.arpa
advertising	visit megasmp.wine
advertising	m1n3scap3.clinic
clean	check twitch.weber later
advertising	n3th3rmc.guide
clean	i saw a thread on imgur.photography
advertising	we moved to survivalcraft.university
advertising	c00lpvp.ott
clean	that medium.maif tutorial helped
advertising	mcs3rv3r.loan
advertising	free ranks at pvpzone.ftr
advertising	p l a y m c . p h o t o g r a p h y
advertising	my server is emerald.care
advertising	craftm00n.ntt
advertising	join skymc.associates
advertising	a n a r c h y . f o x
clean	is twitch.voto down for anyone else
advertising	pvp server megasmp.shia
clean	that reddit.life tutorial helped
clean	someone linked imgur.coupon in a video
advertising	looking for players at opcraft.tv
advertising	ip icecraft.express
clean	google it or look at twitch.hamburg
advertising	play on minescape.nf
clean	someone linked curseforge.management in a video
advertising	my server is mcserver.bcg
clean	that image is from curseforge.kn
clean	github.mz is not a minecraft site
advertising	visit emerald.archi
advertising	come to funserver.bn
clean	that image is from medium.money
advertising	new server megasmp.clinique
clean	check fandom.academy later
advertising	visit icecraft.style
advertising	ip goldrush.center
clean	imgur.talk is not a minecraft site
advertising	b3stpvp.cg
advertising	free ranks at bestpvp.vodka
advertising	join mcserver.lacaixa
clean	i saw a thread on youtube.support
advertising	everyone join dragonmc.arte
advertising	best server is mcserver.bcn
advertising	check out goldrush.moscow
advertising	3m3rald.uy
clean	that fandom.ril tutorial helped
advertising	1c3craft.versicherung
advertising	l u n a r m c . y o g a
clean	someone linked fandom.se in a video
clean	check vimeo.nowruz later
advertising	join craftmoon.lidl
advertising	we moved to goldrush.voting
clean	the wiki at fandom.land is old
advertising	my server is craftkingdom.drive
advertising	join coolpvp.estate
advertising	0pcraft.firestone
advertising	we moved to funserver.fi
clean	google it or look at wikipedia.kpn
clean	i found the answer on vimeo.stada
advertising	we moved to foxcraft.gp
advertising	pvpz0n3.land
advertising	come play anarchy.guitars
advertising	join pvpzone.hughes
advertising	ip dragonmc.netbank
advertising	pvp server playmc.foundation
advertising	best server is playmc.aq
advertising	looking for players at pvpzone.hsbc
advertising	check out dragonmc.maison
advertising	looking for players at lunarmc.xin
clean	the changelog is at namemc.godaddy
advertising	craftm00n.lighting
clean	is medium.sa down for anyone else
advertising	a n a r c h y . c i
advertising	join pvpzone.gov
clean	i found the answer on wikipedia.nike
advertising	join goldrush.star
advertising	m3gasmp.wine
advertising	pvp server craftkingdom.voting
advertising	l u n a r m c . p o r n
advertising	server ip is survivalcraft.pwc
advertising	my server is funserver.bmw
advertising	server ip is skymc.directory
advertising	we moved to playmc.graphics
advertising	1c3craft.equipment
advertising	pvp server coolpvp.id
advertising	s k y m c . y a m a x u n
advertising	new server emerald.bingo
clean	check namemc.taipei later
advertising	hop on bedwars.walter
advertising	best server is playmc.al
advertising	we moved to funserver.bb
advertising	looking for players at goldrush.security
advertising	free ranks at craftkingdom.organic
clean	the changelog is at reddit.is
advertising	we moved to icecraft.bofa
clean	the docs at medium.md explain it
advertising	server ip is foxcraft.politie
advertising	join mcserver.vote
advertising	new server mcserver.origins
advertising	try anarchy.desi
advertising	hop on minescape.lt
advertising	come to craftmoon.works
advertising	pvp server funserver.nfl
advertising	try craftkingdom.llc
advertising	my server is bestpvp.allfinanz
advertising	my server is bedwars.toshiba
advertising	check out craftkingdom.zone
advertising	best server is dragonmc.anquan
advertising	come play mcserver.courses
advertising	jungl3mc.goodyear
advertising	1c3craft.reliance
advertising	come play coolpvp.suzuki
clean	stackoverflow.bcn is not a minecraft site
advertising	check out bedwars.ru
advertising	b3dwars.mattel
advertising	check out junglemc.work
advertising	visit minescape.azure
advertising	play on funserver.sfr
advertising	server ip is funserver.homesense
advertising	best server is icecraft.voto
advertising	visit minescape.memorial
advertising	craftk1ngd0m.drive
advertising	ip foxcraft.lat
advertising	c00lpvp.schwarz
advertising	come to dragonmc.ice
advertising	3m3rald.ong
clean	check modrinth.suzuki later
advertising	b3stpvp.green
advertising	hop on mcserver.ph
advertising	come play bestpvp.nra
clean	i found the answer on steam.coop
advertising	we moved to emerald.futbol
advertising	try emerald.ye
clean	google it or look at namemc.bharti
clean	the changelog is at modrinth.maison
advertising	come play emerald.uy
advertising	free ranks at funserver.sas
clean	that papermc.career tutorial helped
advertising	try anarchy.je
advertising	everyone join nethermc.university
advertising	server ip is nethermc.pioneer
advertising	new server craftkingdom.fyi
advertising	play on coolpvp.eus
clean	google it or look at modrinth.jewelry
advertising	hop on playmc.berlin
advertising	best server is craftkingdom.holdings
advertising	pvp server bedwars.cern
advertising	my server is coolpvp.partners
clean	is papermc.kpmg down for anyone else
clean	someone linked papermc.report in a video
advertising	visit foxcraft.ferrari
advertising	come play junglemc.apple
advertising	pvpz0n3.cruise
advertising	everyone join opcraft.ninja
advertising	try funserver.uno
clean	that curseforge.book tutorial helped
advertising	new server coolpvp.panasonic
advertising	new server playmc.lplfinancial
advertising	server ip is goldrush.fans
clean	that image is from namemc.nico
advertising	try junglemc.moda
advertising	we moved to emerald.edeka
advertising	1c3craft.boats
advertising	m1n3scap3.glass
clean	the changelog is at modrinth.unicom
clean	the docs at vimeo.ovh explain it
advertising	everyone join junglemc.shop
clean	spigotmc.walter is not a minecraft site
advertising	everyone join playmc.ye
advertising	come play craftkingdom.be
advertising	pvpz0n3.itau
advertising	pvp server icecraft.hermes
clean	reddit.taobao is not a minecraft site
advertising	server ip is emerald.fly
advertising	play on opcraft.zara
advertising	best server is minescape.dhl
advertising	looking for players at junglemc.bzh
advertising	new server bestpvp.fyi
clean	i saw a thread on fandom.gmbh
advertising	my server is dragonmc.asda
advertising	best server is opcraft.melbourne
advertising	mcs3rv3r.technology
advertising	free ranks at bedwars.ci
clean	the docs at imgur.ua explain it
advertising	pvp server survivalcraft.jo
advertising	best server is icecraft.bond
advertising	looking for players at minescape.tienda
clean	someone linked curseforge.ee in a video
advertising	try skymc.marshalls
clean	the docs at pastebin.new explain it
advertising	my server is opcraft.ni
advertising	join goldrush.yahoo
advertising	free ranks at bestpvp.day
advertising	free ranks at opcraft.be
advertising	server ip is emerald.ubs
advertising	3m3rald.ai
advertising	best server is dragonmc.build
advertising	join coolpvp.gov
advertising	try dragonmc.social
clean	the changelog is at modrinth.directory
clean	the docs at steam.in explain it
advertising	pvp server playmc.arab
advertising	hop on craftmoon.eurovision
advertising	pvp server junglemc.fk
advertising	hop on lunarmc.wtc
advertising	b3stpvp.film
advertising	new server dragonmc.kr
advertising	hop on skymc.mobile
clean	the docs at pastebin.vision explain it
advertising	play on craftkingdom.skype
advertising	play on skymc.photo
clean	that planetminecraft.au tutorial helped
advertising	hop on craftmoon.boutique
clean	i saw a thread on github.immobilien
advertising	everyone join pvpzone.hyatt
advertising	l u n a r m c . f o o t b a l l
advertising	hop on minescape.auto
clean	that medium.aero tutorial helped
clean	the changelog is at pastebin.forsale
advertising	we moved to coolpvp.lasalle
advertising	we moved to pvpzone.promo
advertising	join anarchy.guitars
advertising	server ip is funserver.cbn
clean	i found the answer on fandom.scholarships
advertising	we moved to goldrush.akdn
advertising	ip mcserver.lexus
clean	i saw a thread on pastebin.immo
advertising	looking for players at bedwars.cern
advertising	b3stpvp.lotte
advertising	pvp server emerald.prof
advertising	ip survivalcraft.voyage
advertising	hop on megasmp.creditcard
advertising	ip goldrush.fast
clean	someone linked fandom.phone in a video
advertising	play on craftmoon.web
advertising	come to bedwars.pioneer
advertising	pvp server bestpvp.allstate
advertising	pvp server coolpvp.legal
advertising	new server pvpzone.credit
advertising	pvpz0n3.hsbc
clean	youtube.promo is not a minecraft site
advertising	pvp server dragonmc.chanel
advertising	we moved to craftmoon.nz
advertising	pvp server nethermc.bond
advertising	server ip is icecraft.statefarm
advertising	looking for players at foxcraft.hughes
clean	stackoverflow.aaa loads slowly for me
advertising	visit foxcraft.sfr
advertising	visit bedwars.kw
advertising	visit opcraft.reisen
clean	that image is from vimeo.coffee
advertising	come to foxcraft.feedback
clean	i found the answer on fandom.frogans
clean	i read it on reddit.hughes
advertising	check out coolpvp.lc
advertising	1c3craft.llp
advertising	come to goldrush.neustar
advertising	everyone join foxcraft.comsec
advertising	ip funserver.obi
advertising	jungl3mc.fitness
advertising	ip nethermc.kw
clean	i found the answer on twitch.crs
clean	the changelog is at papermc.watch
advertising	come to icecraft.trade
advertising	p l a y m c . t r a v e l e r s i n s u r a n c e
advertising	surv1valcraft.aarp
advertising	hop on bestpvp.science
advertising	ip emerald.tn
advertising	come to survivalcraft.unicom
advertising	b3dwars.yokohama
advertising	come play bedwars.toshiba
advertising	try craftkingdom.otsuka
advertising	play on bestpvp.surf
advertising	check out bestpvp.coop
advertising	l u n a r m c . b f
advertising	come to bedwars.wtc
clean	the mod is hosted on modrinth.computer
advertising	looking for players at mcserver.fr
advertising	hop on junglemc.ollo
clean	their blog namemc.blackfriday is interesting
clean	i read it on vimeo.sbi
advertising	we moved to mcserver.web
advertising	new server funserver.gmail
advertising	drag0nmc.website
clean	fandom.luxe is a bad website lol
advertising	come to bestpvp.pid
advertising	best server is junglemc.fire
advertising	new server playmc.aq
advertising	everyone join playmc.bing
advertising	we moved to bedwars.degree
advertising	ip goldrush.td
advertising	check out survivalcraft.bharti
advertising	looking for players at goldrush.fr
advertising	my server is skymc.education
advertising	everyone join anarchy.miami
advertising	everyone join megasmp.caravan
advertising	drag0nmc.cards
advertising	ip goldrush.youtube
clean	i saw a thread on youtube.marketing
advertising	p l a y m c . s e v e n
advertising	play on goldrush.tf
advertising	free ranks at bedwars.re
advertising	1c3craft.quest
advertising	jungl3mc.cy
advertising	visit goldrush.anz
advertising	everyone join survivalcraft.jio
advertising	play on goldrush.mov
advertising	server ip is survivalcraft.builders
clean	that vimeo.cruise tutorial helped
advertising	try craftkingdom.maison
clean	i found the answer on namemc.taipei
advertising	looking for players at mcserver.anquan
advertising	play on junglemc.agency
clean	the mod is hosted on medium.lanxess
advertising	come play playmc.giving
advertising	try coolpvp.diamonds
advertising	my server is pvpzone.digital
clean	i read it on namemc.pet
advertising	we moved to coolpvp.cm
clean	the docs at namemc.ice explain it
clean	the mod is hosted on medium.md
advertising	everyone join coolpvp.mlb
advertising	mcs3rv3r.africa
clean	is youtube.versicherung down for anyone else
advertising	surv1valcraft.edu
advertising	pvpz0n3.tushu
clean	that reddit.politie tutorial helped
clean	someone linked papermc.host in a video
advertising	visit playmc.zara
advertising	my server is bestpvp.vodka
advertising	come to anarchy.ltd
clean	is imgur.gives down for anyone else
advertising	best server is bedwars.imamat
clean	the mod is hosted on medium.lamer
advertising	check out bedwars.microsoft
clean	the docs at twitch.arab explain it
advertising	try foxcraft.gn
advertising	pvp server goldrush.lease
advertising	m1n3scap3.futbol
clean	reddit.pfizer is not a minecraft site
advertising	try opcraft.ro
advertising	new server megasmp.whoswho
advertising	join foxcraft.free
advertising	ip nethermc.university
advertising	a n a r c h y . h o t e l s
advertising	surv1valcraft.farmers
clean	their blog imgur.pharmacy is interesting
clean	the docs at planetminecraft.diy explain it
advertising	best server is playmc.rodeo
advertising	3m3rald.care
clean	vimeo.gbiz is not a minecraft site
advertising	check out playmc.lds
advertising	server ip is craftkingdom.schaeffler
advertising	everyone join playmc.sj
advertising	new server playmc.golf
advertising	we moved to anarchy.extraspace
advertising	craftk1ngd0m.ads
clean	someone linked youtube.pg in a video
advertising	c00lpvp.skin
advertising	pvp server anarchy.smart
advertising	b3dwars.ricoh
advertising	b3stpvp.dell
advertising	server ip is goldrush.like
clean	papermc.final is a bad website lol
advertising	3m3rald.pk
advertising	play on minescape.glass
advertising	we moved to pvpzone.cheap
advertising	n3th3rmc.legal
advertising	my server is nethermc.ps
advertising	free ranks at coolpvp.loan
advertising	server ip is coolpvp.map
advertising	ip bedwars.boehringer
advertising	hop on dragonmc.wme
advertising	hop on mcserver.tl
advertising	looking for players at nethermc.bostik
advertising	new server craftkingdom.homedepot
advertising	come play megasmp.sv
advertising	free ranks at junglemc.sk
advertising	come play bestpvp.genting
clean	the wiki at spigotmc.place is old
advertising	looking for players at junglemc.gallo
advertising	1c3craft.netflix
advertising	looking for players at megasmp.sandvikcoromant
advertising	f0xcraft.mma
advertising	we moved to bestpvp.ms
advertising	new server emerald.eu
advertising	my server is pvpzone.miami
advertising	pvpz0n3.open
clean	i read it on planetminecraft.delivery
advertising	m1n3scap3.you
advertising	pvp server dragonmc.az
advertising	pvp server playmc.press
advertising	g0ldrush.quest
advertising	my server is nethermc.woodside
advertising	check out craftmoon.canon
advertising	come play dragonmc.diy
advertising	come to minescape.teva
advertising	my server is playmc.rodeo
advertising	check out dragonmc.dk
advertising	check out bestpvp.in
clean	fandom.ril is a bad website lol
clean	planetminecraft.nf is not a minecraft site
advertising	free ranks at goldrush.akdn
advertising	ip coolpvp.qa
advertising	play on craftkingdom.im
advertising	join lunarmc.edeka
advertising	try goldrush.cisco
clean	their blog planetminecraft.security is interesting
advertising	visit skymc.dk
advertising	1c3craft.playstation
advertising	visit megasmp.nfl
advertising	surv1valcraft.pf
advertising	ip dragonmc.latrobe
advertising	everyone join pvpzone.coupons
advertising	my server is emerald.pe
advertising	play on junglemc.pink
advertising	1c3craft.nhk
clean	someone linked pastebin.va in a video
advertising	come play foxcraft.fido
advertising	hop on opcraft.allfinanz
advertising	join playmc.plumbing
advertising	visit foxcraft.beer
advertising	new server craftkingdom.pin
clean	someone linked pastebin.tdk in a video
advertising	hop on lunarmc.latrobe
advertising	new server junglemc.fit
advertising	hop on emerald.infiniti
advertising	ip icecraft.fishing
advertising	join nethermc.shangrila
advertising	hop on bedwars.ru
clean	google it or look at reddit.property
advertising	try anarchy.fidelity
advertising	my server is bestpvp.dot
advertising	craftm00n.bike
advertising	3m3rald.bt
advertising	new server funserver.oracle
advertising	best server is mcserver.kz
advertising	best server is dragonmc.ne
advertising	pvp server megasmp.ing
clean	medium.walmart loads slowly for me
clean	the mod is hosted on medium.maif
advertising	hop on megasmp.pg
advertising	my server is skymc.visa
clean	the wiki at spigotmc.cuisinella is old
advertising	s k y m c . l a
advertising	drag0nmc.wien
advertising	free ranks at lunarmc.analytics
advertising	looking for players at nethermc.cricket
clean	that twitch.you tutorial helped
advertising	server ip is minescape.casino
advertising	best server is foxcraft.supplies
advertising	looking for players at lunarmc.mckinsey
advertising	ip goldrush.actor
advertising	server ip is nethermc.media
advertising	come to emerald.accountant
clean	i read it on planetminecraft.flowers
advertising	mcs3rv3r.sncf
advertising	we moved to dragonmc.bostik
advertising	join lunarmc.fk
advertising	come to icecraft.goldpoint
advertising	server ip is mcserver.hot
advertising	a n a r c h y . d a n c e
advertising	everyone join goldrush.lc
advertising	join anarchy.tushu
advertising	free ranks at bedwars.cz
advertising	new server craftmoon.joy
advertising	new server icecraft.bd
advertising	join bedwars.house
advertising	1c3craft.skin
clean	that image is from twitch.college
advertising	pvpz0n3.solutions
advertising	join dragonmc.online
advertising	best server is mcserver.marketing
clean	their blog fandom.technology is interesting
advertising	my server is coolpvp.gratis
advertising	craftk1ngd0m.star
advertising	everyone join icecraft.af
clean	curseforge.plus is a bad website lol
advertising	n3th3rmc.gucci
clean	i read it on namemc.jeep
advertising	join bestpvp.frontier
advertising	best server is anarchy.je
clean	i read it on spigotmc.volvo
advertising	looking for players at bedwars.sanofi
advertising	looking for players at minescape.citic
advertising	come to coolpvp.eus
advertising	my server is opcraft.camp
advertising	visit bestpvp.ceo
advertising	best server is pvpzone.mortgage
advertising	ip emerald.kz
clean	twitch.weber loads slowly for me
advertising	check out survivalcraft.eu
advertising	visit goldrush.gl
advertising	b3dwars.net
advertising	hop on foxcraft.se
clean	i read it on medium.hn
advertising	ip foxcraft.int
advertising	pvpz0n3.viking
advertising	looking for players at bedwars.es
advertising	new server craftmoon.mil
clean	modrinth.tax is a bad website lol
advertising	b3dwars.ricoh
advertising	server ip is craftmoon.dog
advertising	looking for players at craftmoon.tirol
advertising	come play pvpzone.open
clean	google it or look at fandom.mv
advertising	new server icecraft.kia
clean	google it or look at fandom.diet
advertising	pvpz0n3.sx
advertising	check out funserver.ae
advertising	play on icecraft.maif
advertising	server ip is foxcraft.spot
advertising	free ranks at bestpvp.cologne
advertising	everyone join foxcraft.cbn
clean	the wiki at papermc.imdb is old
advertising	pvp server megasmp.zuerich
advertising	come play anarchy.mv
advertising	0pcraft.tjx
advertising	m3gasmp.promo
advertising	new server opcraft.praxi
advertising	ip skymc.bg
advertising	3m3rald.tg
clean	medium.maif is a bad website lol
clean	i read it on vimeo.sbs
advertising	ip minescape.ca
advertising	ip lunarmc.edeka
advertising	drag0nmc.cruises
advertising	new server dragonmc.ftr
advertising	ip mcserver.anquan
advertising	join junglemc.dog
advertising	n3th3rmc.software
advertising	play on anarchy.author
advertising	my server is opcraft.citi
advertising	everyone join skymc.wed
advertising	we moved to pvpzone.fm
advertising	new server craftmoon.place
advertising	pvp server pvpzone.call
advertising	pvp server funserver.booking
advertising	pvp server opcraft.aaa
advertising	everyone join funserver.site
advertising	play on megasmp.how
advertising	looking for players at icecraft.army
advertising	we moved to funserver.site
advertising	l u n a r m c . c a r a v a n
advertising	looking for players at icecraft.pictures
advertising	hop on craftkingdom.cc
advertising	best server is nethermc.olayan
advertising	check out bestpvp.sale
advertising	join foxcraft.eco
clean	someone linked twitch.mil in a video
advertising	drag0nmc.sc
clean	the wiki at namemc.mt is old
advertising	m3gasmp.yokohama
advertising	b3dwars.boehringer
advertising	come play pvpzone.creditcard
clean	the wiki at imgur.audio is old
advertising	come to funserver.sm
advertising	my server is craftmoon.hotmail
clean	is modrinth.movie down for anyone else
advertising	everyone join emerald.lpl
advertising	3m3rald.mattel
advertising	looking for players at nethermc.gucci
advertising	pvp server bestpvp.pid
advertising	hop on icecraft.vegas
advertising	join funserver.catering
advertising	m3gasmp.photos
advertising	craftm00n.smart
advertising	my server is pvpzone.al
advertising	join mcserver.supply
advertising	play on goldrush.dvag
advertising	come to emerald.care
advertising	everyone join minescape.meet
advertising	pvpz0n3.bid
advertising	n3th3rmc.discount
advertising	server ip is coolpvp.guru
advertising	play on craftmoon.td
advertising	everyone join craftkingdom.dtv
advertising	looking for players at survivalcraft.rwe
clean	that papermc.vin tutorial helped
advertising	looking for players at anarchy.nu
advertising	my server is funserver.sfr
clean	fandom.schule loads slowly for me
advertising	new server bestpvp.tg
advertising	visit anarchy.ril
advertising	best server is icecraft.locker
advertising	try megasmp.bms
advertising	b3dwars.kw
advertising	we moved to lunarmc.ipiranga
advertising	funs3rv3r.construction
clean	is papermc.report down for anyone else
advertising	come play craftmoon.email
advertising	funs3rv3r.uno
clean	someone linked fandom.mobile in a video
advertising	pvp server funserver.prod
clean	check spigotmc.hm later
clean	youtube.xerox loads slowly for me
advertising	come to minescape.blog
advertising	craftk1ngd0m.frl
clean	the mod is hosted on modrinth.wme
advertising	funs3rv3r.gives
advertising	best server is funserver.lundbeck
advertising	surv1valcraft.protection
clean	i saw a thread on modrinth.vc
advertising	ip mcserver.axa
advertising	visit funserver.kuokgroup
advertising	try megasmp.bar
advertising	new server pvpzone.ngo
advertising	new server craftkingdom.mormon
advertising	play on coolpvp.am
advertising	my server is pvpzone.physio
advertising	g0ldrush.ad
advertising	my server is minescape.nrw
clean	i found the answer on fandom.schule
advertising	ip dragonmc.ice
advertising	visit bestpvp.fyi
advertising	we moved to skymc.store
advertising	1c3craft.name
clean	the mod is hosted on twitch.network
advertising	server ip is skymc.md
advertising	everyone join icecraft.lv
clean	twitch.salon is a bad website lol
advertising	hop on survivalcraft.je
advertising	craftm00n.origins
advertising	new server dragonmc.stc
advertising	play on coolpvp.fitness
advertising	join goldrush.cf
clean	check modrinth.computer later
clean	vimeo.pics is not a minecraft site
advertising	new server emerald.gle
clean	check fandom.pro later
clean	github.bzh is a bad website lol
clean	i read it on medium.vip
clean	their blog reddit.kr is interesting
advertising	best server is junglemc.tatamotors
clean	the wiki at vimeo.hisamitsu is old
advertising	come to bedwars.racing
clean	i found the answer on planetminecraft.philips
clean	that reddit.news tutorial helped
advertising	best server is nethermc.gt
advertising	try playmc.skype
clean	the mod is hosted on vimeo.mitsubishi
advertising	we moved to icecraft.weber
advertising	best server is minescape.er
advertising	join minescape.gop
advertising	come play skymc.toys
advertising	visit nethermc.tips
advertising	new server skymc.museum
advertising	pvpz0n3.creditcard
clean	is steam.bet down for anyone else
advertising	try pvpzone.tips
clean	i read it on wikipedia.courses
advertising	new server emerald.lt
clean	their blog github.mckinsey is interesting
advertising	pvp server playmc.eco
advertising	funs3rv3r.prod
advertising	play on megasmp.jm
advertising	s k y m c . m d
advertising	b3dwars.paris
advertising	my server is nethermc.catering
advertising	visit bedwars.charity
advertising	1c3craft.sex
advertising	hop on lunarmc.shoes
clean	medium.dev loads slowly for me
advertising	pvp server lunarmc.ipiranga
advertising	come to minescape.world
advertising	everyone join pvpzone.lifestyle
clean	the changelog is at imgur.tz
clean	the wiki at github.nikon is old
advertising	1c3craft.gq
advertising	craftk1ngd0m.ibm
advertising	looking for players at bedwars.moe
advertising	come play mcserver.ky
clean	that vimeo.az tutorial helped
advertising	everyone join bestpvp.science
advertising	server ip is bedwars.yoga
advertising	try funserver.sm
advertising	free ranks at bedwars.link
advertising	come to coolpvp.iq
clean	vimeo.gbiz loads slowly for me
clean	curseforge.quest loads slowly for me
advertising	come play pvpzone.mq
advertising	best server is opcraft.vip
clean	i found the answer on steam.prudential
advertising	pvp server goldrush.dealer
advertising	mcs3rv3r.guru
advertising	free ranks at minescape.space
clean	google it or look at twitch.winners
clean	the mod is hosted on fandom.to
advertising	new server anarchy.banamex
clean	i found the answer on fandom.schwarz
advertising	best server is lunarmc.gq
clean	i read it on twitch.io
advertising	check out mcserver.latino
advertising	hop on craftkingdom.no
advertising	b3dwars.bm
advertising	everyone join junglemc.cy
advertising	best server is skymc.flights
clean	the issue is tracked at papermc.bms
advertising	surv1valcraft.pet
advertising	join mcserver.bcn
clean	google it or look at imgur.catering
advertising	come to funserver.nikon
clean	the docs at modrinth.leclerc explain it
advertising	n3th3rmc.abogado
clean	i found the answer on medium.ollo
advertising	best server is lunarmc.pccw
advertising	try megasmp.hm
clean	that image is from fandom.lotto
advertising	looking for players at opcraft.ni
advertising	visit survivalcraft.dm
advertising	craftm00n.sandvik
advertising	visit mcserver.guru
advertising	new server craftmoon.jp
advertising	try pvpzone.jobs
clean	check medium.accountant later
advertising	try lunarmc.photo
clean	vimeo.genting is not a minecraft site
advertising	come to pvpzone.asda
advertising	hop on dragonmc.anquan
advertising	everyone join dragonmc.ftr
advertising	server ip is dragonmc.omega
advertising	drag0nmc.care
advertising	craftm00n.dog
advertising	ip opcraft.melbourne
advertising	visit opcraft.olayan
clean	the wiki at wikipedia.cm is old
advertising	pvpz0n3.cat
advertising	f0xcraft.country
advertising	we moved to craftkingdom.schaeffler
advertising	surv1valcraft.bike
advertising	we moved to lunarmc.br
clean	i found the answer on github.sh
advertising	3m3rald.oracle
advertising	visit bedwars.ru
advertising	come to icecraft.ge
clean	spigotmc.sky is not a minecraft site
clean	the mod is hosted on steam.gifts
advertising	we moved to dragonmc.life
advertising	ip coolpvp.lb
advertising	drag0nmc.chanel
advertising	join craftmoon.cloud
advertising	come play coolpvp.gal
advertising	best server is icecraft.sex
clean	github.solutions is not a minecraft site
clean	the wiki at modrinth.luxury is old
advertising	best server is skymc.center
advertising	p l a y m c . m x
advertising	m3gasmp.gdn
clean	is stackoverflow.ltd down for anyone else
advertising	c00lpvp.sz
clean	namemc.na is not a minecraft site
advertising	visit craftkingdom.to
clean	the changelog is at wikipedia.realtor
advertising	everyone join icecraft.vegas
advertising	visit pvpzone.cruise
advertising	new server dragonmc.marriott
advertising	new server emerald.agency
clean	check curseforge.dance later
advertising	play on bedwars.stc
advertising	my server is lunarmc.save
advertising	pvp server survivalcraft.pwc
advertising	server ip is goldrush.solar
clean	the mod is hosted on curseforge.george
advertising	we moved to nethermc.bloomberg
advertising	visit anarchy.nexus
clean	i read it on spigotmc.realty
advertising	p l a y m c . m i t
clean	the issue is tracked at vimeo.ovh
advertising	come to pvpzone.samsung
advertising	c00lpvp.homegoods
advertising	best server is goldrush.site
advertising	craftk1ngd0m.hu
clean	i found the answer on pastebin.statefarm
advertising	drag0nmc.bostik
advertising	best server is dragonmc.basketball
advertising	ip junglemc.jp
advertising	new server dragonmc.academy
clean	google it or look at spigotmc.tiaa
advertising	my server is funserver.asia
advertising	check out coolpvp.pl
advertising	everyone join bestpvp.radio
advertising	looking for players at mcserver.web
advertising	everyone join emerald.pe
advertising	best server is minescape.realtor
advertising	c00lpvp.hdfcbank
clean	the docs at fandom.luxe explain it
advertising	n3th3rmc.ml
advertising	c00lpvp.icbc
advertising	check out icecraft.zw
advertising	come play pvpzone.attorney
advertising	we moved to junglemc.vlaanderen
advertising	everyone join minescape.redumbrella
advertising	try skymc.page
clean	is medium.inc down for anyone else
advertising	server ip is dragonmc.capitalone
advertising	server ip is coolpvp.amex
advertising	everyone join emerald.george
advertising	b3stpvp.tj
advertising	play on minescape.mn
advertising	check out minescape.world
clean	their blog pastebin.phd is interesting
clean	that image is from pastebin.msd
clean	vimeo.agakhan is not a minecraft site
advertising	new server foxcraft.room
advertising	come play junglemc.sj
advertising	play on icecraft.locker
advertising	best server is pvpzone.mt
advertising	free ranks at foxcraft.aw
advertising	ip skymc.brother
advertising	my server is bedwars.total
advertising	ip bestpvp.green
clean	i saw a thread on vimeo.education
advertising	we moved to lunarmc.wtf
advertising	server ip is megasmp.audio
advertising	visit junglemc.cricket
advertising	1c3craft.garden
advertising	play on dragonmc.monash
advertising	pvp server bestpvp.vacations
advertising	craftk1ngd0m.mormon
advertising	come play emerald.vig
clean	the changelog is at pastebin.us
clean	someone linked vimeo.gp in a video
advertising	we moved to bestpvp.cy
advertising	free ranks at dragonmc.pub
advertising	my server is craftmoon.bloomberg
advertising	come play dragonmc.international
advertising	jungl3mc.money
advertising	ip bestpvp.sh
clean	that github.catholic tutorial helped
clean	the issue is tracked at modrinth.pn
clean	that pastebin.ug tutorial helped
advertising	pvp server megasmp.promo
clean	i found the answer on papermc.art
advertising	check out bedwars.gripe
advertising	ip junglemc.total
clean	that image is from youtube.earth
advertising	we moved to junglemc.tatamotors
advertising	everyone join bestpvp.dvr
advertising	visit mcserver.marketing
advertising	pvp server nethermc.download
advertising	come play bedwars.barclaycard
advertising	g0ldrush.site
advertising	c00lpvp.id
advertising	visit craftkingdom.barclays
clean	someone linked github.lotte in a video
advertising	come play goldrush.vote
advertising	pvp server megasmp.sd
advertising	try coolpvp.amex
advertising	hop on lunarmc.estate
clean	i read it on papermc.vin
advertising	hop on pvpzone.hospital
advertising	3m3rald.archi
advertising	g0ldrush.tube
advertising	best server is emerald.wien
advertising	join minescape.hockey
advertising	funs3rv3r.city
advertising	best server is foxcraft.direct
advertising	come play minescape.tienda
advertising	b3stpvp.pizza
advertising	join foxcraft.cfd
clean	that papermc.media tutorial helped
advertising	best server is coolpvp.ollo
advertising	best server is megasmp.cv
clean	the mod is hosted on stackoverflow.meme
clean	the wiki at wikipedia.wine is old
advertising	new server playmc.hk
advertising	ip emerald.pk
clean	i found the answer on wikipedia.degree
advertising	looking for players at opcraft.tz
clean	their blog twitch.moda is interesting
advertising	we moved to craftkingdom.th
clean	the mod is hosted on twitch.alstom
advertising	hop on junglemc.aquarelle
advertising	server ip is craftmoon.my
advertising	a n a r c h y . m e m e
advertising	we moved to skymc.mobile
advertising	come play foxcraft.mma
advertising	best server is bedwars.ru
advertising	free ranks at playmc.berlin
clean	the issue is tracked at steam.science
clean	google it or look at curseforge.no
clean	i found the answer on curseforge.kerryhotels
advertising	come play foxcraft.gay
advertising	p l a y m c . r i p
advertising	s k y m c . d k
advertising	server ip is foxcraft.mz
clean	github.verisign is not a minecraft site
advertising	play on foxcraft.sandvikcoromant
advertising	new server craftkingdom.plumbing
advertising	visit pvpzone.asda
clean	is modrinth.fun down for anyone else
clean	twitch.cards is not a minecraft site
advertising	best server is goldrush.ge
advertising	come play nethermc.mobile
advertising	p l a y m c . c a s a
clean	the changelog is at modrinth.fi
advertising	n3th3rmc.science
advertising	pvp server lunarmc.shiksha
advertising	craftm00n.design
advertising	pvp server funserver.tennis
advertising	pvp server bestpvp.nissay
advertising	0pcraft.ax
advertising	hop on bestpvp.firestone
advertising	pvp server opcraft.xihuan
clean	is spigotmc.fund down for anyone else
clean	that spigotmc.cz tutorial helped
advertising	my server is survivalcraft.aws
advertising	come to craftmoon.arab
advertising	craftm00n.prime
advertising	come to skymc.cipriani
clean	that imgur.coupon tutorial helped
advertising	join megasmp.charity
advertising	ip playmc.so
advertising	come to emerald.mini
advertising	everyone join coolpvp.forex
advertising	new server minescape.gg
advertising	come to emerald.mattel
advertising	ip megasmp.feedback
clean	the wiki at planetminecraft.pink is old
advertising	server ip is playmc.coach
advertising	my server is icecraft.moto
advertising	everyone join opcraft.cd
clean	that namemc.deals tutorial helped
clean	the changelog is at steam.ally
advertising	pvp server goldrush.ong
advertising	s k y m c . v e n t u r e s
advertising	everyone join lunarmc.games
advertising	m3gasmp.car
clean	the issue is tracked at stackoverflow.xbox
advertising	join lunarmc.fo
clean	the issue is tracked at github.army
advertising	play on survivalcraft.mtn
advertising	ip goldrush.ee
advertising	looking for players at opcraft.bd
advertising	s k y m c . s s
advertising	new server craftmoon.dubai
advertising	free ranks at anarchy.va
advertising	hop on bedwars.walmart
advertising	come play playmc.uol
advertising	my server is pvpzone.ipiranga
advertising	my server is emerald.ht
advertising	new server icecraft.sener
advertising	hop on pvpzone.info
advertising	g0ldrush.cisco
advertising	surv1valcraft.verisign
advertising	check out craftmoon.song
advertising	try megasmp.schmidt
clean	modrinth.bm loads slowly for me
clean	planetminecraft.hdfcbank is not a minecraft site
advertising	surv1valcraft.mitsubishi
advertising	join craftkingdom.otsuka
advertising	try dragonmc.okinawa
advertising	visit junglemc.merck
advertising	looking for players at anarchy.ryukyu
advertising	we moved to coolpvp.museum
clean	the changelog is at twitch.zuerich
advertising	try funserver.city
advertising	come play nethermc.realtor
advertising	new server goldrush.zone
advertising	server ip is playmc.er
advertising	my server is survivalcraft.zuerich
advertising	ip funserver.lefrak
advertising	visit funserver.gea
clean	the changelog is at vimeo.abogado
advertising	check out funserver.trv
advertising	my server is survivalcraft.sakura
clean	the mod is hosted on steam.bet
clean	the wiki at fandom.statebank is old
advertising	join emerald.ls
clean	github.domains is not a minecraft site
advertising	hop on mcserver.ooo
advertising	try funserver.weatherchannel
advertising	funs3rv3r.bb
advertising	ip dragonmc.maison
advertising	b3stpvp.rentals
advertising	visit craftkingdom.plumbing
advertising	join nethermc.software
advertising	server ip is opcraft.weather
clean	is curseforge.merck down for anyone else
clean	the changelog is at planetminecraft.gm
clean	the issue is tracked at github.asda
clean	someone linked spigotmc.al in a video
clean	their blog modrinth.limo is interesting
clean	the issue is tracked at imgur.org
advertising	new server craftmoon.song
advertising	looking for players at icecraft.fun
advertising	my server is dragonmc.capitalone
clean	i found the answer on spigotmc.ec
advertising	looking for players at lunarmc.guitars
advertising	pvp server anarchy.meme
clean	namemc.wales is not a minecraft site
advertising	try dragonmc.philips
advertising	join bestpvp.tj
advertising	looking for players at icecraft.yodobashi
advertising	try icecraft.fishing
advertising	m3gasmp.football
advertising	my server is emerald.gallery
advertising	looking for players at craftmoon.dog
advertising	visit pvpzone.jmp
advertising	come to anarchy.case
clean	check wikipedia.theater later
advertising	we moved to anarchy.creditunion
advertising	pvp server lunarmc.kitchen
advertising	b3dwars.rsvp
advertising	everyone join survivalcraft.fashion
clean	i found the answer on youtube.seven
advertising	come play foxcraft.okinawa
advertising	try bedwars.srl
advertising	looking for players at lunarmc.obi
advertising	everyone join goldrush.ge
advertising	craftm00n.cx
advertising	looking for players at icecraft.quebec
advertising	best server is pvpzone.finance
advertising	ip bestpvp.zw
advertising	l u n a r m c . x e r o x
advertising	hop on megasmp.ug
advertising	pvp server goldrush.fish
advertising	my server is megasmp.jaguar
advertising	try coolpvp.airbus
advertising	everyone join bestpvp.rio
advertising	hop on bestpvp.vacations
advertising	come to anarchy.mtr
advertising	new server craftkingdom.rip
advertising	visit junglemc.goodyear
clean	the wiki at youtube.health is old
advertising	new server funserver.aco
advertising	looking for players at icecraft.ml
advertising	my server is minescape.bs
clean	i saw a thread on twitch.star
advertising	server ip is playmc.ltda
advertising	try lunarmc.search
advertising	new server junglemc.med
advertising	server ip is megasmp.recipes
advertising	b3stpvp.movie
advertising	try goldrush.li
clean	the mod is hosted on youtube.sl
advertising	pvp server opcraft.adult
advertising	we moved to craftmoon.porn
clean	someone linked reddit.legal in a video
clean	i saw a thread on youtube.dz
advertising	3m3rald.ye
advertising	everyone join playmc.mk
advertising	b3dwars.gh
clean	the mod is hosted on modrinth.caravan
advertising	s k y m c . s t o r e
advertising	s k y m c . a c o
advertising	visit survivalcraft.fashion
clean	the docs at steam.homegoods explain it
clean	i found the answer on wikipedia.sd
advertising	hop on anarchy.tj
advertising	try anarchy.london
advertising	b3stpvp.tl
advertising	everyone join survivalcraft.luxe
advertising	g0ldrush.bot
advertising	come to playmc.travelers
advertising	a n a r c h y . v a
advertising	free ranks at dragonmc.paris
advertising	we moved to icecraft.social
clean	i found the answer on planetminecraft.net
advertising	come to anarchy.digital
advertising	try goldrush.fedex
clean	youtube.fk is a bad website lol
advertising	come to emerald.food
advertising	0pcraft.ni
clean	someone linked pastebin.us in a video
clean	someone linked stackoverflow.futbol in a video
clean	their blog github.ooo is interesting
advertising	join megasmp.nico
advertising	best server is craftmoon.sb
advertising	hop on craftmoon.temasek
advertising	come play dragonmc.bostik
advertising	pvpz0n3.frl
advertising	server ip is bedwars.ricoh
clean	github.mz is a bad website lol
clean	is twitch.lego down for anyone else
advertising	visit playmc.foundation
advertising	everyone join junglemc.shangrila
clean	check planetminecraft.origins later
advertising	drag0nmc.capitalone
clean	that image is from wikipedia.int
advertising	b3dwars.cuisinella
advertising	looking for players at bestpvp.contractors
advertising	try craftmoon.recipes
advertising	play on nethermc.asia
advertising	join opcraft.camp
advertising	pvp server craftkingdom.chase
advertising	looking for players at pvpzone.fans
clean	the mod is hosted on youtube.family
advertising	hop on pvpzone.credit
advertising	ip junglemc.clothing
advertising	free ranks at minescape.dell
advertising	come to survivalcraft.builders
clean	the wiki at pastebin.citic is old
advertising	server ip is bedwars.cal
advertising	check out skymc.center
advertising	funs3rv3r.mit
advertising	server ip is dragonmc.suzuki
advertising	pvp server megasmp.bet
advertising	server ip is icecraft.bond
clean	medium.box is not a minecraft site
clean	i saw a thread on namemc.cloud
advertising	ip mcserver.codes
advertising	a n a r c h y . x x x
advertising	join nethermc.toray
clean	reddit.house is not a minecraft site
advertising	come play foxcraft.krd
advertising	check out mcserver.sky
advertising	jungl3mc.webcam
clean	the wiki at vimeo.agakhan is old
advertising	pvp server bedwars.mattel
clean	check github.chanel later
advertising	ip funserver.date
advertising	we moved to icecraft.netflix
advertising	try foxcraft.sandvikcoromant
advertising	check out anarchy.us
clean	that image is from papermc.soy
advertising	join foxcraft.gent
advertising	free ranks at goldrush.locker
clean	their blog planetminecraft.date is interesting
advertising	my server is funserver.biz
advertising	come to bedwars.frogans
advertising	we moved to bedwars.sport
advertising	pvp server coolpvp.deloitte
advertising	check out lunarmc.ao
advertising	pvpz0n3.ipiranga
advertising	visit opcraft.praxi
advertising	f0xcraft.cl
advertising	drag0nmc.ss
advertising	everyone join skymc.dk
advertising	server ip is mcserver.dealer
advertising	play on bestpvp.green
advertising	come to craftmoon.bloomberg
advertising	try junglemc.uk
clean	the wiki at reddit.hughes is old
advertising	free ranks at foxcraft.durban
advertising	come to pvpzone.eurovision
advertising	we moved to nethermc.samsclub
advertising	a n a r c h y . i l
clean	the issue is tracked at twitch.cars
advertising	pvp server pvpzone.ro
clean	the docs at wikipedia.airtel explain it
advertising	try opcraft.cooking
advertising	check out nethermc.church
advertising	play on bedwars.chintai
advertising	looking for players at megasmp.lanxess
clean	papermc.ifm loads slowly for me
advertising	come play playmc.nike
advertising	my server is coolpvp.sling
advertising	free ranks at craftkingdom.plumbing
advertising	pvp server coolpvp.phd
advertising	best server is coolpvp.ping
clean	google it or look at curseforge.dance
clean	is steam.me down for anyone else
advertising	free ranks at lunarmc.photo
advertising	play on survivalcraft.pt
advertising	check out emerald.pk
advertising	ip foxcraft.supplies
advertising	ip minescape.rehab
advertising	new server bedwars.srl
advertising	server ip is playmc.pictures
advertising	check out pvpzone.ua
advertising	come to bedwars.gifts
advertising	try skymc.bv
advertising	visit funserver.su
advertising	jungl3mc.lamer
clean	twitch.foo is a bad website lol
advertising	try survivalcraft.aarp
advertising	pvp server funserver.monster
advertising	join bestpvp.game
clean	the docs at twitch.bostik explain it
clean	github.vig is not a minecraft site
advertising	pvp server goldrush.americanfamily
advertising	try playmc.uol
advertising	3m3rald.airtel
advertising	m3gasmp.ps
advertising	ip craftmoon.intuit
advertising	we moved to playmc.sb
advertising	best server is opcraft.kn
advertising	f0xcraft.ceo
clean	is steam.sex down for anyone else
clean	check vimeo.kim later
advertising	pvp server playmc.win
advertising	looking for players at playmc.flights
advertising	craftm00n.lidl
advertising	check out bedwars.hyatt
advertising	best server is mcserver.origins
advertising	pvpz0n3.cruise
advertising	we moved to junglemc.apartments
advertising	come play craftmoon.lk
advertising	new server skymc.diy
advertising	pvp server minescape.news
advertising	play on opcraft.audible
advertising	everyone join foxcraft.golf
clean	that youtube.games tutorial helped
advertising	server ip is bestpvp.gbiz
advertising	pvp server funserver.fi
advertising	ip coolpvp.email
advertising	new server pvpzone.physio
advertising	everyone join survivalcraft.drive
advertising	visit craftmoon.kfh
clean	i saw a thread on pastebin.sexy
advertising	new server bedwars.space
advertising	b3stpvp.taobao
advertising	come to goldrush.tmall
clean	the wiki at papermc.sas is old
advertising	server ip is emerald.bf
advertising	hop on foxcraft.tech
advertising	my server is survivalcraft.bn
advertising	my server is opcraft.aaa
advertising	check out coolpvp.sarl
clean	their blog twitch.winners is interesting
clean	someone linked curseforge.zero in a video
advertising	pvp server skymc.lawyer
clean	i read it on github.codes
advertising	join bestpvp.la
clean	the issue is tracked at planetminecraft.mw
advertising	funs3rv3r.nfl
advertising	check out bestpvp.gifts
advertising	come to survivalcraft.auspost
advertising	mcs3rv3r.nyc
advertising	try skymc.int
advertising	server ip is icecraft.nec
clean	their blog stackoverflow.iq is interesting
advertising	new server icecraft.zappos
clean	github.rodeo is a bad website lol
advertising	new server junglemc.fujitsu
advertising	s k y m c . d t v
advertising	mcs3rv3r.homesense
advertising	best server is survivalcraft.unicom
advertising	everyone join icecraft.prof
advertising	p l a y m c . b e r l i n
clean	the mod is hosted on twitch.here
advertising	looking for players at bedwars.sexy
advertising	try minescape.tienda
advertising	drag0nmc.hm
advertising	m3gasmp.sv
advertising	check out survivalcraft.pt
advertising	free ranks at funserver.site
advertising	come to lunarmc.broadway
advertising	hop on minescape.day
advertising	come play survivalcraft.democrat
advertising	visit icecraft.vc
clean	the wiki at fandom.cooking is old
clean	the issue is tracked at reddit.kia
advertising	visit icecraft.fast
clean	the issue is tracked at curseforge.ir
advertising	join opcraft.ninja
advertising	new server icecraft.skin
advertising	hop on dragonmc.stc
advertising	we moved to bedwars.frogans
advertising	try minescape.barcelona
advertising	free ranks at playmc.auction
advertising	everyone join survivalcraft.solutions
advertising	looking for players at junglemc.silk
advertising	visit goldrush.jcb
advertising	my server is lunarmc.aquarelle
clean	the issue is tracked at steam.mattel
advertising	pvp server anarchy.miami
advertising	come to foxcraft.sfr
advertising	3m3rald.villas
advertising	visit coolpvp.deloitte
advertising	we moved to icecraft.kfh
advertising	funs3rv3r.pa
advertising	server ip is nethermc.alipay
advertising	ip playmc.gm
advertising	we moved to mcserver.lb
clean	is youtube.im down for anyone else
clean	the issue is tracked at medium.boutique
clean	i saw a thread on planetminecraft.mw
advertising	play on mcserver.sew
advertising	l u n a r m c . i p i r a n g a
advertising	we moved to goldrush.dating
advertising	hop on craftkingdom.tiaa
advertising	we moved to icecraft.hu
advertising	server ip is junglemc.chintai
advertising	come to dragonmc.build
clean	the changelog is at youtube.vlaanderen
advertising	free ranks at emerald.ir
advertising	pvp server skymc.ski
advertising	best server is survivalcraft.house
advertising	ip nethermc.auction
advertising	looking for players at funserver.catholic
advertising	everyone join mcserver.hot
advertising	server ip is craftkingdom.lpl
advertising	best server is icecraft.bz
advertising	come play bestpvp.capital
advertising	my server is megasmp.nico
advertising	jungl3mc.call
advertising	everyone join craftmoon.analytics
advertising	new server minescape.zm
advertising	best server is pvpzone.call
advertising	3m3rald.menu
advertising	we moved to pvpzone.alsace
advertising	pvp server dragonmc.omega
clean	someone linked papermc.lawyer in a video
advertising	visit minescape.nf
clean	the mod is hosted on youtube.wedding
advertising	looking for players at skymc.brother
advertising	play on bestpvp.coupons
advertising	try bedwars.gifts
advertising	visit megasmp.coupon
advertising	surv1valcraft.mtn
clean	the wiki at reddit.property is old
advertising	my server is bestpvp.gr
advertising	funs3rv3r.earth
advertising	looking for players at craftkingdom.mba
clean	i read it on planetminecraft.security
clean	i read it on namemc.data
advertising	server ip is megasmp.cloud
advertising	come play goldrush.gl
clean	that wikipedia.nike tutorial helped
clean	fandom.gucci loads slowly for me
advertising	free ranks at icecraft.express
advertising	we moved to opcraft.bargains
advertising	everyone join lunarmc.nokia
advertising	ip bedwars.now
clean	github.honda loads slowly for me
clean	the issue is tracked at imgur.coupon
advertising	play on funserver.site
advertising	new server coolpvp.godaddy
advertising	hop on survivalcraft.sz
advertising	3m3rald.gl
advertising	looking for players at anarchy.bbva
advertising	play on minescape.diet
advertising	play on funserver.gmail
advertising	looking for players at craftkingdom.catholic
advertising	we moved to minescape.cfd
advertising	join minescape.news
advertising	1c3craft.statefarm
advertising	pvp server icecraft.moto
clean	the issue is tracked at namemc.kfh
advertising	drag0nmc.dk
clean	i read it on wikipedia.fo
advertising	come to bedwars.stc
advertising	my server is bedwars.fedex
advertising	server ip is skymc.furniture
advertising	try icecraft.salon
clean	is reddit.mini down for anyone else
advertising	3m3rald.taipei
advertising	play on goldrush.irish
advertising	we moved to bestpvp.men
advertising	looking for players at skymc.int
advertising	f0xcraft.fido
advertising	come to bestpvp.kaufen
clean	the issue is tracked at reddit.porn
advertising	hop on minescape.next
advertising	surv1valcraft.pwc
clean	check fandom.lotto later
advertising	hop on pvpzone.sx
clean	that imgur.safe tutorial helped
advertising	c00lpvp.vip
advertising	join pvpzone.nowruz
clean	youtube.kyoto is a bad website lol
advertising	ip pvpzone.vana
advertising	hop on playmc.homegoods
advertising	come to nethermc.cricket
advertising	server ip is craftkingdom.team
clean	is twitch.archi down for anyone else
advertising	server ip is icecraft.kia
advertising	check out nethermc.green
advertising	pvp server junglemc.dog
clean	that medium.parts tutorial helped
advertising	craftk1ngd0m.watches
clean	the issue is tracked at stackoverflow.itau
advertising	play on funserver.vu
clean	i read it on steam.obi
clean	check steam.gallery later
advertising	visit playmc.post
advertising	visit bestpvp.kaufen
clean	the mod is hosted on wikipedia.viking
advertising	come to bedwars.hotmail
clean	i found the answer on stackoverflow.cleaning
advertising	everyone join craftmoon.leclerc
advertising	my server is bestpvp.flickr
advertising	b3dwars.safety
clean	i read it on github.smart
advertising	new server bedwars.ae
advertising	server ip is craftmoon.fido
clean	i read it on steam.alipay
advertising	try coolpvp.email
advertising	come play opcraft.search
clean	i found the answer on medium.cu
advertising	play on dragonmc.marriott
advertising	check out craftkingdom.star
advertising	1c3craft.cw
advertising	m3gasmp.athleta
clean	check wikipedia.yahoo later
advertising	looking for players at funserver.box
advertising	join opcraft.bing
advertising	play on coolpvp.degree
advertising	looking for players at opcraft.adult
advertising	we moved to bestpvp.vacations
advertising	everyone join goldrush.abogado
advertising	we moved to opcraft.broker
clean	youtube.kids is not a minecraft site
advertising	m1n3scap3.storage
clean	the issue is tracked at namemc.nyc
advertising	we moved to foxcraft.mz
advertising	try dragonmc.phone
advertising	everyone join foxcraft.gent
advertising	come to icecraft.style
advertising	new server bedwars.delivery
advertising	m3gasmp.cool
advertising	server ip is foxcraft.glass
advertising	my server is emerald.ai
advertising	come play goldrush.auspost
advertising	free ranks at nethermc.london
advertising	my server is minescape.juniper
advertising	ip bestpvp.za
advertising	try playmc.tm
advertising	try craftmoon.joy
advertising	craftk1ngd0m.no
advertising	try funserver.bmw
clean	the issue is tracked at steam.navy
advertising	check out pvpzone.cruise
advertising	new server megasmp.in
advertising	n3th3rmc.taxi
advertising	join goldrush.health
advertising	craftk1ngd0m.bot
advertising	play on goldrush.global
clean	medium.poker is a bad website lol
advertising	my server is foxcraft.rw
clean	medium.lt is not a minecraft site
advertising	pvp server emerald.infiniti
advertising	free ranks at dragonmc.yandex
advertising	try skymc.md
advertising	visit funserver.prod
advertising	visit bedwars.lu
clean	that image is from planetminecraft.moto
clean	someone linked twitch.lc in a video
clean	the docs at reddit.party explain it
advertising	ip goldrush.nba
clean	that wikipedia.tushu tutorial helped
advertising	my server is survivalcraft.click
advertising	check out goldrush.studio
advertising	come to funserver.gap
advertising	new server bedwars.fresenius
advertising	ip dragonmc.blackfriday
advertising	join bestpvp.ceo
advertising	looking for players at emerald.srl
clean	someone linked curseforge.george in a video
clean	the changelog is at steam.paris
advertising	check out craftmoon.lidl
advertising	surv1valcraft.eu
clean	i saw a thread on curseforge.do
advertising	c00lpvp.mtr
clean	their blog wikipedia.pay is interesting
advertising	free ranks at coolpvp.iq
advertising	pvp server nethermc.commbank
advertising	join survivalcraft.luxe
advertising	free ranks at foxcraft.sfr
advertising	m1n3scap3.nrw
advertising	check out emerald.gallery
advertising	best server is bestpvp.vodka
advertising	visit survivalcraft.protection
advertising	join playmc.hermes
clean	someone linked vimeo.sbs in a video
advertising	b3dwars.chintai
advertising	craftk1ngd0m.politie
advertising	3m3rald.pe
advertising	craftk1ngd0m.dtv
advertising	0pcraft.bd
advertising	try icecraft.ruhr
advertising	pvp server junglemc.goodyear
advertising	play on pvpzone.nissay
advertising	we moved to anarchy.career
advertising	visit minescape.dhl
advertising	come play survivalcraft.house
clean	the docs at modrinth.gov explain it
advertising	my server is craftmoon.sandvik
advertising	visit craftmoon.eurovision
clean	someone linked medium.parts in a video
advertising	server ip is pvpzone.cern
advertising	we moved to goldrush.dvag
advertising	hop on minescape.mm
advertising	come to playmc.is
advertising	pvpz0n3.reliance
advertising	check out lunarmc.mma
advertising	hop on bedwars.rwe
advertising	new server bedwars.et
advertising	come play skymc.youtube
advertising	visit bedwars.fresenius
advertising	drag0nmc.lotte
advertising	my server is bestpvp.help
advertising	free ranks at playmc.ye
advertising	best server is nethermc.george
advertising	best server is icecraft.gq
advertising	a n a r c h y . f o r u m
clean	stackoverflow.tools is not a minecraft site
clean	that image is from pastebin.chintai
clean	the issue is tracked at vimeo.shia
clean	google it or look at wikipedia.bing
clean	google it or look at twitch.email
clean	someone linked modrinth.vc in a video
advertising	hop on skymc.kddi
advertising	hop on playmc.mx
clean	i found the answer on imgur.jmp
advertising	play on junglemc.tatar
advertising	drag0nmc.asda
clean	google it or look at vimeo.drive
advertising	looking for players at opcraft.calvinklein
clean	the docs at wikipedia.community explain it
advertising	pvpz0n3.gd
advertising	new server lunarmc.wtc
advertising	we moved to bedwars.boehringer
advertising	a n a r c h y . k e r r y h o t e l s
clean	i read it on reddit.dnp
advertising	0pcraft.bing
advertising	everyone join playmc.rich
advertising	best server is funserver.immo
advertising	free ranks at foxcraft.rent
advertising	mcs3rv3r.bauhaus
advertising	visit playmc.al
advertising	server ip is goldrush.ad
clean	i saw a thread on pastebin.click
advertising	m3gasmp.fun
advertising	come to dragonmc.monash
advertising	server ip is lunarmc.abbvie
advertising	join opcraft.navy
advertising	best server is skymc.mobile
advertising	hop on minescape.crs
advertising	check out anarchy.joy
advertising	new server mcserver.bcn
advertising	everyone join pvpzone.ikano
advertising	new server pvpzone.bible
advertising	best server is minescape.live
clean	i found the answer on pastebin.citic
advertising	jungl3mc.total
advertising	visit pvpzone.best
advertising	play on craftkingdom.christmas
advertising	come to megasmp.hangout
advertising	try lunarmc.voyage
advertising	check out mcserver.ooo
advertising	mcs3rv3r.zip
advertising	my server is skymc.careers
advertising	m1n3scap3.dad
advertising	everyone join icecraft.boats
clean	google it or look at imgur.taxi
advertising	b3stpvp.coupons
advertising	b3dwars.dish
advertising	server ip is craftkingdom.voting
advertising	my server is skymc.room
advertising	jungl3mc.tel
advertising	best server is minescape.onl
advertising	best server is mcserver.emerck
advertising	hop on goldrush.hisamitsu
advertising	m1n3scap3.film
advertising	my server is survivalcraft.dm
clean	check namemc.ggee later
advertising	everyone join opcraft.ovh
advertising	a n a r c h y . h r
advertising	join junglemc.lease
advertising	join craftmoon.agakhan
advertising	g0ldrush.li
advertising	hop on pvpzone.bid
advertising	new server craftmoon.edu
advertising	g0ldrush.americanfamily
advertising	pvpz0n3.ro
clean	that image is from reddit.windows
clean	check fandom.ms later
advertising	best server is bedwars.kw
advertising	looking for players at megasmp.watch
advertising	best server is anarchy.tushu
advertising	1c3craft.zappos
clean	the wiki at vimeo.stada is old
advertising	visit pvpzone.ups
advertising	come play craftmoon.toray
advertising	looking for players at dragonmc.blockbuster
advertising	join craftkingdom.sohu
advertising	0pcraft.citi
advertising	m3gasmp.toyota
clean	the docs at pastebin.redumbrella explain it
advertising	check out megasmp.qpon
clean	imgur.imamat is a bad website lol
advertising	join foxcraft.ferrari
advertising	come to craftkingdom.ibm
clean	spigotmc.software loads slowly for me
advertising	play on foxcraft.black
advertising	come to mcserver.support
clean	spigotmc.jio is not a minecraft site
clean	i read it on planetminecraft.town
advertising	pvp server nethermc.mh
advertising	c00lpvp.haus
advertising	join craftmoon.mil
clean	i read it on namemc.hkt
advertising	looking for players at skymc.doctor
advertising	visit survivalcraft.ski
advertising	new server dragonmc.company
clean	i found the answer on twitch.lc
clean	the wiki at namemc.nfl is old
advertising	hop on coolpvp.map
clean	the issue is tracked at planetminecraft.mint
advertising	try icecraft.aero
advertising	new server icecraft.name
advertising	everyone join emerald.food
advertising	try craftmoon.agakhan
advertising	check out skymc.enterprises
advertising	best server is foxcraft.ag
advertising	join icecraft.gq
clean	steam.coop is not a minecraft site
clean	their blog github.casino is interesting
clean	is fandom.ae down for anyone else
advertising	free ranks at emerald.trading
advertising	play on survivalcraft.pwc
advertising	free ranks at dragonmc.ke
advertising	best server is megasmp.creditcard
advertising	visit skymc.foundation
advertising	b3dwars.villas
clean	the issue is tracked at spigotmc.ne
advertising	play on survivalcraft.bharti
clean	the docs at imgur.adult explain it
clean	the mod is hosted on imgur.icbc
advertising	n3th3rmc.country
clean	modrinth.locus is not a minecraft site
advertising	come play coolpvp.arte
advertising	ip survivalcraft.ismaili
advertising	play on opcraft.productions
advertising	free ranks at playmc.tci
advertising	new server pvpzone.courses
advertising	hop on playmc.auction
advertising	we moved to pvpzone.diamonds
clean	someone linked modrinth.pf in a video
advertising	drag0nmc.academy
advertising	come play lunarmc.tube
clean	their blog spigotmc.goldpoint is interesting
advertising	come play nethermc.ibm
advertising	play on opcraft.citi
advertising	check out goldrush.moscow
advertising	mcs3rv3r.woodside
advertising	ip foxcraft.farm
advertising	1c3craft.tmall
advertising	free ranks at mcserver.versicherung
advertising	visit icecraft.coupon
advertising	looking for players at bedwars.vacations
clean	that image is from modrinth.asia
advertising	we moved to goldrush.fedex
advertising	visit coolpvp.christmas
clean	i read it on fandom.photo
advertising	join foxcraft.black
advertising	pvp server skymc.tours
advertising	try craftkingdom.politie
advertising	check out bedwars.cuisinella
advertising	we moved to emerald.us
clean	someone linked spigotmc.furniture in a video
advertising	play on playmc.rodeo
advertising	visit dragonmc.vivo
advertising	b3dwars.total
advertising	we moved to playmc.mt
advertising	new server skymc.epson
advertising	surv1valcraft.akdn
advertising	join megasmp.ifm
advertising	join coolpvp.ping
advertising	m3gasmp.nec
advertising	free ranks at junglemc.fairwinds
advertising	check out nethermc.ubank
advertising	try opcraft.tz
advertising	hop on emerald.intuit
clean	i found the answer on papermc.com
advertising	c00lpvp.website
advertising	join junglemc.mx
advertising	ip emerald.tg
clean	the docs at modrinth.pid explain it
advertising	we moved to craftkingdom.tm
advertising	pvp server playmc.casa
advertising	try craftmoon.toray
clean	someone linked wikipedia.kerryproperties in a video
advertising	visit goldrush.ee
advertising	join funserver.property
advertising	looking for players at pvpzone.cf
advertising	come to icecraft.garden
clean	the mod is hosted on pastebin.silk
advertising	come play megasmp.aetna
advertising	join icecraft.azure
advertising	come to skymc.toys
advertising	new server pvpzone.honda
clean	i saw a thread on imgur.amex
clean	the wiki at reddit.porn is old
advertising	hop on foxcraft.fairwinds
advertising	check out junglemc.moda
advertising	come to pvpzone.jmp
advertising	new server survivalcraft.jio
advertising	visit playmc.bible
advertising	come to bedwars.hot
advertising	join craftmoon.app
clean	is github.bzh down for anyone else
advertising	pvp server dragonmc.ss
advertising	everyone join anarchy.lexus
advertising	best server is craftkingdom.reviews
clean	i read it on namemc.taipei
clean	their blog reddit.city is interesting
advertising	looking for players at craftkingdom.politie
advertising	everyone join minescape.clinic
advertising	free ranks at craftkingdom.skype
clean	fandom.actor is a bad website lol
clean	steam.tg is a bad website lol
advertising	come play dragonmc.wme
advertising	best server is survivalcraft.ch
advertising	server ip is craftmoon.saarland
advertising	drag0nmc.ice
advertising	visit emerald.nowtv
advertising	best server is emerald.dupont
advertising	try pvpzone.ikano
advertising	everyone join survivalcraft.norton
clean	i saw a thread on modrinth.jcb
advertising	we moved to craftmoon.org
advertising	m1n3scap3.moi
advertising	check out nethermc.industries
advertising	hop on emerald.tools
advertising	c00lpvp.suzuki
advertising	visit playmc.de
clean	google it or look at github.su
advertising	looking for players at pvpzone.tjx
advertising	visit craftmoon.jo
advertising	best server is emerald.flickr
clean	namemc.green is a bad website lol
clean	the changelog is at vimeo.rio
advertising	craftk1ngd0m.faith
advertising	come to bestpvp.allfinanz
advertising	free ranks at nethermc.fit
advertising	pvp server coolpvp.vana
advertising	pvp server survivalcraft.sl
advertising	we moved to bestpvp.dating
advertising	craftk1ngd0m.barclays
advertising	try pvpzone.jnj
advertising	check out funserver.vu
advertising	my server is foxcraft.golf
advertising	free ranks at survivalcraft.house
clean	i saw a thread on fandom.tech
advertising	free ranks at emerald.kz
advertising	we moved to pvpzone.attorney
advertising	pvp server bestpvp.hair
clean	the mod is hosted on medium.lgbt
advertising	play on playmc.scholarships
advertising	check out bestpvp.menu
advertising	hop on pvpzone.nissay
advertising	my server is dragonmc.build
advertising	my server is craftmoon.design
clean	someone linked planetminecraft.origins in a video
advertising	join bedwars.church
advertising	n3th3rmc.citi
advertising	come play minescape.kerryhotels
advertising	my server is nethermc.hosting
clean	i read it on github.sh
advertising	everyone join craftmoon.mls
advertising	looking for players at nethermc.investments
clean	someone linked steam.works in a video
advertising	we moved to anarchy.nikon
advertising	come play funserver.ba
advertising	s k y m c . t r a d i n g
advertising	everyone join goldrush.builders
advertising	new server playmc.scholarships
advertising	try megasmp.osaka
advertising	visit bestpvp.auto
advertising	my server is junglemc.agency
advertising	best server is emerald.computer
advertising	try emerald.flickr
advertising	b3dwars.et
advertising	come to junglemc.aramco
advertising	check out craftmoon.progressive
advertising	come to foxcraft.tr
clean	the mod is hosted on papermc.re
advertising	join dragonmc.wang
advertising	f0xcraft.tech
clean	namemc.sale is not a minecraft site
clean	medium.observer is a bad website lol
advertising	s k y m c . b g
advertising	pvp server megasmp.osaka
clean	i read it on steam.ng
clean	i read it on medium.desi
clean	the wiki at stackoverflow.airforce is old
clean	modrinth.delta loads slowly for me
advertising	new server icecraft.network
advertising	everyone join goldrush.lifeinsurance
advertising	my server is funserver.monster
advertising	everyone join goldrush.observer
advertising	play on playmc.pink
advertising	b3stpvp.protection
clean	that pastebin.services tutorial helped
advertising	free ranks at playmc.rip
advertising	come to emerald.kred
advertising	my server is megasmp.phd
advertising	3m3rald.esq
clean	someone linked planetminecraft.pictet in a video
clean	i saw a thread on imgur.cern
advertising	free ranks at minescape.pl
clean	vimeo.ovh is a bad website lol
advertising	hop on emerald.dds
clean	the issue is tracked at imgur.now
advertising	server ip is emerald.menu
clean	check steam.paris later
advertising	play on opcraft.makeup
advertising	craftm00n.canon
advertising	a n a r c h y . g o o g l e
advertising	new server megasmp.mh
advertising	funs3rv3r.nrw
advertising	visit emerald.black
advertising	my server is bestpvp.dating
advertising	server ip is junglemc.shangrila
advertising	pvp server survivalcraft.ventures
advertising	check out craftkingdom.pe
advertising	server ip is playmc.baby
clean	that image is from github.golf
advertising	everyone join icecraft.dubai
clean	that youtube.edu tutorial helped
advertising	come to bedwars.yokohama
clean	someone linked github.rodeo in a video
advertising	play on anarchy.xxx
advertising	check out bedwars.mlb
advertising	hop on craftmoon.vegas
advertising	my server is junglemc.casino
advertising	1c3craft.style
advertising	funs3rv3r.sn
advertising	we moved to megasmp.audio
advertising	best server is nethermc.citi
advertising	play on goldrush.bargains
advertising	try craftkingdom.plus
advertising	mcs3rv3r.ltda
advertising	everyone join megasmp.forsale
clean	i read it on steam.audi
advertising	play on goldrush.finance
advertising	my server is funserver.flir
advertising	f0xcraft.pn
advertising	my server is craftkingdom.holdings
advertising	we moved to pvpzone.courses
advertising	my server is emerald.volvo
advertising	pvp server bedwars.bm
advertising	pvp server minescape.crs
advertising	b3stpvp.bj
advertising	ip craftkingdom.th
advertising	new server icecraft.statebank
clean	the changelog is at steam.church
clean	is curseforge.broker down for anyone else
advertising	play on junglemc.red
advertising	visit bedwars.sanofi
advertising	come play foxcraft.contact
advertising	hop on minescape.world
advertising	best server is playmc.pay
advertising	visit pvpzone.samsclub
clean	the wiki at reddit.ci is old
advertising	everyone join playmc.seven
advertising	l u n a r m c . j p m o r g a n
clean	the docs at youtube.page explain it
clean	the changelog is at imgur.stockholm
clean	that image is from medium.link
clean	the issue is tracked at curseforge.aw
advertising	come to funserver.weatherchannel
advertising	check out funserver.ieee
advertising	1c3craft.cards
advertising	check out minescape.man
advertising	we moved to craftmoon.got
clean	vimeo.abogado is not a minecraft site
clean	medium.playstation is not a minecraft site
advertising	play on foxcraft.ag
clean	imgur.stockholm is not a minecraft site
advertising	we moved to coolpvp.sling
clean	stackoverflow.run is not a minecraft site
advertising	we moved to craftmoon.agakhan
advertising	hop on dragonmc.ne
advertising	my server is icecraft.zero
advertising	c00lpvp.gratis
advertising	check out anarchy.statefarm
advertising	looking for players at bedwars.yoga
clean	modrinth.banamex loads slowly for me
advertising	hop on craftmoon.analytics
advertising	a n a r c h y . a i r f o r c e
advertising	play on icecraft.repair
advertising	play on opcraft.tz
advertising	ip skymc.yamaxun
advertising	n3th3rmc.ac
advertising	come to craftmoon.smart
advertising	free ranks at dragonmc.dev
advertising	we moved to pvpzone.stada
advertising	visit icecraft.pg
advertising	looking for players at pvpzone.bi
advertising	check out dragonmc.blackfriday
advertising	visit bestpvp.gifts
clean	is planetminecraft.kw down for anyone else
advertising	hop on bestpvp.sony
advertising	my server is goldrush.fedex
advertising	m3gasmp.spa
advertising	visit minescape.kerryhotels
advertising	looking for players at anarchy.gt
advertising	pvp server icecraft.network
advertising	pvp server minescape.lamborghini
clean	spigotmc.storage is a bad website lol
clean	their blog pastebin.zara is interesting
advertising	1c3craft.tunes
clean	someone linked youtube.jll in a video
clean	namemc.website loads slowly for me
advertising	try bestpvp.gbiz
advertising	looking for players at opcraft.systems
clean	i read it on youtube.blog
advertising	my server is foxcraft.eco
advertising	my server is emerald.srl
advertising	come play opcraft.eus
advertising	hop on craftkingdom.software
clean	that youtube.kh tutorial helped
advertising	free ranks at mcserver.schule
advertising	looking for players at minescape.glass
advertising	new server emerald.computer
advertising	jungl3mc.gucci
advertising	try bestpvp.men
advertising	g0ldrush.hisamitsu
advertising	looking for players at bestpvp.bv
clean	i saw a thread on steam.ismaili
advertising	everyone join icecraft.gallup
advertising	check out opcraft.dot
advertising	pvp server craftmoon.guge
advertising	server ip is icecraft.cn
clean	is github.honda down for anyone else
advertising	we moved to bestpvp.crown
advertising	my server is opcraft.motorcycles
advertising	drag0nmc.barefoot
advertising	visit megasmp.deals
advertising	free ranks at nethermc.shiksha
advertising	ip megasmp.emerck
advertising	everyone join minescape.bo
advertising	best server is goldrush.health
advertising	hop on dragonmc.theatre
clean	i found the answer on spigotmc.airbus
clean	imgur.how is not a minecraft site
clean	i saw a thread on youtube.nhk
advertising	join bedwars.systems
advertising	c00lpvp.download
advertising	visit survivalcraft.ao
advertising	ip coolpvp.law
advertising	funs3rv3r.tennis
advertising	best server is megasmp.cool
advertising	join funserver.travelers
advertising	join skymc.museum
advertising	pvp server coolpvp.biz
advertising	best server is coolpvp.immo
advertising	ip anarchy.joy
advertising	surv1valcraft.jo
clean	fandom.sc is not a minecraft site
clean	the mod is hosted on stackoverflow.vanguard
clean	i read it on papermc.quebec
advertising	m3gasmp.garden
advertising	server ip is craftkingdom.review
advertising	ip bestpvp.basketball
advertising	1c3craft.cisco
advertising	come play goldrush.insure
advertising	server ip is survivalcraft.bn
clean	someone linked namemc.live in a video
advertising	we moved to skymc.americanexpress
advertising	try coolpvp.kindle
clean	medium.ollo loads slowly for me
advertising	play on junglemc.cam
advertising	mcs3rv3r.kz
advertising	pvp server funserver.singles
clean	the wiki at github.insurance is old
advertising	try coolpvp.ollo
advertising	1c3craft.bond
advertising	free ranks at junglemc.sina
advertising	surv1valcraft.weibo
advertising	play on minescape.casino
advertising	a n a r c h y . b a n k
advertising	new server foxcraft.army
advertising	new server pvpzone.ipiranga
advertising	best server is megasmp.saarland
clean	the issue is tracked at curseforge.cologne
advertising	ip megasmp.gdn
clean	the changelog is at curseforge.latrobe
advertising	best server is mcserver.africa
advertising	new server survivalcraft.tvs
advertising	everyone join bestpvp.allstate
advertising	visit icecraft.social
advertising	drag0nmc.bradesco
clean	someone linked modrinth.center in a video
advertising	check out lunarmc.br
advertising	1c3craft.here
clean	their blog reddit.gallup is interesting
advertising	best server is pvpzone.vana
advertising	everyone join pvpzone.my
advertising	best server is coolpvp.mobi
advertising	try craftkingdom.new
advertising	pvpz0n3.credit
advertising	try icecraft.secure
clean	the wiki at twitch.hamburg is old
advertising	play on emerald.swatch
advertising	server ip is anarchy.ryukyu
advertising	mcs3rv3r.bms
advertising	visit bedwars.nowruz
advertising	we moved to anarchy.krd
advertising	visit megasmp.cab
advertising	best server is survivalcraft.weibo
advertising	s k y m c . p a g e
advertising	everyone join anarchy.fox
advertising	we moved to junglemc.chrome
advertising	best server is lunarmc.bcn
advertising	new server mcserver.ls
advertising	looking for players at anarchy.ril
advertising	ip survivalcraft.si
advertising	free ranks at foxcraft.cc
advertising	my server is playmc.otsuka
advertising	come to craftkingdom.new
clean	curseforge.stcgroup is not a minecraft site
clean	the docs at steam.xxx explain it
advertising	come play nethermc.bbc
advertising	join icecraft.cyou
clean	the changelog is at planetminecraft.cool
advertising	hop on emerald.bf
advertising	jungl3mc.aquarelle
advertising	mcs3rv3r.top
clean	their blog medium.sfr is interesting
clean	someone linked fandom.radio in a video
advertising	ip lunarmc.tvs
advertising	check out craftmoon.bike
advertising	everyone join playmc.scholarships
clean	check github.moscow later
advertising	join nethermc.olayan
advertising	check out playmc.inc
advertising	b3stpvp.wtf
clean	the issue is tracked at medium.tours
advertising	check out junglemc.swatch
clean	is spigotmc.weibo down for anyone else
advertising	hop on nethermc.pwc
advertising	surv1valcraft.cleaning
advertising	everyone join anarchy.trust
advertising	a n a r c h y . l t d
clean	i read it on fandom.nissan
clean	i read it on papermc.soccer
clean	the docs at github.farm explain it
advertising	server ip is playmc.win
advertising	b3stpvp.rent
advertising	we moved to anarchy.bbva
advertising	craftk1ngd0m.hkt
advertising	pvp server lunarmc.tk
advertising	pvp server bestpvp.aig
advertising	c00lpvp.forex
clean	that curseforge.travelers tutorial helped
advertising	best server is megasmp.safety
clean	wikipedia.bv is not a minecraft site
advertising	n3th3rmc.pioneer
clean	google it or look at reddit.eus
advertising	f0xcraft.now
advertising	server ip is minescape.rehab
advertising	new server playmc.living
advertising	pvp server bestpvp.bnpparibas
advertising	hop on icecraft.maif
advertising	try emerald.audio
advertising	everyone join opcraft.life
clean	someone linked medium.pa in a video
advertising	s k y m c . m u s e u m
advertising	best server is anarchy.financial
clean	their blog twitch.studio is interesting
clean	is modrinth.mls down for anyone else
advertising	join bedwars.sport
advertising	we moved to playmc.tm
advertising	s k y m c . a u d i
clean	google it or look at stackoverflow.woodside
clean	imgur.gives is not a minecraft site
clean	their blog fandom.yachts is interesting
advertising	new server bedwars.name
advertising	ip opcraft.surgery
advertising	visit emerald.ag
advertising	check out pvpzone.digital
advertising	funs3rv3r.cbn
advertising	hop on nethermc.woodside
advertising	hop on dragonmc.hm
advertising	come to survivalcraft.click
advertising	new server goldrush.farmers
advertising	come play craftmoon.place
advertising	we moved to foxcraft.eco
advertising	ip skymc.flights
advertising	my server is bestpvp.gbiz
clean	someone linked reddit.taobao in a video
advertising	everyone join pvpzone.weather
clean	medium.forex is a bad website lol
clean	wikipedia.villas loads slowly for me
advertising	new server bestpvp.coupons
advertising	s k y m c . c e n t e r
advertising	my server is junglemc.hbo
advertising	hop on emerald.kred
advertising	looking for players at craftkingdom.meme
advertising	we moved to minescape.diet
clean	the docs at spigotmc.nec explain it
advertising	s k y m c . f a m i l y
advertising	1c3craft.datsun
advertising	free ranks at playmc.gop
clean	the wiki at reddit.dnp is old
advertising	free ranks at mcserver.support
advertising	craftk1ngd0m.team
advertising	check out funserver.bh
advertising	pvp server dragonmc.corsica
advertising	free ranks at minescape.cymru
advertising	visit pvpzone.global
advertising	free ranks at minescape.blockbuster
advertising	visit minescape.futbol
advertising	come play nethermc.taxi
advertising	my server is craftkingdom.richardli
advertising	everyone join survivalcraft.sakura
advertising	jungl3mc.chintai
advertising	server ip is emerald.buy
clean	the issue is tracked at papermc.fan
advertising	3m3rald.ir
advertising	pvp server opcraft.dot
clean	i saw a thread on steam.paris
clean	is vimeo.coffee down for anyone else
advertising	join bedwars.et
advertising	come to foxcraft.beer
advertising	free ranks at nethermc.nr
advertising	come to goldrush.bargains
advertising	pvp server anarchy.xxx
advertising	server ip is emerald.cpa
advertising	n3th3rmc.pwc
advertising	pvp server craftkingdom.lpl
advertising	drag0nmc.vi
advertising	we moved to goldrush.like
advertising	free ranks at lunarmc.tel
advertising	play on playmc.flir
advertising	come play skymc.page
advertising	jungl3mc.kosher
advertising	come to survivalcraft.fire
advertising	pvpz0n3.spa
clean	github.lotte is not a minecraft site
advertising	play on icecraft.reliance
advertising	we moved to foxcraft.ceo
advertising	my server is minescape.zm
advertising	play on bedwars.ci
advertising	l u n a r m c . b t
advertising	looking for players at bestpvp.seat
advertising	free ranks at bestpvp.camera
advertising	ip emerald.volvo
advertising	best server is bedwars.safety
advertising	come to nethermc.pioneer
clean	their blog spigotmc.tci is interesting
advertising	n3th3rmc.hosting
advertising	play on icecraft.zw
advertising	hop on dragonmc.school
clean	google it or look at curseforge.hyatt
advertising	pvp server bedwars.hyatt
advertising	we moved to opcraft.abudhabi
advertising	3m3rald.theater
advertising	pvpz0n3.nowruz
advertising	new server icecraft.cyou
clean	i read it on curseforge.meet
advertising	come to nethermc.ibm
advertising	best server is anarchy.tj
advertising	f0xcraft.gf
advertising	join playmc.ing
advertising	server ip is opcraft.life
advertising	n3th3rmc.mw
advertising	come play playmc.pictures
advertising	craftk1ngd0m.exchange
advertising	my server is megasmp.clinique
advertising	new server minescape.azure
clean	is modrinth.staples down for anyone else
advertising	we moved to bedwars.cba
advertising	looking for players at nethermc.ally
advertising	try playmc.de
advertising	b3dwars.madrid
clean	i found the answer on papermc.bargains
advertising	come play minescape.film
advertising	server ip is megasmp.lanxess
advertising	free ranks at goldrush.fr
clean	the docs at spigotmc.cz explain it
clean	the docs at spigotmc.sydney explain it
clean	i read it on imgur.bible
advertising	try opcraft.be
advertising	check out foxcraft.spot
advertising	free ranks at bestpvp.movie
advertising	looking for players at anarchy.mint
advertising	hop on skymc.loans
advertising	try bedwars.cba
advertising	best server is emerald.ubs
advertising	join bestpvp.lotte
advertising	my server is foxcraft.ceo
advertising	try craftmoon.show
advertising	check out bestpvp.mobi
advertising	new server mcserver.tn
clean	is youtube.jll down for anyone else
advertising	looking for players at anarchy.merckmsd
clean	someone linked namemc.builders in a video
clean	github.army is not a minecraft site
advertising	pvp server bedwars.wtc
advertising	everyone join bedwars.ar
advertising	play on bestpvp.rio
advertising	new server dragonmc.school
clean	google it or look at spigotmc.study
advertising	check out bedwars.st
advertising	try opcraft.tv
clean	the docs at reddit.porn explain it
advertising	come play icecraft.gn
clean	google it or look at youtube.nissay
clean	the docs at pastebin.toray explain it
advertising	visit bedwars.erni
clean	the changelog is at youtube.office
clean	someone linked youtube.vacations in a video
advertising	looking for players at junglemc.goodyear
advertising	best server is bedwars.house
advertising	0pcraft.genting
advertising	1c3craft.hermes
advertising	server ip is craftmoon.weir
advertising	l u n a r m c . c a l v i n k l e i n
advertising	new server minescape.next
advertising	server ip is survivalcraft.luxe
clean	the docs at planetminecraft.pars explain it
clean	the issue is tracked at pastebin.amazon
advertising	join nethermc.investments
advertising	ip icecraft.garden
advertising	free ranks at bestpvp.lotte
advertising	hop on nethermc.eg
advertising	ip junglemc.grainger
clean	the issue is tracked at curseforge.hyatt
advertising	new server playmc.insurance
advertising	come to skymc.audi
advertising	funs3rv3r.chrome
clean	google it or look at planetminecraft.bnpparibas
advertising	play on anarchy.airforce
advertising	new server bestpvp.in
clean	github.nikon is not a minecraft site
advertising	come play survivalcraft.mtn
clean	twitch.br is a bad website lol
advertising	play on playmc.post
advertising	visit craftkingdom.bcg
advertising	hop on emerald.training
advertising	ip skymc.enterprises
advertising	free ranks at bestpvp.hair
advertising	try bestpvp.ngo
advertising	check out survivalcraft.si
advertising	come play pvpzone.bi
advertising	server ip is mcserver.top
advertising	check out craftkingdom.tm
advertising	new server pvpzone.supplies
advertising	free ranks at bestpvp.gbiz
advertising	f0xcraft.gp
advertising	come play dragonmc.inc
advertising	server ip is minescape.globo
clean	i saw a thread on planetminecraft.pt
advertising	visit foxcraft.ceo
advertising	check out emerald.blackfriday
advertising	free ranks at skymc.rocks
advertising	come to funserver.sn
advertising	try anarchy.bradesco
clean	namemc.ruhr is not a minecraft site
clean	i saw a thread on spigotmc.walter
advertising	come to dragonmc.equipment
advertising	everyone join coolpvp.ruhr
clean	google it or look at curseforge.meet
advertising	visit craftkingdom.pk
advertising	mcs3rv3r.holiday
advertising	come play foxcraft.fairwinds
advertising	come play survivalcraft.fund
advertising	l u n a r m c . l a c a i x a
clean	someone linked vimeo.saxo in a video
advertising	free ranks at craftmoon.vin
clean	the issue is tracked at twitch.wed
clean	twitch.marriott is a bad website lol
advertising	funs3rv3r.catering
advertising	c00lpvp.shell
clean	medium.lilly is a bad website lol
advertising	we moved to coolpvp.forex
clean	google it or look at planetminecraft.hiv
advertising	everyone join mcserver.cologne
advertising	s k y m c . g r a p h i c s
clean	that image is from fandom.monster
clean	google it or look at wikipedia.analytics
clean	is curseforge.gb down for anyone else
advertising	best server is pvpzone.clinic
advertising	mcs3rv3r.taipei
advertising	join funserver.mormon
advertising	visit icecraft.softbank
clean	i read it on steam.ai
advertising	server ip is anarchy.adult
advertising	come play craftkingdom.fm
advertising	come to opcraft.koeln
advertising	hop on craftkingdom.drive
advertising	ip foxcraft.dental
clean	i read it on wikipedia.tushu
advertising	p l a y m c . n i k e
advertising	s k y m c . p h o t o
advertising	a n a r c h y . l u x e
advertising	drag0nmc.company
clean	the docs at wikipedia.theater explain it
advertising	best server is anarchy.jprs
clean	i read it on steam.fairwinds
advertising	visit anarchy.extraspace
advertising	my server is pvpzone.allstate
advertising	come to emerald.vig
advertising	n3th3rmc.bond
clean	the wiki at planetminecraft.bnpparibas is old
advertising	pvpz0n3.best
advertising	come play goldrush.exposed
clean	someone linked github.farm in a video
advertising	play on bestpvp.bnpparibas
clean	i saw a thread on reddit.productions
advertising	best server is dragonmc.equipment
advertising	join survivalcraft.condos
clean	fandom.mh loads slowly for me
advertising	best server is emerald.dds
advertising	hop on junglemc.as
advertising	new server junglemc.loans
clean	i read it on fandom.actor
clean	that image is from curseforge.enterprises
advertising	server ip is playmc.read
advertising	looking for players at craftmoon.td
advertising	looking for players at craftmoon.frogans
advertising	looking for players at minescape.blockbuster
advertising	ip bestpvp.group
advertising	free ranks at mcserver.ryukyu
advertising	my server is opcraft.eus
advertising	join coolpvp.scb
advertising	visit opcraft.bd
advertising	free ranks at pvpzone.cern
advertising	visit survivalcraft.pwc
advertising	ip craftmoon.mls
advertising	free ranks at pvpzone.store
advertising	new server goldrush.mov
advertising	come to bestpvp.sr
advertising	visit lunarmc.academy
advertising	join minescape.dev
clean	their blog fandom.engineering is interesting
clean	github.store is a bad website lol
advertising	looking for players at bedwars.eg
clean	i saw a thread on papermc.akdn
advertising	hop on funserver.istanbul
advertising	everyone join coolpvp.arte
advertising	m1n3scap3.tienda
clean	the docs at spigotmc.photos explain it
advertising	craftm00n.airtel
advertising	pvp server junglemc.security
advertising	drag0nmc.vivo
advertising	pvp server survivalcraft.vg
advertising	drag0nmc.ne
advertising	join bedwars.properties
advertising	best server is nethermc.vlaanderen
advertising	new server mcserver.axa
advertising	best server is craftkingdom.review
advertising	we moved to survivalcraft.reviews
clean	someone linked steam.pe in a video
advertising	everyone join survivalcraft.imamat
advertising	3m3rald.seat
clean	the mod is hosted on fandom.energy
advertising	hop on icecraft.datsun
clean	google it or look at namemc.work
advertising	pvp server mcserver.bom
clean	i saw a thread on reddit.channel
advertising	everyone join craftkingdom.mormon
advertising	join lunarmc.bf
advertising	free ranks at bestpvp.pid
advertising	come play bestpvp.canon
advertising	hop on foxcraft.mz
clean	i saw a thread on papermc.vote
advertising	looking for players at junglemc.volvo
advertising	everyone join goldrush.goog
clean	that image is from papermc.ifm
advertising	my server is funserver.earth
advertising	ip dragonmc.lotte
advertising	join coolpvp.dclk
advertising	ip craftkingdom.pin
advertising	3m3rald.mw
advertising	free ranks at foxcraft.vanguard
advertising	free ranks at icecraft.social
advertising	free ranks at survivalcraft.hn
advertising	m1n3scap3.party
advertising	check out icecraft.amica
advertising	looking for players at craftmoon.dubai
clean	check steam.sina later
clean	the changelog is at medium.app
advertising	come play nethermc.citi
advertising	my server is mcserver.ikano
advertising	everyone join megasmp.stcgroup
clean	imgur.adult is a bad website lol
advertising	try funserver.gives
advertising	server ip is coolpvp.icbc
advertising	new server survivalcraft.foo
advertising	looking for players at goldrush.st
advertising	f0xcraft.feedback
clean	github.tires loads slowly for me
advertising	come to funserver.bb
advertising	hop on goldrush.goog
clean	the changelog is at planetminecraft.open
advertising	everyone join minescape.nf
advertising	looking for players at funserver.mormon
clean	i saw a thread on pastebin.ug
advertising	come play anarchy.vig
advertising	server ip is coolpvp.properties
advertising	best server is megasmp.events
advertising	my server is dragonmc.ss
advertising	come play skymc.km
clean	modrinth.hsbc is not a minecraft site
advertising	looking for players at icecraft.zero
advertising	check out bestpvp.boehringer
advertising	pvp server pvpzone.jobs
clean	is youtube.blue down for anyone else
advertising	my server is nethermc.gift
clean	stackoverflow.lplfinancial loads slowly for me
advertising	pvp server coolpvp.tab
clean	their blog modrinth.banamex is interesting
advertising	come play goldrush.lc
clean	stackoverflow.otsuka is not a minecraft site
advertising	m3gasmp.tdk
advertising	try foxcraft.ubs
advertising	come to playmc.flir
clean	google it or look at wikipedia.lifeinsurance
advertising	free ranks at bestpvp.cy
advertising	server ip is coolpvp.gratis
clean	the wiki at fandom.apple is old
advertising	everyone join survivalcraft.condos
advertising	come to foxcraft.management
advertising	1c3craft.network
advertising	pvp server craftkingdom.watches
advertising	m3gasmp.safety
clean	namemc.wang is not a minecraft site
advertising	ip mcserver.supply
advertising	craftm00n.firmdale
clean	i found the answer on planetminecraft.kw
advertising	best server is emerald.esq
advertising	g0ldrush.neustar
advertising	new server playmc.photography
advertising	server ip is pvpzone.attorney
advertising	we moved to dragonmc.yandex
advertising	we moved to nethermc.kw
advertising	hop on nethermc.broker
advertising	free ranks at mcserver.bauhaus
clean	fandom.dk loads slowly for me
clean	i read it on twitch.gift
advertising	pvp server foxcraft.gf
advertising	come play icecraft.sener
advertising	pvp server craftmoon.orange
clean	the docs at steam.gifts explain it
clean	the changelog is at vimeo.bbt
advertising	join funserver.movie
advertising	best server is dragonmc.inc
advertising	join junglemc.casino
advertising	b3dwars.ca
clean	reddit.circle is a bad website lol
advertising	best server is funserver.as
advertising	my server is emerald.futbol
advertising	come play coolpvp.homes
advertising	check out funserver.homesense
clean	i found the answer on fandom.graphics
advertising	try icecraft.watch
advertising	visit lunarmc.ferrero
advertising	m3gasmp.rentals
advertising	craftm00n.app
advertising	everyone join anarchy.jprs
clean	the changelog is at youtube.lacaixa
advertising	we moved to mcserver.africa
advertising	ip mcserver.ist
advertising	craftk1ngd0m.tiaa
advertising	check out funserver.hosting
advertising	everyone join bedwars.wed
clean	someone linked fandom.actor in a video
advertising	we moved to emerald.dds
clean	i found the answer on modrinth.shoes
advertising	come to bestpvp.basketball
advertising	everyone join goldrush.voting
clean	their blog youtube.rwe is interesting
clean	the wiki at modrinth.fi is old
clean	that image is from medium.bj
advertising	pvp server pvpzone.best
clean	the mod is hosted on reddit.property
advertising	check out foxcraft.commbank
advertising	pvpz0n3.stada
clean	the wiki at steam.cheap is old
clean	the wiki at stackoverflow.lplfinancial is old
advertising	m1n3scap3.theatre
advertising	visit playmc.is
clean	their blog pastebin.ac is interesting
clean	google it or look at modrinth.clothing
advertising	try bedwars.ky
advertising	check out emerald.reise
advertising	craftk1ngd0m.winners
clean	google it or look at papermc.shiksha
clean	planetminecraft.kw is not a minecraft site
advertising	pvp server nethermc.george
advertising	free ranks at junglemc.clothing
clean	i found the answer on modrinth.arpa
advertising	looking for players at pvpzone.creditcard
advertising	join nethermc.guide
clean	namemc.mt is not a minecraft site
clean	i found the answer on pastebin.charity
advertising	best server is craftmoon.construction
advertising	come play minescape.meet
advertising	check out dragonmc.international
advertising	g0ldrush.builders
clean	check youtube.day later
clean	their blog vimeo.shia is interesting
clean	youtube.broadway loads slowly for me
advertising	join minescape.gent
clean	check vimeo.bbva later
advertising	everyone join emerald.villas
clean	that image is from modrinth.fresenius
advertising	visit craftmoon.vegas
advertising	join bestpvp.tk
advertising	come to survivalcraft.hn
clean	check wikipedia.lifeinsurance later
advertising	come to icecraft.wow
clean	the wiki at curseforge.gb is old
clean	the docs at spigotmc.cipriani explain it
clean	i read it on papermc.career
advertising	try minescape.haus
advertising	pvp server opcraft.allfinanz
advertising	play on coolpvp.stada
advertising	pvp server playmc.mk
clean	the wiki at modrinth.bi is old
advertising	pvp server goldrush.locker
advertising	check out funserver.catering
clean	youtube.homes is not a minecraft site
clean	check spigotmc.photos later
advertising	we moved to dragonmc.bbc
advertising	mcs3rv3r.hotels
advertising	server ip is pvpzone.spa
clean	check papermc.nexus later
advertising	come play megasmp.whoswho
clean	the issue is tracked at youtube.viajes
clean	the wiki at spigotmc.sydney is old
advertising	come to emerald.lol
advertising	new server mcserver.guru
advertising	we moved to skymc.th
advertising	new server foxcraft.hk
advertising	play on foxcraft.parts
advertising	looking for players at coolpvp.dclk
advertising	come play opcraft.engineering
advertising	0pcraft.xihuan
advertising	everyone join craftmoon.kerryproperties
advertising	f0xcraft.career
clean	the issue is tracked at vimeo.mitsubishi
advertising	a n a r c h y . g t
advertising	pvp server dragonmc.jetzt
advertising	new server craftkingdom.ubank
clean	i found the answer on namemc.style
advertising	we moved to lunarmc.schule
advertising	new server pvpzone.weatherchannel
advertising	pvp server coolpvp.aig
clean	papermc.re is a bad website lol
advertising	free ranks at bedwars.fish
advertising	try goldrush.center
clean	the wiki at github.uz is old
advertising	drag0nmc.lefrak
clean	the docs at planetminecraft.pink explain it
advertising	everyone join junglemc.gi
advertising	a n a r c h y . n e t b a n k
clean	that medium.one tutorial helped
advertising	we moved to bestpvp.wanggou
advertising	s k y m c . t h e a t e r
clean	medium.accountant is not a minecraft site
advertising	n3th3rmc.bloomberg
advertising	hop on emerald.cheap
advertising	p l a y m c . l d s
advertising	come play bestpvp.gr
advertising	we moved to mcserver.bayern
clean	that image is from papermc.nexus
advertising	hop on lunarmc.cam
advertising	visit minescape.diet
advertising	m1n3scap3.capetown
advertising	check out lunarmc.yachts
clean	fandom.mh is not a minecraft site
advertising	l u n a r m c . k i t c h e n
advertising	server ip is craftkingdom.actor
clean	check fandom.apple later
advertising	pvp server skymc.rocks
advertising	ip minescape.haus
advertising	check out foxcraft.music
advertising	ip icecraft.vegas
clean	youtube.seven is not a minecraft site
clean	their blog vimeo.author is interesting
advertising	my server is craftmoon.re
advertising	new server dragonmc.sbs
clean	the mod is hosted on medium.thd
clean	i saw a thread on modrinth.training
clean	the changelog is at papermc.social
advertising	ip minescape.dvr
advertising	m3gasmp.lgbt
advertising	best server is bedwars.new
advertising	hop on foxcraft.feedback
advertising	looking for players at anarchy.mtr
advertising	ip skymc.ventures
advertising	hop on icecraft.sex
clean	github.melbourne is a bad website lol
advertising	best server is bedwars.gh
advertising	best server is bedwars.discover
advertising	looking for players at megasmp.audio
advertising	new server craftmoon.fujitsu
advertising	best server is minescape.build
advertising	we moved to opcraft.landrover
advertising	play on lunarmc.kitchen
clean	the mod is hosted on namemc.wtc
clean	the wiki at twitch.cpa is old
clean	i read it on pastebin.hitachi
clean	i found the answer on wikipedia.ga
clean	vimeo.ryukyu is a bad website lol
advertising	0pcraft.jll
advertising	ip dragonmc.vi
advertising	check out survivalcraft.tvs
advertising	check out playmc.pay
clean	i read it on papermc.video
clean	google it or look at modrinth.delta
advertising	ip coolpvp.np
advertising	check out anarchy.click
clean	the mod is hosted on modrinth.tn
advertising	ip emerald.audio
advertising	f0xcraft.gay
clean	check reddit.organic later
advertising	come to dragonmc.hiphop
advertising	server ip is goldrush.sy
advertising	my server is craftmoon.chat
advertising	check out survivalcraft.soy
advertising	everyone join craftkingdom.run
clean	someone linked wikipedia.cm in a video
advertising	drag0nmc.ga
advertising	ip survivalcraft.horse
advertising	visit nethermc.commbank
advertising	new server dragonmc.az
clean	i read it on stackoverflow.attorney
advertising	visit craftmoon.works
advertising	looking for players at pvpzone.et
advertising	everyone join nethermc.mh
advertising	check out icecraft.nagoya
advertising	check out megasmp.hm
advertising	m3gasmp.saarland
advertising	funs3rv3r.ieee
advertising	visit minescape.observer
advertising	new server bedwars.windows
advertising	b3dwars.fresenius
advertising	best server is anarchy.sa
advertising	everyone join mcserver.schule
advertising	everyone join bestpvp.green
advertising	check out bedwars.now
advertising	looking for players at coolpvp.download
advertising	my server is mcserver.shopping
advertising	best server is foxcraft.cc
advertising	come to craftkingdom.wales
advertising	my server is icecraft.voto
clean	someone linked twitch.brother in a video
clean	the wiki at vimeo.bbva is old
advertising	visit icecraft.weber
clean	fandom.fit is not a minecraft site
advertising	join emerald.host
clean	their blog spigotmc.ventures is interesting
advertising	try playmc.homegoods
advertising	new server emerald.eat
clean	the docs at imgur.man explain it
advertising	free ranks at nethermc.abogado
advertising	visit survivalcraft.aol
advertising	funs3rv3r.oracle
advertising	pvpz0n3.aws
advertising	visit opcraft.lv
advertising	best server is funserver.cr
clean	steam.living loads slowly for me
clean	the changelog is at steam.arte
advertising	free ranks at survivalcraft.hamburg
advertising	1c3craft.sener
advertising	m1n3scap3.il
advertising	free ranks at funserver.mg
clean	the docs at modrinth.arpa explain it
advertising	craftk1ngd0m.docs
advertising	g0ldrush.exposed
clean	i saw a thread on twitch.cruises
advertising	visit survivalcraft.democrat
advertising	best server is junglemc.call
clean	fandom.phone is not a minecraft site
clean	is steam.tg down for anyone else
advertising	come play bedwars.villas
clean	the mod is hosted on github.er
clean	imgur.imamat is not a minecraft site
advertising	best server is mcserver.lexus
advertising	craftk1ngd0m.bb
advertising	server ip is megasmp.feedback
advertising	l u n a r m c . b r
advertising	visit lunarmc.photo
clean	the docs at curseforge.bosch explain it
clean	the changelog is at imgur.fashion
clean	google it or look at pastebin.silk
advertising	free ranks at opcraft.broker
advertising	free ranks at nethermc.yandex
advertising	visit bedwars.srl
advertising	l u n a r m c . a n a l y t i c s
clean	modrinth.call is not a minecraft site
advertising	visit megasmp.bar
advertising	everyone join funserver.singles
clean	is medium.es down for anyone else
advertising	visit lunarmc.cruises
advertising	come to skymc.theater
advertising	1c3craft.republican
clean	someone linked twitch.lego in a video
advertising	try dragonmc.dental
advertising	best server is craftkingdom.ibm
advertising	hop on coolpvp.community
clean	that stackoverflow.pr tutorial helped
advertising	everyone join survivalcraft.dm
clean	the mod is hosted on youtube.mg
advertising	visit craftmoon.ba
advertising	visit pvpzone.call
advertising	best server is junglemc.as
advertising	check out nethermc.fit
advertising	visit skymc.jio
advertising	join icecraft.army
advertising	looking for players at anarchy.fox
clean	the docs at youtube.ubank explain it
advertising	pvp server mcserver.bms
advertising	pvp server opcraft.med
advertising	everyone join goldrush.kitchen
advertising	l u n a r m c . g m o
clean	their blog curseforge.capitalone is interesting
advertising	we moved to mcserver.homesense
clean	the issue is tracked at fandom.lidl
clean	the changelog is at fandom.faith
advertising	try bedwars.safety
advertising	new server craftkingdom.voting
advertising	try bestpvp.yamaxun
advertising	pvp server survivalcraft.reviews
advertising	n3th3rmc.republican
advertising	come to craftmoon.construction
clean	the changelog is at github.google
advertising	we moved to survivalcraft.bharti
advertising	check out goldrush.li
clean	i found the answer on medium.stream
clean	is youtube.broadway down for anyone else
advertising	new server icecraft.video
advertising	play on nethermc.consulting
clean	i saw a thread on pastebin.va
advertising	server ip is survivalcraft.aws
clean	i found the answer on vimeo.hisamitsu
advertising	new server coolpvp.amex
advertising	b3dwars.immobilien
advertising	looking for players at bedwars.ricoh
advertising	looking for players at emerald.pro
advertising	p l a y m c . m t
advertising	everyone join bedwars.financial
clean	the issue is tracked at curseforge.broker
clean	someone linked github.cx in a video
advertising	pvp server bedwars.systems
advertising	free ranks at junglemc.ollo
advertising	craftm00n.aetna
clean	the changelog is at twitch.moda
advertising	ip playmc.ericsson
advertising	we moved to playmc.rich
advertising	join skymc.yamaxun
advertising	we moved to icecraft.nhk
clean	their blog curseforge.calvinklein is interesting
clean	i found the answer on medium.digital
clean	their blog medium.lilly is interesting
advertising	join minescape.extraspace
advertising	try anarchy.meme
advertising	pvp server junglemc.gallo
advertising	pvp server bedwars.philips
advertising	check out icecraft.versicherung
advertising	my server is nethermc.cv
advertising	try skymc.center
clean	the wiki at youtube.weatherchannel is old
advertising	check out opcraft.ni
clean	check youtube.country later
clean	i read it on medium.cf
advertising	1c3craft.weir
advertising	free ranks at icecraft.secure
advertising	play on bedwars.philips
advertising	come play opcraft.zara
advertising	n3th3rmc.baseball
advertising	everyone join icecraft.express
clean	check namemc.ruhr later
advertising	ip foxcraft.college
advertising	try emerald.goog
clean	curseforge.sling loads slowly for me
advertising	free ranks at junglemc.hiv
advertising	come to opcraft.tv
advertising	s k y m c . f l i g h t s
advertising	free ranks at foxcraft.cl
advertising	free ranks at anarchy.vig
advertising	play on icecraft.ping
advertising	free ranks at lunarmc.lat
advertising	check out craftkingdom.exchange
advertising	free ranks at pvpzone.health
advertising	m1n3scap3.dance
advertising	check out lunarmc.capital
clean	the docs at twitch.mil explain it
clean	someone linked medium.lol in a video
advertising	f0xcraft.se
clean	the changelog is at reddit.fage
advertising	looking for players at coolpvp.panasonic
clean	i read it on reddit.read
advertising	join bedwars.apple
clean	their blog stackoverflow.shangrila is interesting
advertising	play on craftmoon.olayangroup
clean	i saw a thread on pastebin.jprs
advertising	try mcserver.saxo
advertising	mcs3rv3r.guide
advertising	we moved to minescape.tiaa
advertising	g0ldrush.cipriani
advertising	new server playmc.abbvie
clean	i found the answer on vimeo.bbt
advertising	we moved to goldrush.alipay
advertising	g0ldrush.moscow
advertising	my server is coolpvp.yodobashi
advertising	1c3craft.vin
advertising	b3stpvp.tk
advertising	mcs3rv3r.cr
advertising	drag0nmc.equipment
clean	check twitch.secure later
clean	check vimeo.saxo later
clean	that image is from youtube.skype
advertising	check out bedwars.kh
clean	the mod is hosted on twitch.goodyear
advertising	come to nethermc.rest
advertising	looking for players at foxcraft.ag
advertising	looking for players at bedwars.property
advertising	everyone join playmc.computer
advertising	everyone join craftmoon.community
advertising	come to funserver.sfr
advertising	server ip is emerald.ai
advertising	come to coolpvp.partners
advertising	come to pvpzone.hyatt
clean	the changelog is at twitch.edeka
clean	that imgur.free tutorial helped
advertising	play on opcraft.landrover
advertising	try coolpvp.phd
clean	the mod is hosted on youtube.dentist
advertising	ip nethermc.legal
advertising	s k y m c . m o b i l e
advertising	new server minescape.kaufen
clean	that vimeo.koeln tutorial helped
clean	i read it on stackoverflow.lplfinancial
advertising	m3gasmp.bms
clean	medium.lamer is a bad website lol
advertising	0pcraft.cd
advertising	play on dragonmc.life
advertising	p l a y m c . b o m
advertising	my server is junglemc.webcam
advertising	server ip is coolpvp.mobi
advertising	we moved to foxcraft.aero
advertising	everyone join opcraft.hsbc
clean	google it or look at wikipedia.firestone
advertising	m3gasmp.racing
advertising	free ranks at goldrush.hisamitsu
advertising	ip skymc.page
advertising	server ip is opcraft.llp
advertising	ip megasmp.boston
advertising	server ip is playmc.kg
clean	someone linked modrinth.my in a video
clean	their blog stackoverflow.cc is interesting
advertising	everyone join mcserver.ikano
advertising	everyone join icecraft.name
advertising	play on craftkingdom.sh
advertising	drag0nmc.international
advertising	join anarchy.hotels
advertising	l u n a r m c . j e t z t
advertising	join anarchy.flowers
clean	the changelog is at stackoverflow.woodside
advertising	come to craftkingdom.organic
advertising	p l a y m c . k p
advertising	join junglemc.accountants
clean	imgur.finance is not a minecraft site
advertising	looking for players at nethermc.club
advertising	best server is pvpzone.info
advertising	p l a y m c . l i v i n g
advertising	hop on icecraft.read
advertising	n3th3rmc.fit
clean	i found the answer on twitch.plumbing
advertising	play on junglemc.it
advertising	new server dragonmc.show
advertising	come to dragonmc.channel
advertising	everyone join pvpzone.gmo
advertising	visit bestpvp.sh
advertising	b3dwars.eg
advertising	we moved to icecraft.video
advertising	hop on funserver.tax
advertising	everyone join lunarmc.mint
clean	the mod is hosted on spigotmc.realty
advertising	hop on lunarmc.aquarelle
advertising	new server coolpvp.map
clean	the mod is hosted on reddit.house
advertising	try coolpvp.bid
advertising	mcs3rv3r.bayern
advertising	hop on opcraft.jll
advertising	free ranks at bedwars.wiki
advertising	come play nethermc.got
clean	the wiki at namemc.case is old
clean	that image is from wikipedia.ml
clean	check youtube.versicherung later
advertising	visit bedwars.jnj
clean	google it or look at papermc.art
advertising	c00lpvp.art
clean	google it or look at curseforge.yt
advertising	visit dragonmc.nl
advertising	free ranks at survivalcraft.solutions
advertising	hop on opcraft.kosher
advertising	craftk1ngd0m.pe
advertising	hop on bedwars.abb
clean	check imgur.catering later
advertising	best server is bestpvp.sale
advertising	surv1valcraft.pay
advertising	we moved to mcserver.ist
clean	the mod is hosted on wikipedia.credit
advertising	new server minescape.farm
advertising	funs3rv3r.epson
advertising	free ranks at foxcraft.gallup
advertising	come to junglemc.kosher
clean	their blog papermc.sas is interesting
advertising	join minescape.teva
clean	twitch.ph is a bad website lol
clean	i found the answer on vimeo.gi
advertising	hop on skymc.lawyer
advertising	0pcraft.tv
clean	planetminecraft.web loads slowly for me
clean	that imgur.gives tutorial helped
advertising	looking for players at pvpzone.info
clean	that image is from imgur.hotels
advertising	ip pvpzone.asda
clean	the issue is tracked at fandom.select
advertising	join pvpzone.wales
advertising	best server is funserver.sn
advertising	pvp server lunarmc.mq
clean	vimeo.sg is not a minecraft site
advertising	ip anarchy.mtr
advertising	pvp server dragonmc.yandex
advertising	try emerald.jll
advertising	hop on mcserver.schule
advertising	m3gasmp.sy
clean	i saw a thread on fandom.wow
clean	their blog imgur.free is interesting
advertising	hop on lunarmc.mma
advertising	everyone join opcraft.productions
clean	fandom.holiday is not a minecraft site
advertising	come play dragonmc.corsica
advertising	hop on craftmoon.wme
advertising	try dragonmc.americanexpress
advertising	play on anarchy.jpmorgan
advertising	looking for players at craftmoon.shia
advertising	we moved to megasmp.cv
advertising	best server is survivalcraft.ma
clean	that image is from vimeo.it
advertising	everyone join goldrush.fast
advertising	surv1valcraft.ventures
clean	someone linked modrinth.locus in a video
advertising	come play skymc.samsung
advertising	check out bestpvp.yt
advertising	play on pvpzone.ro
advertising	my server is minescape.cymru
clean	google it or look at fandom.sj
advertising	looking for players at goldrush.creditunion
advertising	server ip is coolpvp.hdfcbank
advertising	craftk1ngd0m.pk
advertising	pvp server nethermc.ubank
advertising	join coolpvp.mango
advertising	looking for players at bedwars.windows
advertising	we moved to foxcraft.gay
advertising	we moved to dragonmc.monash
advertising	looking for players at nethermc.software
clean	that youtube.dz tutorial helped
advertising	come play mcserver.lb
advertising	ip funserver.box
advertising	l u n a r m c . h i s a m i t s u
advertising	come play junglemc.jp
advertising	come to opcraft.mba
advertising	l u n a r m c . b r
advertising	looking for players at opcraft.tv
advertising	join foxcraft.se
advertising	craftm00n.ec
advertising	everyone join pvpzone.store
advertising	looking for players at icecraft.bz
clean	someone linked github.smart in a video
clean	is spigotmc.tkmaxx down for anyone else
advertising	server ip is anarchy.krd
advertising	check out nethermc.ck
advertising	come to survivalcraft.energy
advertising	join emerald.bg
advertising	join nethermc.eg
advertising	play on foxcraft.cfd
advertising	join craftmoon.weibo
advertising	pvp server dragonmc.pars
clean	that image is from modrinth.press
advertising	hop on opcraft.bing
advertising	visit goldrush.you
clean	check spigotmc.bio later
clean	the mod is hosted on imgur.monash
advertising	looking for players at goldrush.anz
advertising	server ip is bestpvp.qa
clean	that image is from reddit.bar
advertising	a n a r c h y . c a r s
advertising	join survivalcraft.bingo
clean	i found the answer on pastebin.target
advertising	free ranks at opcraft.lawyer
advertising	come to skymc.fidelity
advertising	visit playmc.flights
advertising	f0xcraft.fairwinds
clean	i saw a thread on curseforge.juegos
advertising	hop on survivalcraft.verisign
advertising	come play skymc.ch
advertising	hop on junglemc.gucci
advertising	best server is craftmoon.re
advertising	come to survivalcraft.surf
clean	that image is from namemc.sap
advertising	my server is pvpzone.abb
advertising	looking for players at minescape.java
advertising	we moved to nethermc.industries
advertising	check out bedwars.hot
clean	that papermc.ni tutorial helped
advertising	server ip is craftkingdom.pe
advertising	my server is foxcraft.channel
advertising	ip craftmoon.kerryproperties
advertising	visit craftkingdom.fm
advertising	hop on bedwars.sanofi
advertising	craftm00n.mr
clean	i saw a thread on wikipedia.homedepot
advertising	check out icecraft.gn
clean	the changelog is at youtube.music
clean	i found the answer on namemc.norton
clean	the docs at curseforge.zero explain it
advertising	come to foxcraft.fan
advertising	1c3craft.weber
advertising	new server survivalcraft.protection
advertising	everyone join survivalcraft.bh
advertising	hop on bedwars.cz
advertising	play on bestpvp.dating
advertising	free ranks at survivalcraft.makeup
advertising	p l a y m c . p o s t
advertising	looking for players at anarchy.statefarm
advertising	b3dwars.wiki
advertising	looking for players at megasmp.garden
advertising	funs3rv3r.realestate
advertising	g0ldrush.jcb
clean	the wiki at stackoverflow.equipment is old
advertising	funs3rv3r.obi
clean	is reddit.cyou down for anyone else
clean	that reddit.dtv tutorial helped
advertising	craftk1ngd0m.accountant
advertising	craftm00n.frogans
clean	that fandom.industries tutorial helped
advertising	join dragonmc.ice
advertising	play on junglemc.vlaanderen
advertising	play on craftkingdom.safe
advertising	my server is survivalcraft.edu
advertising	pvp server junglemc.gucci
clean	check twitch.moda later
clean	is pastebin.travel down for anyone else
advertising	l u n a r m c . b r o a d w a y
advertising	try goldrush.locker
advertising	jungl3mc.lds
clean	youtube.trading is a bad website lol
advertising	come play junglemc.call
advertising	new server skymc.tw
advertising	a n a r c h y . w a n g
advertising	play on minescape.gop
advertising	jungl3mc.cam
advertising	my server is lunarmc.international
advertising	hop on lunarmc.abbvie
advertising	check out coolpvp.community
advertising	funs3rv3r.bh
advertising	come to lunarmc.tk
advertising	ip goldrush.irish
advertising	play on mcserver.gold
advertising	a n a r c h y . s a
advertising	server ip is bedwars.systems
advertising	jungl3mc.sakura
advertising	best server is dragonmc.nc
advertising	my server is bestpvp.sh
advertising	check out goldrush.tmall
advertising	1c3craft.pictures
advertising	server ip is nethermc.id
clean	is steam.pru down for anyone else
clean	the issue is tracked at steam.in
advertising	server ip is pvpzone.bid
clean	i read it on namemc.wang
advertising	play on craftkingdom.docs
advertising	new server anarchy.ril
advertising	g0ldrush.rw
advertising	play on bestpvp.seat
advertising	come play junglemc.like
advertising	l u n a r m c . e d e k a
clean	that image is from twitch.vet
advertising	come to lunarmc.hisamitsu
advertising	come to opcraft.ninja
advertising	l u n a r m c . t v s
advertising	looking for players at playmc.gop
advertising	pvp server coolpvp.hkt
advertising	visit icecraft.sport
advertising	new server icecraft.amazon
advertising	new server survivalcraft.kyoto
clean	is modrinth.map down for anyone else
advertising	play on skymc.bv
advertising	we moved to emerald.mw
advertising	g0ldrush.td
advertising	0pcraft.tz
advertising	pvp server craftmoon.nab
advertising	my server is minescape.ga
advertising	come play craftkingdom.business
advertising	my server is bestpvp.boehringer
clean	is medium.seat down for anyone else
clean	the wiki at modrinth.tax is old
advertising	free ranks at playmc.esq
advertising	craftm00n.press
advertising	mcs3rv3r.kr
advertising	we moved to bedwars.ar
advertising	we moved to nethermc.id
clean	google it or look at stackoverflow.wanggou
advertising	pvp server bedwars.vacations
advertising	ip icecraft.network
clean	the changelog is at pastebin.insure
advertising	play on anarchy.flowers
clean	the wiki at reddit.bond is old
advertising	everyone join megasmp.athleta
clean	the wiki at pastebin.new is old
advertising	surv1valcraft.democrat
clean	someone linked fandom.cat in a video
advertising	visit pvpzone.eurovision
clean	is steam.corsica down for anyone else
advertising	best server is skymc.here
clean	i saw a thread on medium.eco
advertising	visit junglemc.cy
clean	the wiki at modrinth.nba is old
advertising	visit funserver.flir
advertising	hop on lunarmc.buy
advertising	pvp server pvpzone.nowruz
advertising	check out craftmoon.nab
clean	reddit.lefrak loads slowly for me
advertising	l u n a r m c . f k
clean	i saw a thread on spigotmc.hair
advertising	my server is foxcraft.gn
advertising	ip lunarmc.pin
advertising	play on dragonmc.sbs
advertising	my server is bedwars.afl
advertising	visit junglemc.travel
advertising	m3gasmp.mini
advertising	hop on junglemc.java
clean	vimeo.okinawa is a bad website lol
advertising	b3stpvp.nab
advertising	f0xcraft.dupont
advertising	free ranks at dragonmc.aaa
advertising	server ip is pvpzone.hyatt
clean	reddit.bond is not a minecraft site
advertising	everyone join goldrush.quest
advertising	come to bedwars.microsoft
advertising	c00lpvp.school
advertising	check out emerald.place
advertising	hop on megasmp.imdb
advertising	server ip is goldrush.cymru
clean	check medium.observer later
advertising	everyone join foxcraft.lincoln
advertising	funs3rv3r.holiday
advertising	mcs3rv3r.erni
advertising	my server is nethermc.stream
advertising	s k y m c . t w
advertising	n3th3rmc.got
advertising	check out funserver.mo
advertising	b3dwars.hiv
advertising	p l a y m c . i r
advertising	come to coolpvp.kpmg
clean	the issue is tracked at imgur.yokohama
advertising	pvp server craftkingdom.pk
clean	the changelog is at reddit.mortgage
advertising	hop on playmc.post
advertising	s k y m c . a i r b u s
advertising	everyone join playmc.fail
advertising	join mcserver.saxo
clean	fandom.amica is not a minecraft site
advertising	hop on megasmp.uol
advertising	3m3rald.computer
advertising	visit lunarmc.uy
advertising	come to coolpvp.godaddy
advertising	my server is skymc.doctor
advertising	everyone join funserver.investments
advertising	play on craftmoon.nz
advertising	come to junglemc.fujitsu
advertising	everyone join anarchy.ril
advertising	looking for players at foxcraft.gf
advertising	come to funserver.li
advertising	try lunarmc.yoga
clean	i saw a thread on reddit.bo
advertising	we moved to bedwars.sanofi
clean	that image is from steam.dclk
clean	check steam.realestate later
advertising	visit bestpvp.crown
advertising	come to goldrush.salon
clean	the docs at stackoverflow.supply explain it
clean	check curseforge.gf later
advertising	m1n3scap3.solar
advertising	f0xcraft.vanguard
advertising	best server is coolpvp.pharmacy
clean	the issue is tracked at twitch.glass
advertising	pvp server dragonmc.channel
advertising	g0ldrush.amfam
advertising	ip survivalcraft.pf
advertising	ip coolpvp.art
advertising	n3th3rmc.ally
clean	i saw a thread on papermc.tunes
advertising	play on foxcraft.gripe
advertising	join dragonmc.sap
clean	twitch.ninja is not a minecraft site
advertising	a n a r c h y . j p m o r g a n
advertising	new server survivalcraft.auspost
clean	the mod is hosted on vimeo.agakhan
advertising	check out minescape.lamborghini
clean	the docs at spigotmc.ba explain it
advertising	join craftkingdom.cooking
advertising	pvp server dragonmc.social
advertising	looking for players at pvpzone.tushu
advertising	best server is craftkingdom.dtv
clean	that image is from fandom.allfinanz
advertising	looking for players at anarchy.wf
advertising	pvp server dragonmc.bbc
advertising	free ranks at megasmp.aetna
advertising	server ip is lunarmc.tube
clean	that modrinth.fresenius tutorial helped
advertising	free ranks at craftmoon.shia
clean	is steam.commbank down for anyone else
clean	reddit.kr is a bad website lol
advertising	new server goldrush.immobilien
clean	that vimeo.fr tutorial helped
advertising	play on foxcraft.hughes
advertising	everyone join dragonmc.philips
advertising	best server is playmc.graphics
advertising	check out junglemc.merck
advertising	looking for players at opcraft.mba
advertising	my server is minescape.world
advertising	try lunarmc.uy
advertising	everyone join minescape.es
clean	the issue is tracked at imgur.pioneer
advertising	craftk1ngd0m.wales
advertising	play on bedwars.tirol
advertising	my server is craftkingdom.hu
advertising	everyone join nethermc.stream
advertising	we moved to coolpvp.fitness
clean	wikipedia.ls is a bad website lol
clean	check twitch.salon later
advertising	visit junglemc.afl
advertising	funs3rv3r.training
advertising	best server is dragonmc.latrobe
advertising	join junglemc.sex
advertising	we moved to foxcraft.room
clean	the issue is tracked at fandom.yodobashi
advertising	visit icecraft.gmx
advertising	looking for players at playmc.realty
clean	twitch.mit loads slowly for me
advertising	we moved to nethermc.shangrila
advertising	play on craftmoon.gh
advertising	pvp server craftkingdom.ibm
advertising	free ranks at craftmoon.km
advertising	visit mcserver.seek
advertising	play on craftkingdom.xyz
advertising	come play craftmoon.gdn
advertising	drag0nmc.wang
advertising	best server is bedwars.racing
advertising	come to dragonmc.kh
advertising	check out craftmoon.wine
advertising	visit funserver.horse
advertising	hop on craftkingdom.cfa
clean	i saw a thread on modrinth.clothing
advertising	play on funserver.catholic
clean	i read it on fandom.nra
clean	i saw a thread on vimeo.bbc
advertising	try junglemc.florist
advertising	come play coolpvp.email
clean	that image is from twitch.zuerich
advertising	ip survivalcraft.gbiz
advertising	n3th3rmc.nr
advertising	0pcraft.ve
advertising	pvp server foxcraft.bestbuy
advertising	hop on bedwars.boehringer
clean	i read it on curseforge.kerryhotels
clean	check fandom.prime later
advertising	b3dwars.careers
clean	i read it on twitch.network
clean	someone linked fandom.jetzt in a video
advertising	server ip is emerald.buzz
advertising	surv1valcraft.one
advertising	my server is skymc.beauty
advertising	looking for players at coolpvp.gal
clean	i found the answer on papermc.ch
advertising	free ranks at megasmp.rentals
clean	that image is from spigotmc.kaufen
advertising	new server icecraft.voto
clean	i read it on imgur.uol
clean	the issue is tracked at steam.ricoh
advertising	check out funserver.infiniti
advertising	free ranks at nethermc.church
clean	i read it on medium.bj
advertising	best server is funserver.bn
clean	spigotmc.trv loads slowly for me
clean	github.lincoln is a bad website lol
clean	someone linked reddit.productions in a video
clean	is wikipedia.ve down for anyone else
advertising	we moved to pvpzone.hughes
clean	the mod is hosted on twitch.plumbing
advertising	f0xcraft.run
advertising	my server is lunarmc.able
clean	i saw a thread on reddit.vu
advertising	0pcraft.madrid
clean	the docs at fandom.physio explain it
advertising	try goldrush.kids
advertising	come play icecraft.sr
advertising	play on funserver.fo
advertising	3m3rald.infiniti
clean	their blog github.abudhabi is interesting
advertising	play on lunarmc.pccw
advertising	hop on funserver.fo
advertising	visit opcraft.fage
clean	check modrinth.shoes later
clean	the wiki at planetminecraft.cool is old
advertising	drag0nmc.latrobe
clean	namemc.nico loads slowly for me
clean	check fandom.hiphop later
advertising	craftm00n.intuit
advertising	free ranks at funserver.prod
advertising	join nethermc.id
advertising	new server funserver.booking
clean	the issue is tracked at reddit.space
advertising	everyone join skymc.ss
clean	google it or look at planetminecraft.ren
advertising	pvp server dragonmc.barefoot
clean	that papermc.mr tutorial helped
advertising	hop on opcraft.navy
clean	i read it on pastebin.wiki
clean	check steam.barcelona later
advertising	hop on opcraft.melbourne
advertising	ip craftkingdom.reise
clean	check modrinth.delta later
advertising	1c3craft.zero
advertising	b3stpvp.mobi
advertising	a n a r c h y . f i n a n c i a l
advertising	f0xcraft.commbank
advertising	try minescape.storage
advertising	best server is funserver.nikon
advertising	everyone join skymc.si
advertising	join skymc.cipriani
clean	google it or look at planetminecraft.alibaba
advertising	hop on lunarmc.edeka
advertising	join bedwars.total
clean	the wiki at medium.eco is old
advertising	my server is bestpvp.ni
clean	is planetminecraft.youtube down for anyone else
advertising	everyone join junglemc.lasalle
clean	i found the answer on reddit.life
advertising	my server is lunarmc.hisamitsu
advertising	jungl3mc.as
advertising	a n a r c h y . c a r e e r
advertising	we moved to pvpzone.va
advertising	come to coolpvp.law
advertising	free ranks at pvpzone.gd
advertising	jungl3mc.sk
advertising	join craftmoon.sb
advertising	try junglemc.webcam
advertising	ip goldrush.tube
clean	the issue is tracked at steam.arte
clean	their blog stackoverflow.gal is interesting
advertising	play on mcserver.parts
clean	their blog curseforge.jpmorgan is interesting
advertising	free ranks at dragonmc.show
advertising	we moved to coolpvp.shell
advertising	come play foxcraft.channel
advertising	play on mcserver.energy
advertising	join icecraft.garden
advertising	try coolpvp.cafe
advertising	n3th3rmc.sbi
advertising	c00lpvp.properties
advertising	b3dwars.wed
clean	google it or look at pastebin.wiki
advertising	come play minescape.dvr
advertising	ip junglemc.volvo
advertising	surv1valcraft.bank
advertising	check out megasmp.lanxess
advertising	new server foxcraft.kred
advertising	pvp server lunarmc.hisamitsu
advertising	play on megasmp.promo
clean	the docs at wikipedia.llp explain it
advertising	my server is foxcraft.hbo
advertising	pvp server bedwars.discover
advertising	hop on emerald.vodka
advertising	server ip is pvpzone.eurovision
advertising	come to bestpvp.game
advertising	ip icecraft.yodobashi
advertising	a n a r c h y . m o v
advertising	server ip is icecraft.moda
advertising	my server is megasmp.pccw
advertising	pvp server lunarmc.tel
advertising	pvpz0n3.kddi
advertising	join dragonmc.pw
advertising	we moved to emerald.rich
advertising	play on craftmoon.so
advertising	join minescape.tiaa
advertising	visit skymc.services
advertising	s k y m c . v i s a
advertising	pvp server craftkingdom.cc
clean	steam.seek is a bad website lol
advertising	pvp server nethermc.bnpparibas
clean	steam.trust loads slowly for me
clean	someone linked fandom.yachts in a video
advertising	my server is nethermc.sbi
advertising	my server is skymc.museum
advertising	come play megasmp.garden
clean	the wiki at twitch.bostik is old
advertising	free ranks at funserver.chrome
clean	the issue is tracked at curseforge.camp
clean	that image is from reddit.bo
advertising	try minescape.ga
advertising	free ranks at junglemc.sex
advertising	looking for players at icecraft.ping
clean	i read it on vimeo.ao
advertising	f0xcraft.ice
advertising	1c3craft.ne
advertising	join dragonmc.nl
clean	spigotmc.jio loads slowly for me
advertising	everyone join craftmoon.corsica
advertising	play on coolpvp.tdk
advertising	play on emerald.ir
advertising	my server is bestpvp.rio
advertising	p l a y m c . b e a t s
clean	fandom.chase is a bad website lol
advertising	check out minescape.exposed
advertising	jungl3mc.fujitsu
clean	stackoverflow.aol is a bad website lol
advertising	free ranks at bedwars.cba
clean	i saw a thread on curseforge.latrobe
clean	steam.seek loads slowly for me
advertising	everyone join skymc.museum
advertising	we moved to lunarmc.capital
advertising	come to junglemc.reit
advertising	pvpz0n3.weather
clean	the wiki at youtube.earth is old
advertising	come to nethermc.technology
advertising	check out playmc.mz
advertising	visit opcraft.living
advertising	we moved to pvpzone.poker
advertising	looking for players at coolpvp.lego
advertising	visit icecraft.tatamotors
advertising	check out pvpzone.frl
clean	the changelog is at fandom.phone
advertising	pvp server mcserver.repair
advertising	n3th3rmc.food
advertising	we moved to coolpvp.properties
advertising	hop on anarchy.digital
advertising	looking for players at megasmp.ps
advertising	pvpz0n3.design
advertising	drag0nmc.life
advertising	a n a r c h y . e v e n t s
advertising	drag0nmc.ally
clean	namemc.work is not a minecraft site
advertising	play on lunarmc.tunes
advertising	3m3rald.training
advertising	m1n3scap3.exposed
advertising	server ip is icecraft.equipment
advertising	new server lunarmc.cd
clean	the wiki at stackoverflow.bt is old
clean	the wiki at spigotmc.fedex is old
advertising	b3stpvp.limo
advertising	everyone join icecraft.hermes
advertising	visit nethermc.guide
advertising	free ranks at icecraft.statefarm
advertising	0pcraft.ovh
advertising	try mcserver.emerck
advertising	looking for players at survivalcraft.tattoo
advertising	b3dwars.post
advertising	hop on icecraft.jprs
advertising	check out bestpvp.redumbrella
advertising	n3th3rmc.ibm
advertising	looking for players at opcraft.gw
advertising	everyone join pvpzone.aq
advertising	l u n a r m c . k e r r y p r o p e r t i e s
advertising	check out craftkingdom.reise
clean	the docs at fandom.academy explain it
advertising	join dragonmc.wien
advertising	looking for players at junglemc.call
clean	their blog medium.dubai is interesting
advertising	ip craftmoon.prime
advertising	pvp server bestpvp.tg
clean	that image is from fandom.gucci
advertising	play on icecraft.deals
advertising	join playmc.tkmaxx
clean	the changelog is at fandom.gap
advertising	server ip is megasmp.creditcard
advertising	join dragonmc.dentist
advertising	mcs3rv3r.ru
advertising	best server is bestpvp.archi
advertising	visit goldrush.exposed
advertising	my server is bedwars.et
advertising	ip pvpzone.clinic
advertising	ip coolpvp.durban
clean	is vimeo.theatre down for anyone else
advertising	everyone join mcserver.hitachi
advertising	visit playmc.computer
advertising	free ranks at coolpvp.progressive
advertising	b3dwars.microsoft
advertising	try coolpvp.lanxess
advertising	free ranks at lunarmc.yoga
advertising	best server is bedwars.watches
advertising	play on coolpvp.christmas
advertising	craftm00n.weir
advertising	come to megasmp.circle
advertising	3m3rald.lpl
advertising	n3th3rmc.coach
advertising	new server minescape.er
advertising	come to emerald.jll
advertising	come to icecraft.prof
advertising	b3dwars.shell
advertising	visit pvpzone.tushu
advertising	join emerald.eu
clean	papermc.lpl is a bad website lol
advertising	we moved to funserver.komatsu
advertising	f0xcraft.hospital
advertising	we moved to opcraft.ifm
advertising	server ip is survivalcraft.foo
clean	check wikipedia.bg later
advertising	b3dwars.wtc
advertising	join megasmp.saarland
advertising	ip craftkingdom.safe
advertising	play on lunarmc.shouji
advertising	come to craftmoon.playstation
advertising	try craftmoon.mr
clean	curseforge.et is a bad website lol
advertising	try dragonmc.wedding
advertising	hop on goldrush.ee
advertising	come to craftmoon.next
advertising	ip lunarmc.academy
clean	i found the answer on papermc.sy
clean	fandom.nl loads slowly for me
clean	i saw a thread on fandom.gap
advertising	craftk1ngd0m.meme
advertising	best server is coolpvp.skin
clean	the docs at modrinth.dj explain it
advertising	best server is foxcraft.top
advertising	ip opcraft.search
clean	papermc.lease loads slowly for me
advertising	mcs3rv3r.support
advertising	join junglemc.med
clean	is planetminecraft.lk down for anyone else
clean	the wiki at spigotmc.kaufen is old
advertising	try skymc.airbus
advertising	come play junglemc.today
advertising	check out mcserver.hitachi
advertising	pvp server pvpzone.mortgage
advertising	visit bestpvp.soccer
advertising	free ranks at mcserver.singles
advertising	try funserver.holiday
clean	check stackoverflow.vanguard later
advertising	best server is minescape.tienda
advertising	hop on survivalcraft.bank
advertising	everyone join survivalcraft.verisign
advertising	pvp server funserver.flir
advertising	check out craftmoon.baidu
advertising	everyone join craftkingdom.contact
advertising	everyone join opcraft.capitalone
advertising	join bedwars.shell
advertising	come play craftmoon.mr
advertising	looking for players at nethermc.pm
advertising	g0ldrush.health
clean	the changelog is at spigotmc.spot
advertising	join goldrush.men
advertising	try bedwars.imamat
advertising	jungl3mc.fire
advertising	we moved to craftmoon.mr
advertising	my server is megasmp.ifm
clean	the wiki at papermc.extraspace is old
advertising	join foxcraft.plus
advertising	try playmc.lifeinsurance
advertising	pvpz0n3.digital
clean	google it or look at youtube.fk
advertising	join foxcraft.tech
clean	that pastebin.gg tutorial helped
advertising	try nethermc.republican
clean	the docs at wikipedia.skin explain it
clean	twitch.studio loads slowly for me
advertising	b3stpvp.capital
advertising	check out bedwars.photography
advertising	try skymc.graphics
advertising	b3dwars.ru
advertising	visit craftmoon.aetna
advertising	try mcserver.rs
advertising	come play dragonmc.care
advertising	craftm00n.orange
advertising	looking for players at bestpvp.consulting
clean	google it or look at namemc.nyc
advertising	free ranks at funserver.homesense
advertising	hop on anarchy.foo
clean	that image is from imgur.amex
advertising	join nethermc.office
clean	i read it on namemc.beats
clean	google it or look at reddit.nab
clean	someone linked papermc.cd in a video
advertising	new server nethermc.ren
advertising	check out anarchy.barclays
advertising	b3stpvp.camera
advertising	play on dragonmc.cruises
advertising	we moved to foxcraft.hk
advertising	c00lpvp.thd
advertising	play on coolpvp.amex
advertising	b3dwars.racing
advertising	pvp server opcraft.capitalone
clean	papermc.media loads slowly for me
advertising	my server is pvpzone.cat
advertising	we moved to megasmp.cw
advertising	check out craftmoon.cloud
advertising	f0xcraft.music
clean	google it or look at planetminecraft.ad
advertising	we moved to skymc.graphics
advertising	pvp server opcraft.kn
advertising	free ranks at craftkingdom.nr
advertising	free ranks at foxcraft.olayangroup
advertising	new server craftmoon.agakhan
advertising	s k y m c . d o m a i n s
clean	someone linked papermc.final in a video
advertising	server ip is lunarmc.seven
advertising	check out anarchy.merckmsd
clean	i found the answer on fandom.nl
advertising	new server icecraft.hu
advertising	ip foxcraft.viking
advertising	looking for players at coolpvp.forex
advertising	play on funserver.play
advertising	come to opcraft.ro
clean	i found the answer on youtube.nhk
advertising	craftk1ngd0m.at
advertising	ip skymc.education
clean	i found the answer on wikipedia.fido
advertising	free ranks at nethermc.uz
clean	the wiki at curseforge.at is old
advertising	m1n3scap3.alibaba
advertising	try funserver.prod
advertising	everyone join nethermc.gratis
advertising	looking for players at pvpzone.jnj
advertising	play on bestpvp.sr
advertising	a n a r c h y . t a t a r
advertising	come play craftmoon.nz
advertising	ip skymc.trading
clean	that image is from spigotmc.furniture
advertising	we moved to lunarmc.bf
advertising	m3gasmp.study
clean	that image is from planetminecraft.gent
advertising	new server icecraft.visa
clean	i read it on steam.dclk
advertising	play on lunarmc.gmo
advertising	server ip is emerald.eat
advertising	join minescape.memorial
advertising	come play minescape.bs
advertising	join dragonmc.americanexpress
advertising	come to playmc.berlin
advertising	check out mcserver.ltda
clean	that image is from youtube.hk
advertising	a n a r c h y . p f i z e r
advertising	server ip is playmc.casa
clean	check spigotmc.surgery later
advertising	visit dragonmc.it
advertising	ip funserver.sale
advertising	0pcraft.engineering
advertising	pvp server nethermc.coach
advertising	check out emerald.villas
advertising	visit foxcraft.rent
advertising	mcs3rv3r.management
advertising	everyone join mcserver.courses
clean	i found the answer on modrinth.bi
advertising	best server is funserver.obi
advertising	1c3craft.yodobashi
advertising	play on megasmp.spa
advertising	visit junglemc.staples
advertising	play on playmc.plumbing
advertising	my server is emerald.nowtv
advertising	p l a y m c . d c l k
advertising	pvp server pvpzone.hughes
advertising	funs3rv3r.movie
advertising	my server is goldrush.shoes
advertising	visit junglemc.call
clean	their blog planetminecraft.autos is interesting
clean	their blog spigotmc.racing is interesting
advertising	check out emerald.ma
advertising	visit anarchy.us
advertising	try anarchy.wang
advertising	play on bestpvp.kaufen
advertising	server ip is goldrush.zone
clean	github.chanel is a bad website lol
advertising	new server foxcraft.college
advertising	pvp server minescape.hyundai
advertising	my server is craftkingdom.at
advertising	come play coolpvp.lc
clean	youtube.amsterdam is a bad website lol
advertising	b3dwars.bar
advertising	try goldrush.site
advertising	s k y m c . r e p o r t
advertising	check out craftmoon.media
advertising	server ip is bedwars.ups
advertising	l u n a r m c . a o
advertising	play on playmc.sap
advertising	free ranks at anarchy.mtr
advertising	funs3rv3r.booking
advertising	craftk1ngd0m.reviews
clean	the changelog is at imgur.photography
advertising	p l a y m c . s o
clean	wikipedia.ist is not a minecraft site
advertising	new server megasmp.jm
advertising	ip bedwars.windows
advertising	everyone join megasmp.gdn
advertising	best server is minescape.storage
advertising	pvp server lunarmc.mint
advertising	come play coolpvp.school
advertising	ip craftkingdom.no
advertising	we moved to pvpzone.toyota
advertising	free ranks at craftkingdom.drive
advertising	visit pvpzone.gmo
advertising	visit junglemc.bs
advertising	jungl3mc.shangrila
advertising	jungl3mc.love
advertising	pvp server craftkingdom.circle
advertising	best server is nethermc.wanggou
advertising	come play bestpvp.cologne
clean	i read it on stackoverflow.airforce
advertising	join pvpzone.gd
advertising	a n a r c h y . j o y
advertising	c00lpvp.dclk
advertising	drag0nmc.online
advertising	we moved to opcraft.genting
advertising	my server is dragonmc.money
clean	that pastebin.tokyo tutorial helped
advertising	come play emerald.desi
advertising	try playmc.travelers
advertising	funs3rv3r.direct
advertising	new server megasmp.football
advertising	looking for players at nethermc.ml
clean	the wiki at curseforge.tj is old
clean	i found the answer on vimeo.tl
advertising	visit lunarmc.jpmorgan
clean	the mod is hosted on papermc.istanbul
clean	is namemc.norton down for anyone else
advertising	pvp server megasmp.lgbt
advertising	free ranks at craftkingdom.circle
advertising	my server is icecraft.sport
advertising	best server is funserver.catholic
advertising	play on playmc.esq
advertising	we moved to megasmp.charity
advertising	free ranks at skymc.graphics
advertising	p l a y m c . s b i
advertising	everyone join opcraft.nissan
advertising	new server coolpvp.icbc
advertising	server ip is bestpvp.gifts
clean	the wiki at spigotmc.ne is old
advertising	we moved to pvpzone.health
clean	wikipedia.degree is not a minecraft site
clean	i read it on wikipedia.erni
advertising	b3stpvp.nissay
advertising	play on goldrush.markets
advertising	pvp server craftkingdom.kpn
advertising	b3stpvp.sale
advertising	come play skymc.grainger
advertising	we moved to dragonmc.asda
advertising	g0ldrush.verisign
advertising	pvp server skymc.williamhill
advertising	best server is craftkingdom.lgbt
advertising	we moved to minescape.observer
clean	i found the answer on papermc.chrome
advertising	funs3rv3r.mormon
advertising	looking for players at opcraft.zara
advertising	join goldrush.sharp
advertising	craftk1ngd0m.orange
clean	someone linked planetminecraft.au in a video
advertising	try nethermc.alipay
advertising	hop on opcraft.vip
advertising	g0ldrush.cn
advertising	free ranks at playmc.hdfc
advertising	play on craftmoon.frogans
advertising	best server is mcserver.sharp
advertising	pvp server megasmp.athleta
advertising	we moved to pvpzone.design
clean	i saw a thread on medium.cam
clean	imgur.mango is a bad website lol
advertising	pvpz0n3.physio
advertising	we moved to emerald.place
advertising	my server is bestpvp.delta
advertising	visit coolpvp.panasonic
advertising	come play junglemc.lamer
advertising	pvp server anarchy.gt
clean	google it or look at github.codes
advertising	new server coolpvp.toys
advertising	we moved to junglemc.forsale
advertising	visit playmc.bom
advertising	visit lunarmc.search
advertising	come play icecraft.watch
clean	pastebin.ing loads slowly for me
clean	the docs at planetminecraft.crown explain it
advertising	we moved to pvpzone.tc
clean	the changelog is at steam.jo
advertising	server ip is pvpzone.open
clean	github.farm is not a minecraft site
advertising	check out anarchy.joburg
advertising	try lunarmc.travel
clean	the changelog is at fandom.pin
advertising	try megasmp.cab
advertising	pvp server craftmoon.wme
advertising	server ip is skymc.associates
advertising	check out craftmoon.tf
advertising	pvp server nethermc.able
advertising	b3dwars.vacations
advertising	check out skymc.tickets
advertising	new server goldrush.grocery
advertising	try mcserver.loan
advertising	try nethermc.auction
clean	i read it on twitch.college
advertising	my server is skymc.deloitte
advertising	join bedwars.ltd
advertising	play on craftkingdom.maison
advertising	pvp server nethermc.autos
advertising	come to bestpvp.md
advertising	s k y m c . d i r e c t o r y
advertising	b3dwars.abb
advertising	m3gasmp.pg
advertising	hop on survivalcraft.ck
advertising	server ip is mcserver.gmbh
advertising	free ranks at minescape.baseball
advertising	come play mcserver.chat
advertising	come play skymc.directory
advertising	looking for players at coolpvp.claims
advertising	everyone join playmc.mit
advertising	my server is minescape.sina
clean	the wiki at vimeo.sohu is old
advertising	try foxcraft.room
advertising	try goldrush.arpa
advertising	best server is playmc.mk
advertising	everyone join nethermc.broker
advertising	check out skymc.int
advertising	b3dwars.jnj
advertising	join mcserver.chat
advertising	jungl3mc.ws
advertising	server ip is bedwars.ril
advertising	looking for players at skymc.family
advertising	pvp server nethermc.industries
advertising	p l a y m c . t a b
advertising	free ranks at coolpvp.hkt
advertising	my server is megasmp.caravan
advertising	check out skymc.mckinsey
advertising	pvpz0n3.jmp
clean	the changelog is at twitch.bostik
advertising	join opcraft.dz
clean	the mod is hosted on curseforge.americanfamily
advertising	play on lunarmc.wtc
clean	the wiki at vimeo.loan is old
advertising	everyone join funserver.sn
clean	is youtube.support down for anyone else
advertising	visit foxcraft.rw
advertising	free ranks at megasmp.kiwi
clean	check medium.museum later
advertising	drag0nmc.maison
advertising	pvp server junglemc.bs
advertising	come play goldrush.mov
advertising	play on goldrush.sy
advertising	new server playmc.sj
advertising	drag0nmc.philips
advertising	come to mcserver.bcg
clean	papermc.com loads slowly for me
advertising	new server mcserver.healthcare
advertising	best server is survivalcraft.bike
clean	someone linked imgur.diamonds in a video
advertising	check out minescape.pars
advertising	best server is skymc.band
advertising	craftm00n.nz
advertising	server ip is nethermc.nexus
advertising	my server is bedwars.ca
advertising	come to dragonmc.blockbuster
advertising	join craftkingdom.homedepot
clean	that spigotmc.capetown tutorial helped
advertising	check out anarchy.sk
advertising	hop on craftmoon.discover
advertising	server ip is goldrush.men
advertising	play on dragonmc.stc
advertising	0pcraft.kn
advertising	l u n a r m c . b r o a d w a y
clean	the docs at github.army explain it
advertising	check out emerald.archi
advertising	pvp server icecraft.statebank
advertising	new server bedwars.nowruz
clean	i read it on wikipedia.world
advertising	b3stpvp.final
advertising	my server is emerald.cpa
advertising	f0xcraft.vanguard
clean	the wiki at vimeo.saxo is old
advertising	drag0nmc.works
clean	papermc.lasalle is a bad website lol
advertising	my server is bedwars.ricoh
advertising	pvp server mcserver.kr
advertising	hop on lunarmc.bcn
advertising	join craftkingdom.firmdale
advertising	try foxcraft.career
advertising	pvp server minescape.tc
advertising	hop on goldrush.book
advertising	visit opcraft.genting
advertising	m3gasmp.apartments
advertising	pvp server dragonmc.arte
clean	the issue is tracked at steam.coop
advertising	we moved to craftkingdom.watches
advertising	mcs3rv3r.gold
clean	youtube.abb is a bad website lol
advertising	best server is funserver.boutique
advertising	try coolpvp.tt
advertising	join bestpvp.sony
clean	the mod is hosted on vimeo.rio
advertising	free ranks at dragonmc.pw
advertising	check out dragonmc.works
advertising	we moved to minescape.dell
advertising	server ip is craftkingdom.pk
advertising	come play anarchy.music
advertising	surv1valcraft.foo
advertising	come play bedwars.xin
advertising	m1n3scap3.azure
advertising	visit playmc.auction
advertising	craftk1ngd0m.chase
advertising	join survivalcraft.ck
advertising	pvp server skymc.graphics
clean	that image is from imgur.gmail
advertising	play on skymc.tw
advertising	0pcraft.lawyer
advertising	c00lpvp.ai
advertising	check out anarchy.cyou
advertising	everyone join mcserver.kr
advertising	ip foxcraft.save
advertising	hop on craftmoon.canon
advertising	free ranks at bestpvp.tl
advertising	pvpz0n3.fans
clean	the wiki at github.solutions is old
advertising	come to craftmoon.flowers
clean	i read it on github.lincoln
advertising	b3dwars.ups
clean	namemc.flickr loads slowly for me
advertising	play on junglemc.tel
clean	that modrinth.af tutorial helped
advertising	everyone join pvpzone.wales
advertising	n3th3rmc.final
advertising	visit junglemc.nba
clean	someone linked papermc.save in a video
advertising	server ip is dragonmc.quebec
clean	check vimeo.bbt later
clean	the wiki at steam.homegoods is old
advertising	we moved to dragonmc.company
advertising	join bestpvp.kaufen
advertising	my server is emerald.uz
advertising	my server is emerald.kz
clean	the changelog is at medium.boutique
clean	i read it on reddit.dtv
advertising	pvp server nethermc.africa
clean	the wiki at imgur.ntt is old
clean	the wiki at reddit.help is old
advertising	server ip is mcserver.ky
advertising	jungl3mc.bzh
advertising	come to craftmoon.my
advertising	we moved to megasmp.kiwi
advertising	come to nethermc.mw
clean	twitch.info is a bad website lol
advertising	0pcraft.olayan
advertising	everyone join nethermc.green
clean	is imgur.prod down for anyone else
advertising	hop on dragonmc.dental
advertising	new server craftkingdom.docs
advertising	best server is skymc.select
advertising	check out nethermc.contractors
advertising	we moved to dragonmc.na
advertising	looking for players at playmc.mt
advertising	m1n3scap3.gop
clean	the wiki at namemc.hkt is old
advertising	come to coolpvp.hdfcbank
clean	google it or look at planetminecraft.cfd
clean	the changelog is at namemc.kindle
clean	the wiki at planetminecraft.vegas is old
clean	modrinth.events is a bad website lol
advertising	join coolpvp.fitness
advertising	play on minescape.mm
advertising	ip goldrush.gl
advertising	play on bestpvp.archi
clean	check wikipedia.consulting later
advertising	join survivalcraft.pay
clean	the wiki at wikipedia.post is old
advertising	play on lunarmc.coffee
clean	check planetminecraft.mm later
clean	check spigotmc.kddi later
clean	someone linked imgur.lamborghini in a video
advertising	try goldrush.thd
advertising	new server dragonmc.cg
advertising	visit nethermc.discount
advertising	try emerald.taipei
clean	youtube.promo is a bad website lol
advertising	join bestpvp.dot
advertising	3m3rald.ls
clean	i read it on papermc.vote
clean	that wikipedia.onl tutorial helped
advertising	come to opcraft.tjx
advertising	n3th3rmc.boo
clean	i saw a thread on steam.mov
advertising	ip nethermc.rocks
clean	i read it on papermc.rugby
advertising	1c3craft.moda
advertising	pvp server craftmoon.smart
advertising	hop on mcserver.ls
advertising	join survivalcraft.makeup
advertising	best server is junglemc.pub
clean	google it or look at spigotmc.london
advertising	mcs3rv3r.anquan
advertising	server ip is coolpvp.download
clean	i saw a thread on github.mckinsey
advertising	try funserver.nico
advertising	play on bestpvp.sony
advertising	come to opcraft.ni
advertising	visit junglemc.swatch
advertising	server ip is emerald.rodeo
clean	check github.smart later
clean	that medium.gdn tutorial helped
advertising	we moved to craftmoon.jp
clean	check medium.seat later
clean	the mod is hosted on vimeo.doctor
advertising	server ip is anarchy.silk
advertising	hop on opcraft.anz
clean	i saw a thread on pastebin.travel
clean	the changelog is at medium.weir
clean	that youtube.buzz tutorial helped
advertising	looking for players at craftkingdom.reviews
advertising	we moved to pvpzone.taxi
clean	is vimeo.sbi down for anyone else
advertising	my server is emerald.bingo
advertising	try lunarmc.able
advertising	server ip is megasmp.ing
advertising	server ip is coolpvp.kindle
advertising	everyone join bedwars.lu
clean	the changelog is at fandom.industries
advertising	come to foxcraft.dupont
advertising	come play goldrush.vi
advertising	mcs3rv3r.gmail
advertising	come to icecraft.bz
advertising	best server is funserver.infiniti
clean	the wiki at modrinth.fun is old
advertising	m3gasmp.lanxess
advertising	pvpz0n3.cash
advertising	join playmc.otsuka
advertising	g0ldrush.sy
advertising	join skymc.theater
advertising	funs3rv3r.pizza
advertising	my server is goldrush.like
advertising	craftk1ngd0m.to
advertising	visit megasmp.cloud
advertising	free ranks at mcserver.cab
advertising	ip survivalcraft.rio
advertising	hop on opcraft.banamex
advertising	try bestpvp.rio
advertising	pvp server lunarmc.gmo
clean	check fandom.jetzt later
advertising	free ranks at playmc.sb
advertising	1c3craft.repair
advertising	join pvpzone.clinic
advertising	come play skymc.furniture
advertising	craftm00n.vegas
advertising	my server is goldrush.global
advertising	b3stpvp.gifts
advertising	looking for players at dragonmc.ga
advertising	play on coolpvp.law
advertising	everyone join anarchy.mp
advertising	check out funserver.pohl
clean	the docs at namemc.bank explain it
advertising	we moved to anarchy.world
advertising	everyone join megasmp.travelersinsurance
advertising	join junglemc.ws
advertising	join goldrush.kids
advertising	ip nethermc.mw
advertising	everyone join nethermc.bio
advertising	funs3rv3r.play
advertising	join pvpzone.coupons
clean	the issue is tracked at curseforge.book
advertising	my server is coolpvp.ruhr
clean	google it or look at papermc.jp
advertising	come play foxcraft.lk
advertising	funs3rv3r.aco
advertising	c00lpvp.map
advertising	come to junglemc.wf
advertising	my server is skymc.center
clean	someone linked reddit.bridgestone in a video
clean	check planetminecraft.cfd later
advertising	server ip is dragonmc.academy
advertising	ip minescape.day
advertising	come play coolpvp.ruhr
advertising	best server is funserver.hosting
advertising	jungl3mc.mu
advertising	hop on coolpvp.fitness
clean	i found the answer on papermc.shiksha
clean	is papermc.rugby down for anyone else
advertising	visit playmc.ing
clean	i read it on spigotmc.mn
clean	that spigotmc.business tutorial helped
advertising	join anarchy.wang
advertising	new server icecraft.tunes
advertising	hop on minescape.py
advertising	everyone join pvpzone.citadel
advertising	server ip is emerald.grocery
clean	vimeo.systems is not a minecraft site
advertising	come play craftkingdom.itv
advertising	pvp server coolpvp.fly
advertising	ip icecraft.nagoya
advertising	new server emerald.ir
clean	check youtube.kyoto later
advertising	we moved to craftmoon.mls
clean	imgur.wf is a bad website lol
clean	the wiki at planetminecraft.travelersinsurance is old
advertising	check out lunarmc.caravan
advertising	try minescape.globo
advertising	m1n3scap3.tiaa
advertising	pvp server goldrush.deal
clean	the mod is hosted on fandom.markets
advertising	free ranks at funserver.abc
clean	the mod is hosted on youtube.cricket
clean	the docs at vimeo.ipiranga explain it
advertising	everyone join nethermc.auction
clean	google it or look at steam.ly
clean	planetminecraft.alibaba is a bad website lol
clean	their blog modrinth.healthcare is interesting
clean	that curseforge.gr tutorial helped
advertising	we moved to anarchy.fox
advertising	join dragonmc.website
advertising	join dragonmc.chanel
advertising	new server goldrush.cipriani
clean	spigotmc.bradesco is a bad website lol
advertising	try mcserver.sky
advertising	best server is pvpzone.gov
clean	namemc.gy loads slowly for me
advertising	check out nethermc.boo
clean	the wiki at stackoverflow.otsuka is old
advertising	ip dragonmc.theatre
advertising	hop on funserver.investments
clean	the changelog is at papermc.engineer
advertising	new server icecraft.kfh
advertising	best server is funserver.epson
advertising	pvp server craftmoon.locus
advertising	join playmc.gop
advertising	jungl3mc.jp
clean	the issue is tracked at youtube.im
advertising	server ip is anarchy.lexus
advertising	a n a r c h y . v c
advertising	looking for players at skymc.kuokgroup
advertising	looking for players at minescape.party
advertising	play on nethermc.university
clean	i read it on namemc.dental
clean	check modrinth.events later
clean	the mod is hosted on reddit.life
advertising	best server is emerald.za
advertising	try minescape.solar
advertising	everyone join emerald.earth
advertising	drag0nmc.jetzt
advertising	my server is minescape.es
clean	twitch.aeg is a bad website lol
advertising	hop on craftkingdom.healthcare
advertising	ip pvpzone.ngo
advertising	try mcserver.guru
advertising	my server is craftkingdom.pru
advertising	everyone join emerald.secure
advertising	hop on lunarmc.mr
advertising	n3th3rmc.commbank
advertising	come play lunarmc.fo
advertising	check out icecraft.clothing
advertising	everyone join funserver.sas
advertising	free ranks at playmc.zara
clean	their blog papermc.fujitsu is interesting
advertising	best server is nethermc.shiksha
advertising	ip dragonmc.social
advertising	hop on craftmoon.mm
advertising	best server is playmc.ltda
advertising	m3gasmp.shia
advertising	1c3craft.one
advertising	we moved to opcraft.fage
advertising	server ip is lunarmc.koeln
clean	the issue is tracked at github.verisign
advertising	ip craftmoon.airtel
advertising	my server is anarchy.spot
advertising	my server is foxcraft.commbank
advertising	free ranks at coolpvp.claims
advertising	a n a r c h y . s p o t
advertising	new server lunarmc.marriott
advertising	visit pvpzone.host
advertising	my server is bedwars.fresenius
advertising	play on craftkingdom.bot
clean	modrinth.shoes loads slowly for me
advertising	try icecraft.yodobashi
advertising	hop on survivalcraft.foo
clean	that fandom.lds tutorial helped
advertising	m1n3scap3.nf
clean	check pastebin.whoswho later
advertising	l u n a r m c . w i n d o w s
advertising	my server is junglemc.nra
advertising	check out nethermc.guide
advertising	join icecraft.ford
advertising	we moved to minescape.solar
clean	their blog imgur.tennis is interesting
advertising	join skymc.md
advertising	check out anarchy.netbank
advertising	try craftkingdom.panasonic
advertising	looking for players at megasmp.sbs
advertising	hop on funserver.bmw
advertising	server ip is emerald.enterprises
advertising	play on foxcraft.se
clean	github.boats is not a minecraft site
advertising	c00lpvp.tci
advertising	come play coolpvp.gov
clean	i saw a thread on imgur.hermes
advertising	come to foxcraft.club
advertising	my server is mcserver.homesense
clean	their blog stackoverflow.ieee is interesting
advertising	best server is opcraft.pr
advertising	pvp server nethermc.gd
advertising	try junglemc.mu
clean	the wiki at imgur.best is old
advertising	server ip is goldrush.st
clean	the changelog is at reddit.cw
advertising	best server is craftkingdom.rip
advertising	surv1valcraft.zuerich
clean	that image is from imgur.pk
advertising	surv1valcraft.luxe
advertising	looking for players at funserver.gives
advertising	free ranks at craftkingdom.contact
clean	someone linked reddit.abc in a video
advertising	join lunarmc.style
clean	the mod is hosted on stackoverflow.neustar
advertising	l u n a r m c . t e l
advertising	server ip is foxcraft.parts
advertising	try junglemc.like
clean	is medium.accenture down for anyone else
advertising	visit playmc.dclk
clean	i saw a thread on stackoverflow.band
advertising	visit craftmoon.olayangroup
advertising	new server funserver.istanbul
advertising	0pcraft.ninja
advertising	play on icecraft.vision
advertising	best server is coolpvp.bid
advertising	visit goldrush.dz
advertising	everyone join foxcraft.game
advertising	my server is opcraft.navy
clean	pastebin.new loads slowly for me
advertising	visit pvpzone.gu
advertising	free ranks at funserver.tennis
advertising	hop on emerald.education
advertising	join goldrush.shoes
advertising	hop on bedwars.hotmail
advertising	join icecraft.versicherung
advertising	my server is bedwars.arpa
clean	i saw a thread on reddit.lefrak
clean	i saw a thread on fandom.toys
advertising	we moved to junglemc.grainger
advertising	come to pvpzone.ups
advertising	try lunarmc.buy
advertising	pvp server bedwars.uno
advertising	best server is icecraft.lifestyle
advertising	hop on nethermc.pioneer
advertising	ip coolpvp.thd
advertising	visit survivalcraft.makeup
advertising	l u n a r m c . u y
advertising	play on craftmoon.dnp
advertising	we moved to lunarmc.tel
advertising	check out junglemc.staples
advertising	come play mcserver.vote
advertising	mcs3rv3r.latino
clean	that image is from modrinth.tc
advertising	server ip is craftmoon.web
advertising	server ip is craftkingdom.chase
advertising	ip funserver.bmw
advertising	pvp server emerald.best
advertising	visit coolpvp.band
clean	stackoverflow.kitchen is a bad website lol
advertising	check out craftkingdom.leclerc
advertising	we moved to icecraft.vc
clean	i read it on pastebin.msd
advertising	1c3craft.bbt
advertising	try icecraft.ge
clean	the mod is hosted on pastebin.ski
clean	the wiki at curseforge.reliance is old
advertising	everyone join emerald.jll
advertising	we moved to goldrush.bot
advertising	try megasmp.hangout
advertising	visit anarchy.kerryhotels
clean	that image is from reddit.bond
clean	the mod is hosted on twitch.build
advertising	pvp server bestpvp.lr
advertising	ip bestpvp.shopping
advertising	free ranks at goldrush.li
advertising	visit foxcraft.dj
advertising	try emerald.us
clean	the issue is tracked at curseforge.st
advertising	g0ldrush.lighting
clean	youtube.osaka is a bad website lol
advertising	my server is icecraft.jewelry
advertising	come play lunarmc.caravan
advertising	g0ldrush.security
advertising	m1n3scap3.day
advertising	my server is icecraft.amica
advertising	m3gasmp.schmidt
advertising	join craftmoon.safe
clean	i saw a thread on stackoverflow.deloitte
clean	vimeo.it is a bad website lol
advertising	my server is minescape.ca
clean	the issue is tracked at planetminecraft.uk
advertising	pvp server playmc.giving
advertising	free ranks at funserver.sg
advertising	s k y m c . p h
advertising	visit bedwars.news
advertising	looking for players at anarchy.joburg
advertising	m3gasmp.bar
advertising	ip anarchy.digital
advertising	f0xcraft.msd
advertising	p l a y m c . s b
advertising	pvp server pvpzone.ug
advertising	visit dragonmc.dentist
advertising	join icecraft.cw
advertising	come to goldrush.qpon
advertising	come to coolpvp.schaeffler
advertising	check out icecraft.llp
advertising	m1n3scap3.memorial
advertising	my server is megasmp.tkmaxx
advertising	try nethermc.able
advertising	try mcserver.woodside
advertising	we moved to lunarmc.storage
clean	i saw a thread on medium.accenture
advertising	we moved to emerald.seat
advertising	come to skymc.tickets
advertising	ip icecraft.weir
advertising	looking for players at goldrush.auspost
advertising	come to craftkingdom.pru
advertising	ip anarchy.sk
advertising	b3stpvp.dot
advertising	everyone join coolpvp.degree
advertising	hop on junglemc.sina
clean	their blog reddit.landrover is interesting
advertising	join goldrush.dvag
advertising	hop on bestpvp.study
advertising	m1n3scap3.casino
advertising	my server is skymc.aarp
advertising	come play minescape.msd
advertising	a n a r c h y . w f
clean	i found the answer on reddit.tw
advertising	new server funserver.komatsu
advertising	new server icecraft.zw
advertising	my server is pvpzone.market
advertising	come to opcraft.baidu
advertising	join dragonmc.pet
advertising	we moved to junglemc.sj
advertising	we moved to icecraft.nagoya
advertising	new server opcraft.baidu
clean	someone linked wikipedia.loans in a video
clean	the docs at wikipedia.post explain it
advertising	play on funserver.kuokgroup
advertising	check out craftmoon.analytics
advertising	craftm00n.fido
advertising	best server is playmc.auction
clean	the mod is hosted on curseforge.kerryhotels
advertising	hop on megasmp.kiwi
advertising	try nethermc.dj
advertising	everyone join opcraft.anz
clean	the wiki at papermc.cfa is old
advertising	b3dwars.ril
advertising	visit survivalcraft.osaka
advertising	check out pvpzone.compare
advertising	try bestpvp.tl
clean	the issue is tracked at fandom.prime
advertising	a n a r c h y . n e u s t a r
clean	is spigotmc.study down for anyone else
advertising	we moved to anarchy.london
advertising	l u n a r m c . s t y l e
clean	the changelog is at imgur.makeup
advertising	my server is coolpvp.kindle
advertising	come play playmc.seven
advertising	join dragonmc.inc
advertising	a n a r c h y . h o w
advertising	new server coolpvp.schwarz
advertising	join bedwars.sexy
advertising	server ip is pvpzone.pictet
advertising	pvp server emerald.ir
clean	papermc.ch is a bad website lol
advertising	come to playmc.insurance
clean	check spigotmc.cv later
advertising	join icecraft.lv
advertising	my server is coolpvp.thd
advertising	come play anarchy.wf
advertising	1c3craft.locker
clean	the docs at spigotmc.fast explain it
advertising	free ranks at craftkingdom.maison
advertising	join emerald.bharti
advertising	looking for players at funserver.nfl
advertising	come to goldrush.ad
advertising	check out pvpzone.tc
advertising	everyone join icecraft.maif
advertising	check out goldrush.st
advertising	l u n a r m c . t u n e s
advertising	new server bestpvp.rent
advertising	looking for players at pvpzone.samsung
advertising	looking for players at opcraft.ee
clean	the issue is tracked at youtube.trading
advertising	best server is bedwars.hot
advertising	try bestpvp.rentals
advertising	join lunarmc.lacaixa
advertising	new server craftmoon.km
clean	i saw a thread on stackoverflow.np
advertising	best server is mcserver.forex
advertising	n3th3rmc.nexus
advertising	craftm00n.alstom
advertising	everyone join bedwars.mattel
advertising	come to bedwars.space
clean	the docs at papermc.bauhaus explain it
advertising	we moved to funserver.catering
advertising	join bestpvp.nra
advertising	1c3craft.fox
advertising	pvp server emerald.buzz
clean	check github.epson later
advertising	new server pvpzone.creditcard
clean	google it or look at wikipedia.bz
clean	i saw a thread on fandom.pro
advertising	free ranks at lunarmc.mckinsey
advertising	pvp server megasmp.yokohama
advertising	visit anarchy.how
advertising	new server funserver.earth
clean	check papermc.marshalls later
advertising	everyone join mcserver.ist
advertising	come to craftmoon.lk
advertising	join nethermc.legal
advertising	play on skymc.stcgroup
clean	i read it on spigotmc.study
advertising	check out dragonmc.quebec
advertising	hop on anarchy.bradesco
clean	the docs at steam.tips explain it
clean	papermc.li loads slowly for me
advertising	pvp server craftkingdom.richardli
advertising	join emerald.cba
advertising	m3gasmp.aetna
advertising	best server is dragonmc.pw
advertising	surv1valcraft.ch
clean	i found the answer on planetminecraft.lk
advertising	come to bestpvp.movie
clean	the wiki at youtube.rexroth is old
advertising	hop on skymc.hockey
advertising	best server is foxcraft.lat
advertising	everyone join funserver.scot
advertising	ip survivalcraft.dm
advertising	free ranks at megasmp.cool
advertising	g0ldrush.vi
advertising	pvp server nethermc.democrat
advertising	visit funserver.ericsson
advertising	surv1valcraft.gbiz
advertising	new server emerald.blackfriday
advertising	come to megasmp.live
clean	i saw a thread on youtube.boo
advertising	check out bestpvp.bj
clean	the mod is hosted on youtube.homes
advertising	come to craftmoon.aeg
advertising	free ranks at minescape.gop
advertising	visit craftmoon.vin
advertising	pvp server coolpvp.rugby
advertising	c00lpvp.email
advertising	visit megasmp.jaguar
advertising	best server is coolpvp.vana
advertising	free ranks at opcraft.dz
advertising	play on opcraft.living
clean	is spigotmc.sew down for anyone else
advertising	hop on foxcraft.claims
advertising	m3gasmp.phd
advertising	join icecraft.voto
advertising	visit playmc.tkmaxx
clean	that vimeo.ipiranga tutorial helped
advertising	join survivalcraft.market
clean	that pastebin.ubs tutorial helped
clean	vimeo.sbi is not a minecraft site
advertising	server ip is craftmoon.playstation
advertising	server ip is bestpvp.tl
advertising	check out goldrush.sarl
advertising	visit bestpvp.tk
advertising	s k y m c . k u o k g r o u p
clean	the docs at papermc.kuokgroup explain it
advertising	looking for players at foxcraft.ferrari
advertising	try opcraft.zm
clean	twitch.site loads slowly for me
clean	google it or look at steam.gifts
advertising	visit nethermc.got
clean	the mod is hosted on pastebin.richardli
advertising	drag0nmc.sbs
clean	is planetminecraft.net down for anyone else
clean	someone linked papermc.horse in a video
clean	reddit.city is not a minecraft site
clean	steam.netbank is not a minecraft site
clean	modrinth.zip loads slowly for me
advertising	f0xcraft.kred
advertising	drag0nmc.quebec
advertising	pvp server opcraft.madrid
advertising	new server survivalcraft.pf
advertising	try junglemc.nissan
advertising	check out playmc.uol
advertising	come to mcserver.ryukyu
advertising	looking for players at craftmoon.guge
advertising	hop on minescape.goodyear
advertising	server ip is bestpvp.alstom
advertising	pvp server icecraft.eat
advertising	play on anarchy.kerryhotels
advertising	server ip is foxcraft.direct
advertising	we moved to coolpvp.iq
clean	the changelog is at planetminecraft.ag
clean	the mod is hosted on namemc.associates
advertising	m3gasmp.recipes
advertising	b3dwars.hyatt
advertising	pvp server skymc.audi
advertising	join icecraft.secure
advertising	best server is coolpvp.pl
advertising	new server craftkingdom.rogers
advertising	visit dragonmc.navy
advertising	looking for players at survivalcraft.lundbeck
advertising	b3stpvp.basketball
advertising	p l a y m c . b a b y
clean	wikipedia.wine is a bad website lol
advertising	we moved to foxcraft.channel
advertising	best server is bedwars.property
clean	the issue is tracked at medium.dev
advertising	n3th3rmc.institute
advertising	best server is junglemc.med
advertising	join bestpvp.camera
advertising	join lunarmc.do
clean	the mod is hosted on fandom.kiwi
advertising	m3gasmp.joburg
clean	their blog papermc.eu is interesting
advertising	come to icecraft.engineer
advertising	try foxcraft.nagoya
clean	i saw a thread on reddit.hughes
advertising	come play coolpvp.cafe
advertising	new server anarchy.va
clean	the changelog is at twitch.alstom
advertising	ip playmc.mango
advertising	we moved to minescape.citic
clean	wikipedia.beauty is not a minecraft site
advertising	come play icecraft.moda
advertising	b3dwars.stc
advertising	m1n3scap3.gg
clean	someone linked curseforge.xyz in a video
advertising	my server is mcserver.technology
advertising	ip coolpvp.fly
advertising	join coolpvp.suzuki
advertising	my server is skymc.domains
advertising	g0ldrush.fast
advertising	try icecraft.video
advertising	check out craftkingdom.new
advertising	everyone join opcraft.tv
advertising	come to emerald.fly
advertising	ip icecraft.vision
advertising	pvp server megasmp.gdn
clean	the docs at vimeo.sg explain it
advertising	try bestpvp.gap
advertising	server ip is junglemc.wow
advertising	everyone join goldrush.insure
advertising	try craftmoon.dubai
advertising	we moved to pvpzone.et
advertising	check out mcserver.aeg
clean	is github.ericsson down for anyone else
advertising	everyone join craftmoon.progressive
advertising	my server is emerald.vodka
advertising	play on lunarmc.maif
advertising	we moved to dragonmc.chanel
advertising	come play opcraft.xbox
advertising	hop on icecraft.netflix
advertising	pvp server anarchy.financial
clean	google it or look at planetminecraft.sb
clean	google it or look at youtube.by
advertising	m1n3scap3.farm
advertising	pvp server nethermc.discount
clean	that pastebin.msd tutorial helped
advertising	pvpz0n3.lifestyle
advertising	come play skymc.trading
clean	someone linked vimeo.theatre in a video
advertising	craftk1ngd0m.bcg
clean	papermc.forum loads slowly for me
advertising	check out funserver.weatherchannel
advertising	server ip is lunarmc.xerox
advertising	b3stpvp.wanggou
advertising	hop on mcserver.bom
clean	is modrinth.healthcare down for anyone else
advertising	m3gasmp.kiwi
advertising	ip dragonmc.bradesco
advertising	free ranks at nethermc.ally
advertising	play on coolpvp.monash
advertising	l u n a r m c . w t f
clean	that image is from reddit.taobao
clean	the changelog is at fandom.schmidt
clean	i saw a thread on github.nc
clean	check papermc.cn later
advertising	server ip is foxcraft.vanguard
advertising	try pvpzone.samsclub
advertising	jungl3mc.shop
advertising	play on craftkingdom.abbott
advertising	ip lunarmc.jetzt
clean	twitch.swiss is a bad website lol
advertising	hop on icecraft.tmall
advertising	try junglemc.reit
advertising	check out playmc.seven
advertising	best server is foxcraft.dj
clean	i found the answer on youtube.amsterdam
clean	the docs at steam.pru explain it
clean	i saw a thread on twitch.total
clean	fandom.pin is not a minecraft site
advertising	server ip is survivalcraft.farmers
advertising	play on icecraft.guge
advertising	new server playmc.icu
advertising	visit skymc.kuokgroup
advertising	funs3rv3r.komatsu
advertising	come play minescape.tui
clean	i read it on namemc.mom
clean	the issue is tracked at pastebin.hitachi
advertising	check out playmc.er
advertising	my server is megasmp.uol
advertising	server ip is bedwars.hiv
advertising	m1n3scap3.redumbrella
advertising	everyone join mcserver.blog
clean	that image is from pastebin.sexy
clean	the docs at youtube.blog explain it
clean	planetminecraft.hiv is a bad website lol
advertising	we moved to icecraft.fox
clean	the mod is hosted on github.tjx
advertising	check out icecraft.cal
advertising	visit playmc.inc
advertising	mcs3rv3r.axa
advertising	pvp server funserver.gap
advertising	check out icecraft.accenture
advertising	new server foxcraft.reit
advertising	come to lunarmc.fo
advertising	come play funserver.homedepot
advertising	hop on anarchy.cars
clean	the issue is tracked at github.tjx
advertising	pvpz0n3.sas
advertising	pvp server icecraft.bd
advertising	we moved to coolpvp.iq
advertising	funs3rv3r.free
advertising	a n a r c h y . j o b u r g
advertising	a n a r c h y . p r u
clean	the changelog is at fandom.lidl
advertising	everyone join mcserver.woodside
clean	the docs at vimeo.gi explain it
clean	i read it on stackoverflow.ltd
advertising	come to bedwars.gh
clean	their blog youtube.moi is interesting
advertising	check out minescape.gop
advertising	pvpz0n3.godaddy
advertising	b3stpvp.menu
advertising	come to minescape.dell
advertising	visit mcserver.healthcare
clean	the wiki at youtube.uno is old
advertising	0pcraft.bbva
advertising	hop on emerald.seat
advertising	come play foxcraft.ws
clean	their blog curseforge.il is interesting
advertising	come to survivalcraft.reviews
advertising	come play coolpvp.lego
advertising	hop on junglemc.sanofi
advertising	check out junglemc.mp
advertising	pvp server bestpvp.sale
clean	their blog github.nc is interesting
advertising	hop on craftkingdom.organic
advertising	free ranks at lunarmc.porn
advertising	c00lpvp.fitness
advertising	check out opcraft.pr
advertising	ip nethermc.cricket
advertising	visit emerald.airtel
advertising	pvp server opcraft.zm
advertising	ip opcraft.mba
advertising	craftk1ngd0m.organic
advertising	we moved to foxcraft.dental
advertising	funs3rv3r.sn
advertising	join craftmoon.mm
advertising	my server is emerald.beauty
advertising	server ip is craftmoon.airtel
clean	that image is from github.epson
clean	their blog reddit.is is interesting
advertising	we moved to junglemc.hiv
clean	the mod is hosted on papermc.vote
advertising	new server emerald.gallery
clean	i saw a thread on namemc.wales
advertising	ip bedwars.shell
advertising	join playmc.abbvie
advertising	come to icecraft.voto
advertising	everyone join pvpzone.diamonds
advertising	pvp server pvpzone.sx
clean	the mod is hosted on vimeo.nz
advertising	visit icecraft.pictures
advertising	free ranks at pvpzone.barcelona
advertising	m3gasmp.jaguar
advertising	looking for players at megasmp.photos
clean	that image is from spigotmc.dog
advertising	craftk1ngd0m.lpl
advertising	join opcraft.goldpoint
advertising	join nethermc.markets
clean	their blog papermc.save is interesting
advertising	come play junglemc.smile
advertising	b3stpvp.coop
advertising	try lunarmc.tunes
advertising	everyone join craftkingdom.holdings
advertising	everyone join megasmp.recipes
advertising	come play opcraft.firestone
advertising	come to anarchy.luxe
clean	their blog twitch.pictures is interesting
clean	the changelog is at steam.audible
clean	their blog pastebin.redumbrella is interesting
advertising	pvp server bestpvp.bj
advertising	my server is dragonmc.latino
clean	i found the answer on github.bestbuy
advertising	visit emerald.ls
advertising	play on junglemc.accountants
clean	curseforge.ford is not a minecraft site
advertising	my server is craftmoon.boutique
clean	i found the answer on github.teva
advertising	visit goldrush.td
advertising	we moved to skymc.abudhabi
advertising	everyone join dragonmc.equipment
advertising	check out anarchy.nikon
advertising	come to junglemc.accountants
advertising	come play bedwars.ril
advertising	hop on bedwars.tires
advertising	best server is bedwars.chintai
advertising	try foxcraft.rw
advertising	we moved to goldrush.immobilien
advertising	visit skymc.link
clean	the changelog is at modrinth.game
advertising	best server is mcserver.hot
clean	i found the answer on medium.condos
advertising	free ranks at lunarmc.broadway
advertising	check out opcraft.mba
clean	is pastebin.phd down for anyone else
advertising	join megasmp.yokohama
advertising	free ranks at foxcraft.eco
advertising	everyone join megasmp.sbs
clean	check imgur.makeup later
advertising	free ranks at coolpvp.shop
advertising	come to craftmoon.hitachi
advertising	server ip is nethermc.dj
clean	check github.solutions later
advertising	0pcraft.beer
advertising	0pcraft.abudhabi
advertising	my server is lunarmc.tvs
advertising	check out foxcraft.free
advertising	server ip is foxcraft.tax
clean	i read it on twitch.sarl
advertising	hop on coolpvp.aig
advertising	server ip is foxcraft.aw
advertising	everyone join craftmoon.app
advertising	best server is dragonmc.netbank
advertising	join dragonmc.bradesco
advertising	come play bestpvp.game
advertising	free ranks at foxcraft.aero
clean	the docs at papermc.com explain it
advertising	join minescape.rehab
advertising	new server skymc.family
advertising	server ip is megasmp.apartments
advertising	come to dragonmc.pet
advertising	my server is survivalcraft.sz
advertising	ip anarchy.financial
advertising	c00lpvp.hdfc
advertising	best server is megasmp.walmart
advertising	we moved to craftmoon.kerryproperties
clean	vimeo.buy is not a minecraft site
advertising	hop on goldrush.cf
advertising	server ip is lunarmc.guitars
advertising	check out survivalcraft.horse
advertising	we moved to craftkingdom.tiaa
advertising	craftm00n.dubai
advertising	l u n a r m c . v g
advertising	my server is coolpvp.ott
clean	i saw a thread on youtube.axa
clean	google it or look at pastebin.statefarm
advertising	free ranks at bestpvp.basketball
advertising	come play foxcraft.supplies
clean	the wiki at reddit.bingo is old
advertising	hop on anarchy.case
advertising	pvp server dragonmc.diy
advertising	my server is bestpvp.camera
advertising	come to coolpvp.phd
advertising	c00lpvp.fly
advertising	ip dragonmc.international
clean	i found the answer on spigotmc.business
clean	papermc.cba is a bad website lol
advertising	best server is lunarmc.helsinki
advertising	free ranks at emerald.win
clean	that image is from fandom.toys
clean	i read it on youtube.claims
clean	the wiki at imgur.gmo is old
advertising	g0ldrush.studio
clean	the issue is tracked at vimeo.buy
advertising	free ranks at icecraft.pf
advertising	my server is nethermc.ck
advertising	ip goldrush.rest
advertising	server ip is opcraft.mc
advertising	come play coolpvp.sz
advertising	my server is mcserver.juniper
advertising	come to icecraft.nagoya
advertising	come to craftkingdom.motorcycles
advertising	server ip is mcserver.gmail
advertising	play on pvpzone.jaguar
advertising	hop on dragonmc.mo
clean	their blog papermc.lasalle is interesting
clean	check wikipedia.baseball later
advertising	hop on lunarmc.analytics
advertising	looking for players at emerald.beauty
clean	the docs at namemc.work explain it
advertising	come play coolpvp.hdfcbank
advertising	come to lunarmc.search
clean	that youtube.by tutorial helped
advertising	try foxcraft.ceo
advertising	funs3rv3r.infiniti
advertising	3m3rald.pro
clean	is wikipedia.review down for anyone else
advertising	best server is icecraft.quest
advertising	come to coolpvp.sg
advertising	best server is craftmoon.jp
advertising	visit coolpvp.lc
advertising	my server is mcserver.anquan
advertising	hop on pvpzone.tennis
clean	check imgur.tz later
advertising	we moved to nethermc.green
advertising	try bestpvp.movie
advertising	my server is minescape.realtor
advertising	check out icecraft.ne
advertising	everyone join craftmoon.nab
advertising	try megasmp.jcb
advertising	try nethermc.olayan
advertising	come to anarchy.song
advertising	pvp server opcraft.praxi
advertising	join playmc.swiss
advertising	we moved to craftkingdom.bz
clean	the wiki at vimeo.theatre is old
clean	the mod is hosted on fandom.photo
advertising	n3th3rmc.ck
advertising	we moved to opcraft.gw
advertising	hop on icecraft.fox
advertising	come play pvpzone.toyota
advertising	free ranks at playmc.mz
advertising	n3th3rmc.kw
advertising	l u n a r m c . c o m
advertising	we moved to goldrush.zone
clean	is twitch.baidu down for anyone else
advertising	new server foxcraft.pn
advertising	server ip is megasmp.wine
advertising	server ip is bestpvp.cy
advertising	play on minescape.il
advertising	looking for players at craftmoon.fido
advertising	looking for players at icecraft.video
advertising	try emerald.lol
clean	the mod is hosted on reddit.nab
advertising	c00lpvp.toys
clean	is pastebin.toshiba down for anyone else
clean	someone linked planetminecraft.apartments in a video
advertising	play on minescape.barcelona
advertising	b3dwars.institute
advertising	pvp server emerald.gl
advertising	server ip is craftmoon.hotmail
advertising	pvp server foxcraft.pn
advertising	free ranks at emerald.us
advertising	looking for players at survivalcraft.merckmsd
advertising	looking for players at coolpvp.diamonds
advertising	f0xcraft.ag
advertising	come play anarchy.ooo
advertising	we moved to pvpzone.istanbul
advertising	join mcserver.cologne
advertising	play on emerald.esq
advertising	pvpz0n3.cu
advertising	my server is emerald.mattel
advertising	join skymc.abudhabi
clean	their blog fandom.sc is interesting
advertising	pvpz0n3.bi
advertising	m3gasmp.insurance
advertising	we moved to bestpvp.gap
advertising	b3dwars.degree
clean	the mod is hosted on modrinth.movie
clean	that steam.me tutorial helped
advertising	we moved to emerald.george
clean	i read it on papermc.mtr
advertising	come play bedwars.mv
advertising	pvp server pvpzone.jnj
advertising	join icecraft.tui
advertising	server ip is craftmoon.media
clean	the docs at medium.lol explain it
advertising	looking for players at survivalcraft.gbiz
advertising	come to coolpvp.rugby
advertising	looking for players at icecraft.cool
advertising	new server coolpvp.airbus
advertising	b3dwars.fedex
advertising	free ranks at craftmoon.kim
advertising	ip bestpvp.soccer
advertising	we moved to minescape.dish
clean	that fandom.ht tutorial helped
advertising	my server is craftkingdom.itv
advertising	c00lpvp.compare
clean	someone linked steam.me in a video
advertising	we moved to nethermc.stream
advertising	looking for players at icecraft.nec
advertising	server ip is funserver.lamer
advertising	best server is goldrush.moscow
clean	that papermc.bb tutorial helped
advertising	come play mcserver.supply
advertising	pvp server funserver.mg
clean	the issue is tracked at spigotmc.realty
advertising	pvp server funserver.dnp
advertising	looking for players at lunarmc.tk
advertising	we moved to lunarmc.mr
advertising	new server minescape.law
advertising	looking for players at junglemc.cam
advertising	everyone join minescape.auto
advertising	g0ldrush.domains
clean	planetminecraft.pars loads slowly for me
advertising	we moved to opcraft.citi
advertising	my server is playmc.pay
advertising	we moved to bestpvp.ngo
clean	is planetminecraft.apartments down for anyone else
advertising	my server is minescape.blue
clean	their blog modrinth.suzuki is interesting
advertising	we moved to survivalcraft.drive
advertising	hop on minescape.party
clean	papermc.re is not a minecraft site
advertising	ip opcraft.productions
advertising	check out pvpzone.associates
advertising	server ip is craftkingdom.tz
advertising	best server is craftmoon.barefoot
clean	the issue is tracked at medium.yoga
advertising	hop on playmc.so
advertising	my server is skymc.km
advertising	pvp server icecraft.salon
advertising	come to bedwars.ua
advertising	hop on opcraft.nissan
advertising	mcs3rv3r.bcg
advertising	funs3rv3r.lefrak
advertising	everyone join anarchy.banamex
advertising	my server is dragonmc.equipment
advertising	ip junglemc.loans
clean	someone linked imgur.bible in a video
clean	fandom.nl is not a minecraft site
advertising	come play foxcraft.vanguard
clean	the docs at namemc.microsoft explain it
advertising	new server craftmoon.ntt
advertising	pvp server junglemc.as
advertising	try opcraft.baidu
advertising	visit nethermc.ml
advertising	visit playmc.mk
clean	the mod is hosted on steam.corsica
advertising	hop on bestpvp.af
clean	that image is from planetminecraft.pwc
advertising	best server is emerald.mini
advertising	check out survivalcraft.sl
clean	their blog pastebin.ing is interesting
advertising	drag0nmc.ist
clean	the changelog is at modrinth.fun
advertising	we moved to icecraft.accenture
advertising	my server is bedwars.nextdirect
clean	the changelog is at steam.netbank
advertising	best server is emerald.kred
clean	i found the answer on steam.hockey
advertising	come play craftmoon.recipes
advertising	pvp server mcserver.town
advertising	free ranks at dragonmc.alsace
advertising	try icecraft.rehab
advertising	server ip is foxcraft.save
advertising	jungl3mc.wiki
clean	the docs at twitch.gift explain it
clean	planetminecraft.gm is a bad website lol
advertising	b3dwars.sanofi
advertising	ip goldrush.ong
advertising	hop on megasmp.safety
advertising	free ranks at playmc.homegoods
advertising	visit lunarmc.xerox
clean	github.catholic is a bad website lol
advertising	server ip is craftmoon.dds
advertising	join skymc.beauty
advertising	pvp server craftmoon.dog
clean	the issue is tracked at steam.afl
advertising	b3dwars.ieee
clean	i found the answer on papermc.cfa
advertising	my server is opcraft.reisen
advertising	check out megasmp.football
advertising	pvpz0n3.abb
advertising	come to skymc.stcgroup
advertising	looking for players at dragonmc.latino
advertising	hop on survivalcraft.pt
advertising	craftm00n.km
advertising	a n a r c h y . h y u n d a i
advertising	looking for players at lunarmc.windows
advertising	p l a y m c . a q
advertising	play on bestpvp.md
advertising	mcs3rv3r.sharp
clean	the docs at stackoverflow.ltd explain it
clean	that namemc.show tutorial helped
advertising	join funserver.cu
clean	the docs at youtube.music explain it
advertising	we moved to coolpvp.page
advertising	hop on playmc.beats
clean	the issue is tracked at curseforge.christmas
clean	that image is from wikipedia.tattoo
clean	i read it on curseforge.capitalone
clean	i read it on curseforge.gold
advertising	pvp server funserver.android
advertising	b3dwars.delivery
clean	the changelog is at stackoverflow.fire
clean	the issue is tracked at wikipedia.review
clean	the wiki at steam.barclaycard is old
clean	the mod is hosted on steam.prudential
advertising	visit anarchy.neustar
clean	the wiki at github.coach is old
advertising	come play survivalcraft.florist
advertising	free ranks at foxcraft.gp
advertising	my server is bestpvp.limo
advertising	ip mcserver.ferrari
advertising	everyone join foxcraft.ng
advertising	best server is emerald.beauty
advertising	ip megasmp.in
advertising	new server mcserver.juniper
advertising	pvpz0n3.fm
advertising	new server mcserver.dealer
advertising	visit icecraft.cards
clean	curseforge.online loads slowly for me
advertising	new server craftkingdom.app
clean	namemc.dvag loads slowly for me
advertising	ip junglemc.fitness
advertising	pvp server mcserver.erni
advertising	b3stpvp.bnpparibas
advertising	c00lpvp.tt
advertising	come to minescape.alibaba
advertising	join funserver.gea
advertising	ip goldrush.exposed
advertising	ip goldrush.bw
advertising	best server is pvpzone.target
clean	is steam.zw down for anyone else
advertising	server ip is opcraft.bargains
advertising	try nethermc.xerox
advertising	c00lpvp.vana
advertising	my server is foxcraft.vanguard
clean	their blog steam.kred is interesting
clean	the changelog is at fandom.to
advertising	join foxcraft.country
clean	the mod is hosted on fandom.nissan
advertising	looking for players at opcraft.landrover
advertising	play on bedwars.erni
advertising	come play playmc.golf
clean	someone linked imgur.monash in a video
advertising	craftk1ngd0m.leclerc
clean	the mod is hosted on planetminecraft.youtube
advertising	hop on coolpvp.degree
advertising	drag0nmc.marriott
advertising	visit craftkingdom.rogers
advertising	pvp server bestpvp.sling
advertising	hop on survivalcraft.aws
advertising	ip nethermc.democrat
advertising	hop on dragonmc.cg
advertising	my server is mcserver.holiday
advertising	ip junglemc.np
advertising	pvp server icecraft.jewelry
advertising	b3stpvp.frontier
advertising	visit craftmoon.lidl
advertising	free ranks at pvpzone.aq
advertising	my server is emerald.mini
advertising	come to dragonmc.paris
advertising	come to anarchy.desi
clean	i read it on youtube.abb
advertising	visit minescape.msd
advertising	c00lpvp.community
advertising	b3dwars.tires
clean	is modrinth.restaurant down for anyone else
advertising	try minescape.build
advertising	server ip is coolpvp.dad
advertising	free ranks at pvpzone.credit
advertising	come play minescape.alibaba
clean	their blog reddit.tw is interesting
clean	spigotmc.pccw loads slowly for me
advertising	join coolpvp.dad
advertising	craftm00n.icu
advertising	come play funserver.cu
advertising	hop on coolpvp.bo
clean	papermc.cba is not a minecraft site
advertising	ip icecraft.cn
advertising	m1n3scap3.irish
clean	youtube.family loads slowly for me
advertising	free ranks at mcserver.holiday
clean	i read it on youtube.lacaixa
advertising	b3dwars.xin
clean	their blog spigotmc.voting is interesting
clean	i found the answer on imgur.hermes
advertising	my server is megasmp.recipes
advertising	visit emerald.jeep
advertising	join minescape.er
advertising	3m3rald.ott
advertising	join icecraft.repair
advertising	everyone join goldrush.ve
advertising	ip playmc.hermes
clean	the mod is hosted on wikipedia.kerryproperties
advertising	check out craftmoon.aeg
clean	someone linked curseforge.gallo in a video
advertising	try bedwars.arpa
advertising	surv1valcraft.forum
advertising	come to icecraft.jobs
clean	someone linked vimeo.dm in a video
clean	their blog pastebin.target is interesting
advertising	we moved to icecraft.delta
advertising	pvp server coolpvp.bbt
advertising	ip mcserver.crown
advertising	check out coolpvp.hdfc
advertising	we moved to bedwars.name
clean	the issue is tracked at fandom.ott
advertising	visit lunarmc.yachts
advertising	server ip is goldrush.ee
clean	papermc.watches is not a minecraft site
advertising	3m3rald.furniture
advertising	b3stpvp.yachts
advertising	we moved to lunarmc.games
advertising	come to mcserver.deal
clean	curseforge.miami is a bad website lol
advertising	play on playmc.sb
advertising	check out goldrush.markets
clean	youtube.clinique loads slowly for me
advertising	m3gasmp.cw
clean	someone linked spigotmc.surgery in a video
advertising	we moved to bedwars.hyatt
advertising	come to pvpzone.alibaba
advertising	3m3rald.black
advertising	try playmc.read
advertising	server ip is pvpzone.alibaba
advertising	g0ldrush.fish
clean	i saw a thread on steam.barclaycard
clean	i read it on fandom.sm
advertising	play on megasmp.bms
advertising	we moved to skymc.phone
advertising	visit survivalcraft.one
advertising	come to minescape.party
clean	the changelog is at papermc.coupons
advertising	hop on minescape.glass
advertising	my server is pvpzone.va
advertising	everyone join coolpvp.scb
advertising	server ip is foxcraft.free
advertising	come to megasmp.car
clean	spigotmc.tkmaxx is a bad website lol
clean	spigotmc.ventures is not a minecraft site
advertising	s k y m c . m o m
clean	that fandom.diet tutorial helped
clean	the docs at github.gh explain it
advertising	try anarchy.tokyo
advertising	hop on opcraft.gw
advertising	0pcraft.living
advertising	free ranks at funserver.vu
clean	that image is from stackoverflow.dhl
advertising	come to pvpzone.allstate
clean	google it or look at stackoverflow.basketball
advertising	everyone join funserver.bmw
advertising	best server is icecraft.ge
advertising	visit craftmoon.leclerc
clean	i found the answer on planetminecraft.moto
advertising	looking for players at goldrush.cymru
clean	the wiki at wikipedia.homedepot is old
advertising	check out megasmp.lgbt
advertising	come to mcserver.coffee
advertising	join goldrush.vote
advertising	looking for players at nethermc.bbc
advertising	m1n3scap3.ms
advertising	we moved to nethermc.london
advertising	hop on skymc.yt
advertising	free ranks at playmc.de
advertising	join nethermc.realty
clean	the wiki at modrinth.williamhill is old
clean	their blog steam.realestate is interesting
advertising	my server is foxcraft.gp
advertising	looking for players at pvpzone.host
clean	is steam.yamaxun down for anyone else
advertising	best server is survivalcraft.cx
advertising	free ranks at funserver.ferrero
clean	reddit.politie loads slowly for me
clean	someone linked steam.memorial in a video
advertising	everyone join foxcraft.nagoya
clean	pastebin.tr is a bad website lol
advertising	hop on nethermc.lego
advertising	1c3craft.bz
advertising	check out lunarmc.cd
advertising	new server icecraft.sr
advertising	come to emerald.rexroth
advertising	pvp server bestpvp.film
clean	the docs at namemc.cymru explain it
advertising	hop on pvpzone.target
advertising	looking for players at dragonmc.philips
clean	namemc.gripe is a bad website lol
advertising	check out coolpvp.ott
advertising	everyone join playmc.berlin
advertising	new server coolpvp.museum
advertising	play on opcraft.icbc
advertising	craftm00n.mil
clean	google it or look at steam.si
clean	that vimeo.zone tutorial helped
advertising	pvp server lunarmc.gq
clean	the wiki at twitch.weather is old
clean	the wiki at namemc.kfh is old
clean	i saw a thread on papermc.quebec
advertising	ip emerald.pe
advertising	we moved to anarchy.guitars
advertising	ip playmc.pink
advertising	we moved to craftmoon.gdn
advertising	free ranks at coolpvp.eus
advertising	looking for players at funserver.sg
advertising	come play opcraft.amazon
clean	the docs at papermc.kpmg explain it
advertising	my server is survivalcraft.florist
clean	the changelog is at papermc.cn
clean	is spigotmc.jnj down for anyone else
advertising	ip funserver.free
advertising	come to survivalcraft.ch
advertising	f0xcraft.save
advertising	check out skymc.select
advertising	l u n a r m c . c a p i t a l
advertising	free ranks at playmc.pink
advertising	free ranks at junglemc.ws
advertising	craftk1ngd0m.panasonic
advertising	free ranks at dragonmc.cards
clean	steam.tui is a bad website lol
advertising	try bedwars.charity
advertising	hop on junglemc.gi
clean	is imgur.ups down for anyone else
advertising	we moved to junglemc.tel
advertising	free ranks at pvpzone.design
advertising	3m3rald.eat
advertising	everyone join junglemc.nissan
advertising	server ip is nethermc.supply
advertising	pvpz0n3.sv
clean	stackoverflow.woodside loads slowly for me
advertising	come to coolpvp.cm
advertising	server ip is bedwars.cba
advertising	my server is icecraft.pohl
advertising	new server opcraft.anz
advertising	1c3craft.pm
advertising	come to foxcraft.gm
advertising	join minescape.lotto
advertising	check out emerald.education
advertising	we moved to craftkingdom.report
advertising	join megasmp.cw
clean	the wiki at namemc.blackfriday is old
clean	i read it on namemc.discount
advertising	my server is icecraft.webcam
advertising	my server is craftkingdom.vn
advertising	free ranks at craftkingdom.chase
advertising	free ranks at icecraft.nec
clean	that image is from steam.contractors
advertising	0pcraft.pr
advertising	everyone join bestpvp.tt
clean	that image is from curseforge.gold
advertising	new server nethermc.organic
advertising	pvp server mcserver.rs
clean	steam.xxx is a bad website lol
advertising	n3th3rmc.london
advertising	jungl3mc.chrome
clean	that steam.alipay tutorial helped
advertising	new server survivalcraft.amsterdam
advertising	we moved to anarchy.hyundai
advertising	visit funserver.movie
advertising	looking for players at minescape.film
advertising	play on megasmp.apartments
clean	the docs at youtube.marketing explain it
advertising	b3dwars.moe
advertising	s k y m c . d m
advertising	everyone join mcserver.lacaixa
advertising	new server junglemc.ws
clean	someone linked reddit.party in a video
advertising	new server coolpvp.ollo
advertising	hop on opcraft.ax
advertising	we moved to dragonmc.city
advertising	n3th3rmc.ninja
advertising	come play craftmoon.to
advertising	s k y m c . r o g e r s
advertising	best server is craftmoon.nz
advertising	mcs3rv3r.lacaixa
clean	their blog namemc.style is interesting
advertising	check out coolpvp.kpmg
clean	is papermc.soy down for anyone else
advertising	try junglemc.pa
advertising	free ranks at anarchy.play
advertising	check out goldrush.verisign
advertising	ip minescape.alibaba
advertising	come to bestpvp.by
clean	i saw a thread on youtube.country
advertising	join craftkingdom.ac
advertising	my server is coolpvp.man
advertising	hop on megasmp.jaguar
advertising	check out craftkingdom.staples
advertising	pvp server bestpvp.green
advertising	1c3craft.tui
clean	google it or look at fandom.lotto
advertising	play on anarchy.dance
clean	the issue is tracked at vimeo.ao
clean	the wiki at imgur.rent is old
advertising	come play megasmp.tkmaxx
clean	i found the answer on namemc.discount
advertising	new server opcraft.tjx
advertising	we moved to goldrush.dz
advertising	come play survivalcraft.tools
advertising	join playmc.jot
advertising	ip mcserver.productions
clean	youtube.dish is a bad website lol
advertising	free ranks at funserver.box
advertising	m1n3scap3.chase
advertising	ip minescape.theatre
advertising	b3dwars.restaurant
advertising	check out skymc.clinique
advertising	free ranks at lunarmc.mq
clean	the wiki at stackoverflow.mtn is old
clean	that image is from fandom.dot
advertising	looking for players at funserver.pa
advertising	m3gasmp.caravan
advertising	my server is megasmp.jm
advertising	hop on skymc.online
advertising	3m3rald.best
advertising	l u n a r m c . g s
clean	check reddit.ink later
advertising	free ranks at icecraft.style
advertising	play on dragonmc.hiphop
advertising	try lunarmc.shoes
advertising	play on megasmp.kiwi
advertising	my server is icecraft.watch
advertising	looking for players at skymc.furniture
advertising	pvp server icecraft.weber
advertising	my server is mcserver.axa
advertising	p l a y m c . w i l l i a m h i l l
advertising	n3th3rmc.green
advertising	come to anarchy.pfizer
clean	that image is from steam.ads
advertising	pvp server junglemc.monster
advertising	ip playmc.baby
advertising	play on playmc.by
advertising	best server is anarchy.abbott
advertising	play on pvpzone.spa
clean	the docs at planetminecraft.gm explain it
advertising	visit dragonmc.pars
clean	i read it on fandom.amica
advertising	we moved to emerald.cheap
advertising	pvpz0n3.tennis
advertising	server ip is megasmp.select
clean	the issue is tracked at stackoverflow.bt
clean	the issue is tracked at youtube.mba
advertising	come play craftkingdom.dtv
advertising	hop on junglemc.chrome
advertising	pvp server dragonmc.ga
advertising	1c3craft.delta
advertising	we moved to skymc.dm
advertising	play on nethermc.bbc
clean	the mod is hosted on steam.intuit
advertising	visit craftmoon.au
advertising	hop on survivalcraft.mitsubishi
advertising	m1n3scap3.autos
advertising	best server is junglemc.fit
advertising	try lunarmc.itau
advertising	join craftmoon.temasek
advertising	best server is emerald.delivery
advertising	check out coolpvp.luxury
advertising	free ranks at emerald.pk
advertising	new server coolpvp.hkt
clean	i found the answer on youtube.contact
advertising	new server opcraft.camp
clean	github.uz is a bad website lol
advertising	come to nethermc.consulting
advertising	1c3craft.secure
advertising	pvp server bedwars.restaurant
advertising	everyone join goldrush.studio
advertising	n3th3rmc.supply
advertising	ip mcserver.saxo
advertising	ip playmc.poker
clean	the docs at papermc.mr explain it
advertising	craftk1ngd0m.plumbing
advertising	pvp server skymc.doctor
advertising	come play survivalcraft.gives
advertising	visit minescape.bo
advertising	1c3craft.video
clean	someone linked namemc.fidelity in a video
advertising	looking for players at mcserver.bauhaus
advertising	n3th3rmc.democrat
advertising	join bedwars.gifts
advertising	ip playmc.photography
advertising	ip playmc.rich
advertising	best server is pvpzone.cf
advertising	best server is foxcraft.fan
clean	papermc.tunes is not a minecraft site
advertising	we moved to icecraft.ml
clean	the issue is tracked at modrinth.shell
advertising	visit foxcraft.country
clean	the changelog is at twitch.here
advertising	best server is pvpzone.fm
advertising	best server is lunarmc.koeln
advertising	craftk1ngd0m.cooking
clean	check steam.azure later
advertising	g0ldrush.kids
advertising	pvp server minescape.tui
advertising	my server is icecraft.llp
advertising	best server is skymc.th
advertising	play on anarchy.fidelity
advertising	new server playmc.tci
advertising	pvp server bedwars.gh
advertising	play on megasmp.charity
advertising	b3dwars.mv
advertising	play on survivalcraft.partners
advertising	visit minescape.audi
advertising	come play craftkingdom.kpn
clean	twitch.safety is a bad website lol
advertising	come play funserver.box
advertising	try craftkingdom.zone
advertising	best server is mcserver.schule
advertising	pvp server opcraft.jll
clean	the docs at fandom.capital explain it
advertising	try dragonmc.om
advertising	play on funserver.boston
advertising	server ip is nethermc.mh
advertising	craftm00n.dds
clean	that wikipedia.baseball tutorial helped
clean	that image is from modrinth.luxury
advertising	everyone join bedwars.hotmail
advertising	try icecraft.kfh
advertising	check out goldrush.dating
advertising	we moved to megasmp.coupon
advertising	pvp server junglemc.jp
advertising	3m3rald.us
advertising	my server is megasmp.deals
advertising	free ranks at coolpvp.partners
advertising	hop on pvpzone.spa
clean	imgur.uol is not a minecraft site
advertising	f0xcraft.reit
advertising	we moved to bedwars.wtc
advertising	come to goldrush.abogado
advertising	come to minescape.ga
advertising	come to nethermc.food
advertising	pvpz0n3.tc
advertising	visit megasmp.pccw
advertising	n3th3rmc.media
advertising	play on opcraft.swiss
advertising	check out survivalcraft.bn
advertising	my server is anarchy.ooo
clean	is twitch.safety down for anyone else
advertising	looking for players at bedwars.new
advertising	jungl3mc.gallo
advertising	pvp server craftmoon.bike
clean	the wiki at fandom.fit is old
clean	is github.play down for anyone else
advertising	ip bestpvp.bj
clean	i found the answer on curseforge.plus
advertising	join bedwars.ua
advertising	visit lunarmc.mma
clean	i saw a thread on github.sakura
advertising	visit skymc.tr
advertising	funs3rv3r.pohl
clean	check stackoverflow.cc later
advertising	drag0nmc.pw
advertising	check out funserver.cr
advertising	play on lunarmc.edeka
clean	google it or look at namemc.pub
clean	the wiki at spigotmc.surf is old
clean	the docs at papermc.tf explain it
advertising	come play survivalcraft.aarp
advertising	best server is coolpvp.company
advertising	play on lunarmc.helsinki
clean	their blog vimeo.rentals is interesting
advertising	new server junglemc.fire
advertising	0pcraft.sm
advertising	craftm00n.lidl
advertising	best server is opcraft.tv
advertising	try pvpzone.cu
advertising	pvp server anarchy.play
advertising	free ranks at nethermc.discount
advertising	pvp server megasmp.sv
advertising	join opcraft.bargains
clean	the docs at wikipedia.bg explain it
clean	the issue is tracked at modrinth.locus
clean	google it or look at modrinth.gov
advertising	g0ldrush.moscow
advertising	everyone join playmc.post
advertising	new server junglemc.lds
advertising	join funserver.bb
advertising	everyone join craftkingdom.no
advertising	we moved to lunarmc.codes
clean	vimeo.top is a bad website lol
clean	the docs at vimeo.shia explain it
clean	that stackoverflow.basketball tutorial helped
clean	the issue is tracked at youtube.ikano
advertising	best server is megasmp.how
advertising	funs3rv3r.sale
clean	the mod is hosted on wikipedia.yun
clean	imgur.tatamotors is a bad website lol
clean	fandom.to loads slowly for me
advertising	c00lpvp.biz
advertising	ip survivalcraft.tattoo
clean	github.bzh is not a minecraft site
advertising	my server is craftkingdom.reviews
advertising	new server icecraft.equipment
clean	i found the answer on curseforge.management
advertising	we moved to emerald.ly
advertising	best server is goldrush.ve
advertising	everyone join foxcraft.spot
advertising	everyone join playmc.sd
clean	google it or look at twitch.glass
clean	the docs at namemc.mlb explain it
clean	planetminecraft.diy loads slowly for me
advertising	try craftkingdom.run
advertising	mcs3rv3r.hitachi
advertising	pvp server megasmp.book
advertising	come play pvpzone.promo
advertising	server ip is foxcraft.cfd
advertising	try craftkingdom.rip
advertising	come to bestpvp.yachts
advertising	join icecraft.americanfamily
advertising	hop on funserver.android
advertising	looking for players at opcraft.icbc
advertising	everyone join opcraft.melbourne
advertising	server ip is bestpvp.taobao
advertising	funs3rv3r.travelers
advertising	best server is lunarmc.wtc
clean	papermc.imdb is a bad website lol
advertising	server ip is emerald.accountant
advertising	g0ldrush.irish
advertising	my server is icecraft.sex
advertising	p l a y m c . r o d e o
clean	stackoverflow.bike is a bad website lol
advertising	everyone join anarchy.ltd
advertising	hop on bedwars.afl
advertising	pvp server bedwars.wed
advertising	try funserver.open
clean	the mod is hosted on papermc.forum
advertising	funs3rv3r.toshiba
clean	the changelog is at stackoverflow.lr
advertising	hop on lunarmc.wtf
advertising	ip mcserver.blog
advertising	looking for players at pvpzone.cat
advertising	check out craftkingdom.pn
clean	check spigotmc.voyage later
advertising	server ip is icecraft.boats
advertising	free ranks at coolpvp.tt
advertising	come play skymc.flights
clean	the issue is tracked at planetminecraft.clubmed
clean	their blog spigotmc.volvo is interesting
advertising	check out megasmp.bms
clean	check twitch.eat later
advertising	visit megasmp.mom
advertising	new server foxcraft.tax
advertising	free ranks at lunarmc.scb
advertising	join bedwars.wtc
advertising	new server junglemc.as
advertising	check out bestpvp.hr
advertising	new server coolpvp.mango
advertising	my server is mcserver.ky
advertising	drag0nmc.gr
clean	i saw a thread on namemc.km
advertising	visit minescape.solar
advertising	come play megasmp.photos
advertising	play on bestpvp.gap
advertising	new server foxcraft.viking
clean	i read it on youtube.ubank
clean	the issue is tracked at github.coach
advertising	play on mcserver.zip
advertising	play on craftkingdom.hair
clean	i read it on papermc.istanbul
advertising	ip foxcraft.hospital
advertising	come to anarchy.tatar
advertising	p l a y m c . e c o
advertising	pvp server icecraft.holdings
advertising	new server pvpzone.wales
advertising	surv1valcraft.cx
advertising	server ip is craftmoon.hitachi
clean	vimeo.spa is a bad website lol
advertising	new server goldrush.ge
advertising	come to icecraft.express
advertising	hop on lunarmc.faith
advertising	looking for players at nethermc.tips
advertising	check out icecraft.fox
advertising	come play bedwars.nowruz
advertising	pvp server goldrush.qpon
advertising	try foxcraft.ws
clean	their blog curseforge.travelers is interesting
advertising	come to playmc.living
advertising	check out emerald.bt
clean	i read it on pastebin.chintai
advertising	free ranks at bestpvp.science
advertising	pvpz0n3.samsung
advertising	everyone join emerald.land
advertising	server ip is pvpzone.tips
advertising	server ip is icecraft.here
advertising	my server is megasmp.photos
advertising	come to megasmp.aetna
advertising	surv1valcraft.hamburg
advertising	come play bestpvp.coop
advertising	come to bestpvp.yamaxun
advertising	everyone join craftmoon.weibo
advertising	looking for players at opcraft.pr
advertising	pvpz0n3.al
advertising	hop on pvpzone.abb
clean	medium.cam loads slowly for me
advertising	hop on funserver.city
advertising	n3th3rmc.broker
advertising	come to funserver.epson
advertising	we moved to pvpzone.cars
advertising	3m3rald.edeka
advertising	come play anarchy.sk
clean	check imgur.yokohama later
advertising	0pcraft.mba
advertising	come to emerald.rodeo
advertising	check out playmc.so
advertising	best server is pvpzone.gmo
clean	i found the answer on medium.lanxess
advertising	pvp server foxcraft.ubs
clean	imgur.makeup loads slowly for me
advertising	craftk1ngd0m.holdings
advertising	free ranks at lunarmc.uy
clean	the docs at spigotmc.mn explain it
advertising	hop on survivalcraft.ski
clean	i saw a thread on reddit.bingo
advertising	play on coolpvp.biz
advertising	best server is survivalcraft.norton
advertising	new server skymc.tickets
clean	that steam.berlin tutorial helped
advertising	check out survivalcraft.amsterdam
advertising	come to funserver.bmw
clean	fandom.statebank is a bad website lol
advertising	ip junglemc.shouji
advertising	we moved to playmc.hermes
clean	check fandom.gle later
clean	the issue is tracked at modrinth.ltda
advertising	try emerald.cheap
advertising	come play goldrush.fans
clean	check pastebin.services later
advertising	f0xcraft.beer
advertising	best server is dragonmc.capitalone
advertising	server ip is survivalcraft.partners
advertising	b3dwars.hotmail
advertising	server ip is pvpzone.gift
advertising	looking for players at craftmoon.firmdale
clean	that github.rodeo tutorial helped
advertising	0pcraft.audible
clean	i found the answer on youtube.claims
advertising	new server goldrush.fans
advertising	join megasmp.vet
advertising	come play dragonmc.show
advertising	we moved to skymc.bg
advertising	surv1valcraft.click
advertising	come to emerald.prof
advertising	l u n a r m c . k o e l n
advertising	free ranks at bedwars.yokohama
advertising	check out bedwars.es
clean	the issue is tracked at twitch.olayangroup
advertising	best server is playmc.pictures
advertising	ip icecraft.moto
clean	google it or look at medium.juniper
advertising	ip anarchy.tokyo
clean	the wiki at medium.digital is old
clean	that pastebin.rw tutorial helped
advertising	pvp server junglemc.pink
advertising	f0xcraft.brussels
clean	that namemc.cloud tutorial helped
clean	curseforge.quest is a bad website lol
advertising	new server playmc.press
advertising	best server is junglemc.lr
advertising	come play goldrush.sucks
clean	github.coach loads slowly for me
advertising	new server coolpvp.tdk
advertising	a n a r c h y . c r e d i t u n i o n
clean	check github.company later
advertising	free ranks at craftmoon.cloud
advertising	jungl3mc.accountants
advertising	ip junglemc.lilly
clean	their blog papermc.holdings is interesting
clean	is wikipedia.fly down for anyone else
advertising	play on bedwars.discount
clean	imgur.frl is a bad website lol
advertising	we moved to craftmoon.aw
clean	i read it on planetminecraft.ag
clean	stackoverflow.xbox loads slowly for me
advertising	hop on foxcraft.plus
clean	the mod is hosted on spigotmc.hair
clean	the wiki at curseforge.hyatt is old
advertising	pvp server opcraft.beer
advertising	f0xcraft.krd
clean	their blog planetminecraft.mm is interesting
advertising	ip lunarmc.storage
clean	the mod is hosted on namemc.sale
clean	someone linked fandom.cbre in a video
advertising	visit foxcraft.cbre
advertising	come play goldrush.dz
advertising	pvp server craftmoon.so
clean	that youtube.clinique tutorial helped
clean	stackoverflow.aaa is a bad website lol
advertising	g0ldrush.shoes
advertising	new server funserver.ba
advertising	visit funserver.scot
clean	is twitch.secure down for anyone else
advertising	my server is foxcraft.farm
advertising	p l a y m c . m z
advertising	everyone join lunarmc.kerryproperties
advertising	come to coolpvp.lasalle
clean	someone linked papermc.tf in a video
advertising	come play playmc.fail
advertising	free ranks at nethermc.gucci
advertising	join bestpvp.wtf
advertising	best server is pvpzone.my
advertising	hop on skymc.tw
advertising	free ranks at bedwars.town
advertising	c00lpvp.sarl
advertising	come play foxcraft.gripe
clean	the changelog is at papermc.lpl
advertising	my server is foxcraft.cbre
clean	that curseforge.reliance tutorial helped
advertising	join nethermc.ck
advertising	server ip is coolpvp.progressive
advertising	my server is anarchy.creditunion
advertising	come play pvpzone.ua
advertising	check out foxcraft.reit
advertising	g0ldrush.you
clean	check namemc.show later
clean	stackoverflow.foundation is a bad website lol
advertising	play on craftkingdom.mormon
advertising	we moved to junglemc.webcam
clean	the mod is hosted on medium.observer
advertising	play on craftmoon.icu
advertising	come to skymc.mobile
clean	someone linked curseforge.gt in a video
advertising	check out survivalcraft.protection
clean	the docs at planetminecraft.origins explain it
advertising	join coolpvp.engineer
advertising	everyone join bedwars.philips
clean	the wiki at planetminecraft.grocery is old
advertising	new server nethermc.able
clean	the docs at namemc.cloud explain it
advertising	server ip is coolpvp.locus
advertising	come play anarchy.ci
clean	is stackoverflow.ie down for anyone else
advertising	pvp server skymc.microsoft
advertising	a n a r c h y . r y u k y u
advertising	ip lunarmc.com
advertising	hop on coolpvp.estate
advertising	pvp server emerald.desi
clean	the wiki at wikipedia.kpn is old
clean	steam.yandex is not a minecraft site
advertising	come play playmc.berlin
advertising	hop on bestpvp.pid
advertising	everyone join megasmp.spa
clean	check youtube.dentist later
advertising	join lunarmc.shiksha
advertising	play on opcraft.zero
advertising	b3stpvp.hr
advertising	my server is playmc.travelersinsurance
advertising	we moved to playmc.frontier
advertising	server ip is dragonmc.directory
clean	the issue is tracked at reddit.repair
advertising	pvpz0n3.jaguar
advertising	g0ldrush.insure
